age,race,filename,split
30,1,30_0_1_20170113012632385.jpg,train
1,3,1_1_3_20161219224458872.jpg,train
23,0,23_1_0_20170112234310143.jpg,train
34,1,34_1_1_20170117015521760.jpg,train
28,0,28_1_0_20170117122001989.jpg,train
39,0,39_0_0_20170104201949978.jpg,train
26,2,26_1_2_20170105161510388.jpg,train
24,2,24_1_2_20170116174805466.jpg,train
36,0,36_0_0_20170105163417082.jpg,train
39,0,39_1_0_20170103183656003.jpg,train
6,0,6_1_0_20170104005600943.jpg,train
32,0,32_1_0_20170109141918401.jpg,train
23,4,23_1_4_20161223230008236.jpg,train
30,0,30_0_0_20170117142922282.jpg,train
35,0,35_0_0_20170117143217969.jpg,train
30,4,30_0_4_20170117202914440.jpg,train
36,1,36_1_1_20170116163956549.jpg,train
1,3,1_1_3_20161219230239192.jpg,train
24,0,24_1_0_20170105183445456.jpg,train
1,2,1_1_2_20161219195630371.jpg,train
54,0,54_1_0_20170104235238436.jpg,train
32,1,32_0_1_20170113151546423.jpg,train
31,3,31_1_3_20170104223106921.jpg,train
1,3,1_1_3_20161219230734016.jpg,train
58,0,58_0_0_20170111171747501.jpg,train
55,0,55_0_0_20170113185136832.jpg,train
26,1,26_0_1_20170113182724502.jpg,train
85,0,85_1_0_20170110155144403.jpg,train
67,0,67_0_0_20170104023306558.jpg,train
26,1,26_1_1_20170113000114594.jpg,train
29,1,29_0_1_20170117180836731.jpg,train
25,4,25_0_4_20170103233741427.jpg,train
16,0,16_0_0_20170110232111509.jpg,train
28,1,28_1_1_20170112231943575.jpg,train
25,0,25_1_0_20170109214731480.jpg,train
28,3,28_0_3_20170109002910810.jpg,train
1,3,1_1_3_20161219225504048.jpg,train
26,4,26_0_4_20170103235328516.jpg,train
26,3,26_1_3_20170119192140100.jpg,train
9,0,9_0_0_20170110215848132.jpg,train
9,0,9_0_0_20170110220237634.jpg,train
58,0,58_0_0_20170117173237872.jpg,train
36,1,36_1_1_20170117135857248.jpg,train
4,2,4_1_2_20161219160926294.jpg,train
26,3,26_0_3_20170104230424841.jpg,train
65,1,65_0_1_20170117162906228.jpg,train
39,0,39_0_0_20170105172508901.jpg,train
58,0,58_0_0_20170117191834739.jpg,train
26,0,26_1_0_20170113001451463.jpg,train
8,0,8_1_0_20170109203552679.jpg,train
27,4,27_1_4_20170103223631359.jpg,train
38,1,38_1_1_20170112211709309.jpg,train
25,4,25_0_4_20170103230228713.jpg,train
60,0,60_1_0_20170110131759572.jpg,train
50,1,50_1_1_20170117164023113.jpg,train
35,0,35_1_0_20170117135330351.jpg,train
58,1,58_0_1_20170113190654777.jpg,train
27,1,27_0_1_20170117013659556.jpg,train
26,1,26_1_1_20170116231831266.jpg,train
1,2,1_0_2_20161219205225773.jpg,train
29,1,29_1_1_20170112205213493.jpg,train
54,1,54_0_1_20170117173717615.jpg,train
27,2,27_1_2_20170116171519019.jpg,train
4,2,4_0_2_20161219192408395.jpg,train
85,0,85_1_0_20170110181934936.jpg,train
66,0,66_1_0_20170110122914995.jpg,train
28,3,28_0_3_20170119194456586.jpg,train
28,1,28_0_1_20170113151542431.jpg,train
38,1,38_0_1_20170103183118882.jpg,train
32,0,32_1_0_20170116211831287.jpg,train
65,0,65_0_0_20170111210851993.jpg,train
54,0,54_0_0_20170113210319475.jpg,train
28,3,28_1_3_20170120220537315.jpg,train
27,0,27_0_0_20170116215525646.jpg,train
58,0,58_0_0_20170113180611940.jpg,train
16,0,16_0_0_20170110231841292.jpg,train
40,0,40_0_0_20170117150100146.jpg,train
60,0,60_0_0_20170103182814970.jpg,train
23,0,23_0_0_20170117144706803.jpg,train
26,3,26_0_3_20170117153033332.jpg,train
35,0,35_1_0_20170117192047033.jpg,train
35,2,35_1_2_20170117135409365.jpg,train
73,0,73_0_0_20170117192346540.jpg,train
2,2,2_0_2_20161219205542789.jpg,train
55,0,55_1_0_20170113001632108.jpg,train
26,1,26_0_1_20170116233450112.jpg,train
73,0,73_1_0_20170110131519640.jpg,train
28,0,28_0_0_20170117140820048.jpg,train
1,0,1_0_0_20161219200338012.jpg,train
57,0,57_0_0_20170104183717886.jpg,train
1,0,1_1_0_20170109190818115.jpg,train
65,0,65_0_0_20170111201953344.jpg,train
26,3,26_1_3_20170117174047894.jpg,train
23,3,23_0_3_20170116221643369.jpg,train
26,1,26_1_1_20170116171823756.jpg,train
34,0,34_0_0_20170117182618749.jpg,train
53,0,53_1_0_20170110160643313.jpg,train
26,2,26_0_2_20170117172618124.jpg,train
1,0,1_1_0_20170109190843285.jpg,train
56,0,56_1_0_20170110153011644.jpg,train
30,0,30_0_0_20170117130636837.jpg,train
3,0,3_0_0_20170110211507718.jpg,train
39,0,39_0_0_20170117165645001.jpg,train
67,0,67_1_0_20170110152820302.jpg,train
52,0,52_0_0_20170104212221772.jpg,train
25,0,25_0_0_20170117195250189.jpg,train
2,2,2_1_2_20161219151912228.jpg,train
1,0,1_0_0_20170110212857171.jpg,train
24,1,24_1_1_20170112204533811.jpg,train
36,1,36_1_1_20170116002211364.jpg,train
30,0,30_0_0_20170117181235740.jpg,train
30,1,30_0_1_20170113132711742.jpg,train
34,0,34_0_0_20170103182629265.jpg,train
85,0,85_1_0_20170110183801752.jpg,train
50,0,50_1_0_20170104165050048.jpg,train
25,0,25_1_0_20170117152149428.jpg,train
24,2,24_0_2_20170116172525947.jpg,train
35,2,35_0_2_20170117175222858.jpg,train
27,1,27_0_1_20170116193152719.jpg,train
60,0,60_1_0_20170110122425732.jpg,train
34,0,34_0_0_20170104173030290.jpg,train
56,0,56_0_0_20170113184725703.jpg,train
1,2,1_0_2_20161219140929864.jpg,train
36,1,36_0_1_20170113133851480.jpg,train
26,4,26_1_4_20170103224710662.jpg,train
17,1,17_1_1_20170114030034621.jpg,train
30,1,30_1_1_20170116214456649.jpg,train
8,0,8_1_0_20170109204144358.jpg,train
58,0,58_1_0_20170104185557607.jpg,train
29,1,29_0_1_20170113142448050.jpg,train
60,0,60_0_0_20170116174351033.jpg,train
26,3,26_1_3_20170119192110658.jpg,train
26,2,26_1_2_20170116180223543.jpg,train
26,0,26_0_0_20170116215521714.jpg,train
67,0,67_1_0_20170109150548754.jpg,train
1,2,1_0_2_20161219151138155.jpg,train
60,1,60_1_1_20170113011821480.jpg,train
40,0,40_0_0_20170117191037435.jpg,train
28,0,28_1_0_20170104172639340.jpg,train
50,0,50_0_0_20170117143109795.jpg,train
55,0,55_0_0_20170120221856526.jpg,train
30,0,30_0_0_20170117130637562.jpg,train
31,1,31_1_1_20170116001235141.jpg,train
22,2,22_0_2_20170104015701971.jpg,train
26,0,26_0_0_20170113133551354.jpg,train
9,0,9_0_0_20170110224747751.jpg,train
45,3,45_0_3_20170119201227781.jpg,train
20,0,20_1_0_20170103175636647.jpg,train
26,2,26_0_2_20170116182630634.jpg,train
4,0,4_1_0_20170109204913999.jpg,train
2,2,2_0_2_20161219141152081.jpg,train
14,0,14_0_0_20170110231557039.jpg,train
23,0,23_1_0_20170117144910291.jpg,train
26,1,26_1_1_20170116164338305.jpg,train
36,1,36_1_1_20170116022026435.jpg,train
3,2,3_1_2_20161220220305826.jpg,train
16,0,16_0_0_20170110232039461.jpg,train
8,0,8_0_0_20170110220011635.jpg,train
3,0,3_1_0_20170109194406804.jpg,train
9,0,9_1_0_20170117180006484.jpg,train
40,0,40_0_0_20170117151322627.jpg,train
1,0,1_0_0_20170110213222174.jpg,train
16,0,16_0_0_20170117134538670.jpg,train
36,1,36_0_1_20170117203447808.jpg,train
60,0,60_1_0_20170110131536983.jpg,train
25,0,25_1_0_20170117195324293.jpg,train
24,2,24_0_2_20161219192432539.jpg,train
27,2,27_0_2_20170119193329569.jpg,train
40,0,40_0_0_20170104184142437.jpg,train
8,0,8_1_0_20170109203429413.jpg,train
8,0,8_1_0_20170109202428799.jpg,train
33,0,33_1_0_20170105000625650.jpg,train
18,0,18_1_0_20170105183423287.jpg,train
29,0,29_1_0_20170117130620465.jpg,train
73,0,73_0_0_20170105181016710.jpg,train
25,3,25_0_3_20170119171838936.jpg,train
28,1,28_1_1_20170112234500344.jpg,train
1,2,1_0_2_20161219205107772.jpg,train
24,3,24_1_3_20170104231950346.jpg,train
24,1,24_1_1_20170112220135559.jpg,train
35,1,35_1_1_20170117010340078.jpg,train
60,1,60_0_1_20170117163534458.jpg,train
36,3,36_0_3_20170119183309303.jpg,train
53,0,53_0_0_20170120223131515.jpg,train
58,0,58_0_0_20170105173557845.jpg,train
32,1,32_1_1_20170113011313056.jpg,train
24,1,24_1_1_20170115235935017.jpg,train
26,1,26_1_1_20170113012034848.jpg,train
52,0,52_0_0_20170113181425181.jpg,train
32,1,32_0_1_20170113182309733.jpg,train
2,2,2_1_2_20161219195813835.jpg,train
27,3,27_0_3_20170119193159666.jpg,train
26,3,26_0_3_20170119183730738.jpg,train
14,0,14_0_0_20170110225116744.jpg,train
32,0,32_1_0_20170104235611258.jpg,train
24,1,24_1_1_20170112191521102.jpg,train
15,0,15_0_0_20170110225033368.jpg,train
26,2,26_1_2_20170104022817638.jpg,train
29,0,29_0_0_20170117122016549.jpg,train
35,0,35_1_0_20170117135254967.jpg,train
37,0,37_0_0_20170117140009463.jpg,train
65,0,65_0_0_20170117171101388.jpg,train
26,4,26_0_4_20170117153404221.jpg,train
26,2,26_1_2_20170104020230700.jpg,train
52,0,52_0_0_20170111171747350.jpg,train
53,0,53_1_0_20170110160643329.jpg,train
1,3,1_1_3_20161220143400183.jpg,train
26,3,26_0_3_20170119175440075.jpg,train
66,0,66_0_0_20170111210358051.jpg,train
24,2,24_0_2_20170116161834099.jpg,train
35,0,35_0_0_20170116003147625.jpg,train
2,2,2_1_2_20161219194346219.jpg,train
56,0,56_1_0_20170109002302955.jpg,train
35,1,35_0_1_20170119210017858.jpg,train
32,1,32_1_1_20170116164417371.jpg,train
34,1,34_1_1_20170116173527974.jpg,train
26,3,26_0_3_20170119181411076.jpg,train
60,1,60_1_1_20170120221732551.jpg,train
60,0,60_0_0_20170117162852563.jpg,train
26,1,26_1_1_20170112210429380.jpg,train
1,3,1_0_3_20161220144649151.jpg,train
27,1,27_1_1_20170117165219530.jpg,train
29,2,29_1_2_20170104170017137.jpg,train
60,0,60_1_0_20170110160643720.jpg,train
24,2,24_1_2_20170112204459483.jpg,train
36,3,36_0_3_20170119202117701.jpg,train
45,3,45_0_3_20170117183557423.jpg,train
30,1,30_0_1_20170116011020977.jpg,train
32,0,32_0_0_20170117121634502.jpg,train
45,3,45_0_3_20170119203810871.jpg,train
54,0,54_0_0_20170120134341414.jpg,train
23,0,23_1_0_20170116222839270.jpg,train
30,3,30_1_3_20170117120626251.jpg,train
29,0,29_0_0_20170117180839466.jpg,train
3,0,3_1_0_20170109192130439.jpg,train
36,1,36_0_1_20170113141724667.jpg,train
60,0,60_0_0_20170105173747117.jpg,train
29,1,29_1_1_20170116023929751.jpg,train
28,1,28_0_1_20170117180140749.jpg,train
35,1,35_1_1_20170112204427427.jpg,train
21,2,21_1_2_20170105000725292.jpg,train
3,2,3_1_2_20161219162329494.jpg,train
26,1,26_0_1_20170116225054291.jpg,train
25,2,25_1_2_20170103183748779.jpg,train
26,4,26_0_4_20170103235233157.jpg,train
60,0,60_0_0_20170117161031023.jpg,train
1,4,1_0_4_20161221195039712.jpg,train
1,2,1_1_2_20161219222154119.jpg,train
26,3,26_1_3_20170119193116961.jpg,train
25,3,25_0_3_20170119171836176.jpg,train
55,0,55_1_0_20170117143101420.jpg,train
29,1,29_0_1_20170117104603706.jpg,train
34,3,34_0_3_20170104220329854.jpg,train
50,0,50_0_0_20170117130056489.jpg,train
52,0,52_0_0_20170113183829983.jpg,train
24,2,24_0_2_20170116173456155.jpg,train
29,0,29_1_0_20170109132341425.jpg,train
42,0,42_1_0_20170112235933106.jpg,train
36,3,36_0_3_20170119191815385.jpg,train
24,4,24_1_4_20161223231327524.jpg,train
26,0,26_0_0_20170116225120267.jpg,train
15,0,15_1_0_20170109214302271.jpg,train
45,0,45_1_0_20170103163617968.jpg,train
65,0,65_1_0_20170117173004744.jpg,train
27,2,27_1_2_20170116163601765.jpg,train
36,0,36_0_0_20170117171650744.jpg,train
3,0,3_1_0_20170109192750346.jpg,train
1,0,1_0_0_20161220201355210.jpg,train
26,1,26_1_1_20170116155039588.jpg,train
30,0,30_1_0_20170117181335004.jpg,train
4,2,4_1_2_20161219141921961.jpg,train
5,2,5_1_2_20161219142215457.jpg,train
40,0,40_1_0_20170116222110661.jpg,train
50,0,50_0_0_20170111181750454.jpg,train
70,0,70_0_0_20170117175502596.jpg,train
25,3,25_0_3_20170117140649662.jpg,train
80,0,80_0_0_20170117175148148.jpg,train
34,3,34_1_3_20170119152703935.jpg,train
1,3,1_1_3_20161220145232550.jpg,train
10,0,10_0_0_20170110225502403.jpg,train
28,1,28_1_1_20170112230622262.jpg,train
40,1,40_0_1_20170116201948808.jpg,train
85,0,85_1_0_20170110182918046.jpg,train
35,3,35_1_3_20170119201541494.jpg,train
23,1,23_0_1_20170114033534348.jpg,train
26,3,26_0_3_20170119191755562.jpg,train
18,0,18_0_0_20170117140123048.jpg,train
4,0,4_1_0_20161219154932021.jpg,train
24,4,24_1_4_20170117150622299.jpg,train
21,4,21_1_4_20170103225014665.jpg,train
35,0,35_0_0_20170113184039072.jpg,train
26,4,26_0_4_20170103235333148.jpg,train
33,0,33_0_0_20170117134834453.jpg,train
26,2,26_0_2_20170116180358437.jpg,train
41,0,41_0_0_20170120133745342.jpg,train
4,0,4_1_0_20170104005345015.jpg,train
65,0,65_1_0_20170120225024135.jpg,train
72,0,72_1_0_20170110180409214.jpg,train
72,0,72_1_0_20170110175634167.jpg,train
40,1,40_0_1_20170117170545162.jpg,train
27,0,27_1_0_20170116220508113.jpg,train
58,1,58_0_1_20170113174947234.jpg,train
26,2,26_1_2_20170116180225994.jpg,train
1,4,1_0_4_20170103210958819.jpg,train
25,1,25_1_1_20170112205215428.jpg,train
16,0,16_1_0_20170109204155179.jpg,train
25,1,25_0_1_20170117195252189.jpg,train
29,1,29_1_1_20170116231359922.jpg,train
33,0,33_0_0_20170104165541073.jpg,train
25,3,25_0_3_20170117151048707.jpg,train
16,0,16_1_0_20170104013543170.jpg,train
37,0,37_0_0_20170105172649108.jpg,train
53,0,53_0_0_20170112215345416.jpg,train
26,0,26_0_0_20170113210126348.jpg,train
1,3,1_0_3_20161220221612859.jpg,train
66,0,66_1_0_20170110140426872.jpg,train
35,3,35_0_3_20170119171459001.jpg,train
25,0,25_1_0_20170116205838424.jpg,train
23,3,23_1_3_20170119164424022.jpg,train
29,1,29_1_1_20170113013111447.jpg,train
25,3,25_1_3_20170119153501863.jpg,train
55,0,55_0_0_20170117175529999.jpg,train
38,1,38_0_1_20170113174616843.jpg,train
36,1,36_0_1_20170117154315346.jpg,train
56,0,56_0_0_20170109012703197.jpg,train
40,1,40_1_1_20170116164046542.jpg,train
26,0,26_0_0_20170117172431020.jpg,train
27,0,27_0_0_20170116220751583.jpg,train
21,2,21_1_2_20170116163813584.jpg,train
54,0,54_0_0_20170111222617768.jpg,train
25,3,25_1_3_20170119171206287.jpg,train
26,3,26_1_3_20170119192503866.jpg,train
25,0,25_0_0_20170117151831828.jpg,train
37,0,37_0_0_20170104202337592.jpg,train
1,0,1_0_0_20170109193431882.jpg,train
32,0,32_0_0_20170116180259328.jpg,train
21,0,21_0_0_20170117142115098.jpg,train
29,1,29_0_1_20170117095004448.jpg,train
50,0,50_0_0_20170117184546608.jpg,train
34,1,34_0_1_20170113152756632.jpg,train
35,0,35_1_0_20170117143853082.jpg,train
26,1,26_1_1_20170116021949852.jpg,train
22,4,22_0_4_20170103210108168.jpg,train
31,0,31_1_0_20170103181436000.jpg,train
26,3,26_0_3_20170104232246706.jpg,train
25,4,25_1_4_20170103223548135.jpg,train
60,0,60_1_0_20170110141812183.jpg,train
35,3,35_1_3_20170104223412190.jpg,train
65,0,65_0_0_20170120223818389.jpg,train
30,0,30_0_0_20170107212036868.jpg,train
28,0,28_1_0_20170117122004211.jpg,train
28,0,28_1_0_20170117180714552.jpg,train
29,1,29_1_1_20170113000121657.jpg,train
35,0,35_0_0_20170117114924356.jpg,train
23,3,23_1_3_20170119164504597.jpg,train
45,0,45_0_0_20170119203802991.jpg,train
45,0,45_1_0_20170117152126596.jpg,train
11,0,11_0_0_20170110220500946.jpg,train
22,4,22_0_4_20161221200222680.jpg,train
26,3,26_1_3_20170116232358592.jpg,train
66,0,66_1_0_20170110160643970.jpg,train
12,0,12_1_0_20170109203240213.jpg,train
17,0,17_0_0_20170110231615651.jpg,train
46,0,46_0_0_20170104204638611.jpg,train
60,0,60_0_0_20170117160634375.jpg,train
34,3,34_0_3_20170119165359030.jpg,train
52,3,52_0_3_20170119205641007.jpg,train
30,2,30_1_2_20170116163322535.jpg,train
2,2,2_0_2_20161219162359990.jpg,train
27,0,27_0_0_20170116213542860.jpg,train
53,0,53_0_0_20170111201131358.jpg,train
8,0,8_1_0_20170109204830640.jpg,train
52,0,52_0_0_20170117154831559.jpg,train
26,2,26_1_2_20170116175519439.jpg,train
27,0,27_1_0_20170109132133665.jpg,train
22,2,22_1_2_20170108224643996.jpg,train
29,2,29_1_2_20170116191210967.jpg,train
32,1,32_1_1_20170117140943466.jpg,train
5,2,5_0_2_20161219194318083.jpg,train
37,0,37_0_0_20170102233603627.jpg,train
28,1,28_1_1_20170109132457432.jpg,train
36,0,36_1_0_20170104171717858.jpg,train
29,1,29_0_1_20170117095826375.jpg,train
2,2,2_1_2_20161219151225811.jpg,train
41,0,41_0_0_20170109002859574.jpg,train
31,1,31_1_1_20170112210531485.jpg,train
50,1,50_0_1_20170120221000756.jpg,train
26,3,26_0_3_20170119175254874.jpg,train
35,0,35_0_0_20170105165146660.jpg,train
23,2,23_1_2_20170116173159012.jpg,train
26,3,26_1_3_20170117174433574.jpg,train
28,2,28_1_2_20170116175301913.jpg,train
1,2,1_0_2_20161219162433846.jpg,train
75,0,75_0_0_20170111204808623.jpg,train
12,0,12_0_0_20170110215739155.jpg,train
32,0,32_0_0_20170117133741076.jpg,train
52,3,52_1_3_20170105003248564.jpg,train
1,3,1_1_3_20161219225714616.jpg,train
28,2,28_1_2_20170116165438870.jpg,train
28,3,28_0_3_20170104194548120.jpg,train
24,1,24_1_1_20170112234600841.jpg,train
8,0,8_1_0_20170109201654441.jpg,train
20,0,20_0_0_20170105161706251.jpg,train
78,0,78_0_0_20170111221831653.jpg,train
28,3,28_0_3_20170119194505019.jpg,train
25,1,25_1_1_20170112215304176.jpg,train
26,4,26_0_4_20170117153025829.jpg,train
26,3,26_1_3_20170119193145481.jpg,train
50,0,50_0_0_20170104170550929.jpg,train
24,2,24_0_2_20170104015809173.jpg,train
26,0,26_1_0_20170116173105204.jpg,train
30,0,30_0_0_20170117144027577.jpg,train
21,1,21_0_1_20170114032016183.jpg,train
35,0,35_0_0_20170116174756926.jpg,train
54,0,54_0_0_20170120223348956.jpg,train
65,0,65_1_0_20170117172124978.jpg,train
45,0,45_1_0_20170117191302524.jpg,train
26,2,26_0_2_20170116175917452.jpg,train
56,0,56_1_0_20170104212451892.jpg,train
65,0,65_1_0_20170110182826116.jpg,train
13,0,13_1_0_20170109201711197.jpg,train
40,3,40_0_3_20170119175325322.jpg,train
24,3,24_1_3_20170104222753607.jpg,train
26,1,26_0_1_20170117200108853.jpg,train
20,0,20_1_0_20170109214125992.jpg,train
21,0,21_1_0_20170117142333762.jpg,train
26,3,26_0_3_20170119180456692.jpg,train
31,0,31_0_0_20170116193252933.jpg,train
26,0,26_1_0_20170117173945869.jpg,train
35,1,35_1_1_20170113001901555.jpg,train
1,0,1_0_0_20170103210741492.jpg,train
6,0,6_1_0_20170109201829191.jpg,train
8,0,8_1_0_20170109201110396.jpg,train
15,0,15_1_0_20170109214723528.jpg,train
24,4,24_0_4_20170115205946148.jpg,train
2,2,2_1_2_20170109191828204.jpg,train
27,1,27_1_1_20170117010348353.jpg,train
27,4,27_1_4_20170117164636325.jpg,train
56,0,56_1_0_20170110173815028.jpg,train
47,0,47_0_0_20170109013222454.jpg,train
30,0,30_0_0_20170117145938915.jpg,train
1,2,1_0_2_20161219142306002.jpg,train
54,0,54_1_0_20170117171807243.jpg,train
40,2,40_1_2_20170116222648635.jpg,train
16,0,16_0_0_20170110231633585.jpg,train
45,0,45_1_0_20170104185105742.jpg,train
65,0,65_0_0_20170117172111769.jpg,train
25,0,25_0_0_20170117140811354.jpg,train
15,0,15_0_0_20170110232721987.jpg,train
22,2,22_1_2_20170116172613537.jpg,train
1,2,1_1_2_20161219155817742.jpg,train
2,2,2_1_2_20161219162736198.jpg,train
26,1,26_0_1_20170116233406148.jpg,train
26,2,26_0_2_20170104020643628.jpg,train
26,0,26_1_0_20170116184837899.jpg,train
50,0,50_0_0_20170104212142572.jpg,train
52,3,52_0_3_20170104220841902.jpg,train
55,3,55_0_3_20170119181109749.jpg,train
27,3,27_1_3_20170104231417083.jpg,train
54,0,54_0_0_20170113210127471.jpg,train
1,2,1_0_2_20161219140756601.jpg,train
24,3,24_1_3_20170119165453847.jpg,train
26,0,26_0_0_20170104201228553.jpg,train
26,3,26_1_3_20170104223139599.jpg,train
1,4,1_1_4_20170103205134402.jpg,train
20,3,20_0_3_20170119150802863.jpg,train
45,0,45_1_0_20170117181433644.jpg,train
1,4,1_1_4_20161221202153553.jpg,train
35,0,35_0_0_20170120134044902.jpg,train
9,0,9_0_0_20170110223500322.jpg,train
58,3,58_0_3_20170104220928390.jpg,train
65,0,65_0_0_20170113185234983.jpg,train
60,3,60_0_3_20170117191722050.jpg,train
24,2,24_1_2_20170119164624877.jpg,train
1,0,1_0_0_20161219200139603.jpg,train
57,0,57_1_0_20170120221057091.jpg,train
26,3,26_0_3_20170119180330108.jpg,train
26,1,26_1_1_20170116153459393.jpg,train
32,1,32_0_1_20170113001322715.jpg,train
32,1,32_0_1_20170115234806792.jpg,train
30,0,30_0_0_20170119195542220.jpg,train
1,2,1_0_2_20161219222046607.jpg,train
32,3,32_1_3_20170119163219372.jpg,train
65,0,65_0_0_20170111201922080.jpg,train
27,0,27_1_0_20170109132420616.jpg,train
1,2,1_1_2_20161219151131108.jpg,train
35,1,35_0_1_20170113174546227.jpg,train
56,0,56_1_0_20170110131719553.jpg,train
36,1,36_0_1_20170116193840027.jpg,train
26,1,26_1_1_20170116022019173.jpg,train
30,0,30_0_0_20170117144600491.jpg,train
38,3,38_1_3_20170109140706612.jpg,train
32,0,32_0_0_20170116224730121.jpg,train
26,0,26_0_0_20170113210127432.jpg,train
26,1,26_1_1_20170116171855347.jpg,train
26,3,26_1_3_20170117174259928.jpg,train
24,3,24_1_3_20170119171104872.jpg,train
45,0,45_0_0_20170117185022457.jpg,train
54,0,54_0_0_20170113210318996.jpg,train
27,3,27_1_3_20170117183509909.jpg,train
30,0,30_0_0_20170117140008320.jpg,train
54,0,54_1_0_20170103183742275.jpg,train
29,1,29_0_1_20170116025852455.jpg,train
60,0,60_1_0_20170110123158902.jpg,train
5,2,5_1_2_20161219195855851.jpg,train
13,0,13_1_0_20170109201102915.jpg,train
4,0,4_1_0_20170103181119880.jpg,train
21,3,21_1_3_20170104222111271.jpg,train
2,2,2_0_2_20161219162403159.jpg,train
35,0,35_0_0_20170117134937660.jpg,train
18,0,18_1_0_20170109214512153.jpg,train
39,0,39_1_0_20170105172637013.jpg,train
31,0,31_1_0_20170117133422225.jpg,train
16,0,16_1_0_20170109214535714.jpg,train
4,0,4_1_0_20170109201611941.jpg,train
31,1,31_1_1_20170116170826913.jpg,train
26,1,26_0_1_20170116142850729.jpg,train
53,0,53_1_0_20170110160643235.jpg,train
47,3,47_0_3_20170119202123349.jpg,train
4,0,4_1_0_20170109193813519.jpg,train
52,0,52_0_0_20170111181750506.jpg,train
9,0,9_0_0_20170110225318820.jpg,train
64,0,64_0_0_20170111171747624.jpg,train
25,3,25_1_3_20170119172052720.jpg,train
72,0,72_1_0_20170110153733573.jpg,train
1,0,1_0_0_20170109194042219.jpg,train
53,0,53_0_0_20170111195238954.jpg,train
26,3,26_0_3_20170117154514013.jpg,train
34,0,34_1_0_20170117180013755.jpg,train
3,2,3_1_2_20161219192119762.jpg,train
1,2,1_0_2_20161219222749039.jpg,train
40,3,40_0_3_20170119183357429.jpg,train
45,3,45_0_3_20170119201952141.jpg,train
42,0,42_0_0_20170117135611209.jpg,train
62,0,62_0_0_20170111222711250.jpg,train
80,0,80_1_0_20170110180523385.jpg,train
40,0,40_0_0_20170105172802421.jpg,train
27,0,27_1_0_20170104234600194.jpg,train
30,1,30_1_1_20170114031144413.jpg,train
32,1,32_0_1_20170113185204177.jpg,train
2,0,2_1_0_20170109194355210.jpg,train
1,2,1_1_2_20161219205734821.jpg,train
25,1,25_0_1_20170116205335757.jpg,train
56,0,56_0_0_20170111202409002.jpg,train
24,0,24_0_0_20170113210126343.jpg,train
34,0,34_0_0_20170117182747501.jpg,train
55,3,55_0_3_20170119204549750.jpg,train
27,2,27_0_2_20161219192534211.jpg,train
1,2,1_1_2_20161219212313989.jpg,train
26,2,26_0_2_20170116182459791.jpg,train
50,1,50_1_1_20170113002034412.jpg,train
34,0,34_0_0_20170117141513036.jpg,train
78,0,78_0_0_20170120230506347.jpg,train
24,0,24_0_0_20170104165239658.jpg,train
60,0,60_1_0_20170120220611834.jpg,train
31,0,31_0_0_20170116191337484.jpg,train
63,0,63_0_0_20170104213054221.jpg,train
58,3,58_0_3_20170119211544361.jpg,train
1,4,1_0_4_20161221201458610.jpg,train
40,0,40_0_0_20170116212308931.jpg,train
32,0,32_1_0_20170112224814924.jpg,train
26,3,26_0_3_20170119180536092.jpg,train
2,4,2_1_4_20161221200336416.jpg,train
24,1,24_1_1_20170112204601475.jpg,train
27,1,27_0_1_20170117182635809.jpg,train
14,0,14_1_0_20170103200819591.jpg,train
49,0,49_0_0_20170105172956637.jpg,train
47,0,47_0_0_20170105173138581.jpg,train
32,4,32_1_4_20170105165021555.jpg,train
29,1,29_0_1_20170117103813080.jpg,train
70,0,70_1_0_20170110181712528.jpg,train
54,1,54_1_1_20170113002054908.jpg,train
28,1,28_1_1_20170117020401850.jpg,train
28,1,28_0_1_20170113161434836.jpg,train
28,0,28_1_0_20170117204457679.jpg,train
56,0,56_0_0_20170104210115763.jpg,train
40,1,40_0_1_20170117135640172.jpg,train
26,2,26_1_2_20170116184146454.jpg,train
25,3,25_0_3_20170117151819492.jpg,train
25,0,25_1_0_20170117143830737.jpg,train
72,0,72_1_0_20170110175340308.jpg,train
1,3,1_0_3_20161219230002417.jpg,train
1,4,1_0_4_20161221200309040.jpg,train
55,0,55_1_0_20170110122955702.jpg,train
26,0,26_0_0_20170117195820069.jpg,train
55,0,55_0_0_20170111195247744.jpg,train
63,0,63_1_0_20170120224812560.jpg,train
26,2,26_1_2_20170113000516258.jpg,train
21,1,21_1_1_20170113005736069.jpg,train
35,1,35_1_1_20170112215312367.jpg,train
32,1,32_0_1_20170113141719572.jpg,train
30,0,30_1_0_20170117141413713.jpg,train
90,0,90_1_0_20170120224954568.jpg,train
30,1,30_0_1_20170113190459754.jpg,train
40,0,40_0_0_20170117154522422.jpg,train
31,1,31_1_1_20170116170844389.jpg,train
50,0,50_0_0_20170113184545256.jpg,train
3,2,3_1_2_20161219152927668.jpg,train
8,0,8_1_0_20170109202859958.jpg,train
25,2,25_1_2_20170116175242392.jpg,train
30,2,30_1_2_20170116163642750.jpg,train
26,3,26_1_3_20170119192913522.jpg,train
35,3,35_1_3_20170119201542462.jpg,train
1,0,1_0_0_20161219163425847.jpg,train
22,3,22_1_3_20170104231709097.jpg,train
21,2,21_1_2_20170116163803744.jpg,train
23,2,23_1_2_20170116173124400.jpg,train
24,1,24_0_1_20170113132543250.jpg,train
54,1,54_0_1_20170117191411795.jpg,train
10,0,10_1_0_20170109204859493.jpg,train
29,0,29_0_0_20170103181910385.jpg,train
26,2,26_1_2_20170116171202584.jpg,train
42,0,42_0_0_20170113184251398.jpg,train
5,0,5_0_0_20170110212812061.jpg,train
11,0,11_0_0_20170103200824775.jpg,train
25,2,25_1_2_20170116165435737.jpg,train
29,2,29_1_2_20170104021825031.jpg,train
4,2,4_0_2_20170110220021011.jpg,train
35,0,35_0_0_20170116222932357.jpg,train
16,0,16_1_0_20170103201213287.jpg,train
20,0,20_0_0_20170116213501446.jpg,train
58,0,58_1_0_20170110132501568.jpg,train
26,1,26_0_1_20170117195659949.jpg,train
2,0,2_0_0_20161219162303390.jpg,train
5,0,5_0_0_20170110212809381.jpg,train
32,0,32_1_0_20170117182452621.jpg,train
20,0,20_1_0_20170117141216752.jpg,train
50,3,50_0_3_20170105172943629.jpg,train
24,1,24_1_1_20170115235748123.jpg,train
50,0,50_0_0_20170104205729700.jpg,train
26,1,26_1_1_20170117163837655.jpg,train
40,3,40_0_3_20170119191805016.jpg,train
24,2,24_1_2_20170104022044502.jpg,train
36,1,36_0_1_20170117163449077.jpg,train
46,1,46_0_1_20170111200735373.jpg,train
15,0,15_1_0_20170109214133273.jpg,train
46,0,46_0_0_20170104204544691.jpg,train
35,0,35_1_0_20170103182759530.jpg,train
39,0,39_1_0_20170105170221811.jpg,train
40,0,40_0_0_20170117154553185.jpg,train
38,1,38_1_1_20170113005018855.jpg,train
30,0,30_1_0_20170117150430298.jpg,train
36,0,36_0_0_20170117183307375.jpg,train
26,0,26_1_0_20170112235918563.jpg,train
30,0,30_1_0_20170117181336564.jpg,train
17,1,17_0_1_20170117170512970.jpg,train
65,0,65_0_0_20170120223720869.jpg,train
28,1,28_1_1_20170116164832811.jpg,train
36,0,36_0_0_20170117140152744.jpg,train
21,4,21_1_4_20170103223240255.jpg,train
28,0,28_0_0_20170117180519102.jpg,train
4,0,4_1_0_20170109194429005.jpg,train
29,0,29_0_0_20170104205704132.jpg,train
26,0,26_1_0_20170117174305030.jpg,train
60,0,60_1_0_20170120221739950.jpg,train
90,0,90_0_0_20170111205657119.jpg,train
9,0,9_0_0_20170110221815301.jpg,train
42,3,42_0_3_20170117135542270.jpg,train
29,1,29_1_1_20170113000632601.jpg,train
30,0,30_0_0_20170114031727781.jpg,train
26,4,26_0_4_20170103235020885.jpg,train
28,0,28_1_0_20170117121841046.jpg,train
2,4,2_1_4_20170103210946139.jpg,train
20,3,20_0_3_20170119152949343.jpg,train
75,0,75_1_0_20170120225821626.jpg,train
25,0,25_0_0_20170116213542860.jpg,train
41,0,41_1_0_20170109133809164.jpg,train
26,1,26_1_1_20170112212028557.jpg,train
30,4,30_1_4_20170103183855083.jpg,train
70,0,70_0_0_20170117173655936.jpg,train
5,0,5_1_0_20170116211929173.jpg,train
26,0,26_0_0_20170113210127287.jpg,train
28,2,28_1_2_20170116161924643.jpg,train
43,0,43_0_0_20170117155054004.jpg,train
2,2,2_0_2_20161219212618326.jpg,train
90,0,90_0_0_20170117175511939.jpg,train
52,0,52_0_0_20170104204156747.jpg,train
23,2,23_1_2_20170116172854458.jpg,train
26,1,26_0_1_20170117200006115.jpg,train
62,0,62_0_0_20170111205142071.jpg,train
40,3,40_0_3_20170117154652454.jpg,train
68,0,68_0_0_20170117172938504.jpg,train
3,0,3_1_0_20170109191833465.jpg,train
29,2,29_1_2_20170104020624587.jpg,train
15,0,15_0_0_20170116201253769.jpg,train
26,3,26_0_3_20170119180329325.jpg,train
34,0,34_1_0_20170104235402171.jpg,train
49,0,49_0_0_20170104184256957.jpg,train
24,0,24_1_0_20170117194653203.jpg,train
24,0,24_0_0_20170111181750330.jpg,train
35,1,35_0_1_20170117141840057.jpg,train
1,4,1_0_4_20161221200056240.jpg,train
8,0,8_1_0_20170109201053203.jpg,train
26,0,26_0_0_20170117195743604.jpg,train
22,0,22_1_0_20170116220932996.jpg,train
30,3,30_1_3_20170104214339133.jpg,train
37,1,37_0_1_20170113174538178.jpg,train
3,2,3_1_2_20161219162325990.jpg,train
24,4,24_1_4_20170103223940759.jpg,train
65,0,65_1_0_20170110141348912.jpg,train
24,2,24_1_2_20170116171535446.jpg,train
46,0,46_0_0_20170116232849958.jpg,train
28,3,28_1_3_20170104235045746.jpg,train
26,3,26_0_3_20170119192438322.jpg,train
28,2,28_0_2_20170112213615815.jpg,train
46,1,46_0_1_20170113184447960.jpg,train
38,0,38_0_0_20170117153622676.jpg,train
55,0,55_0_0_20170111200630909.jpg,train
26,2,26_0_2_20170116182453051.jpg,train
1,3,1_0_3_20161219230525895.jpg,train
27,2,27_1_2_20170116171014589.jpg,train
42,1,42_0_1_20170113155108219.jpg,train
4,0,4_1_0_20170109192742824.jpg,train
26,0,26_0_0_20170120134036223.jpg,train
54,0,54_1_0_20170110122945745.jpg,train
37,3,37_1_3_20170119193409372.jpg,train
6,0,6_1_0_20170109193725492.jpg,train
26,1,26_1_1_20170116165630173.jpg,train
37,0,37_0_0_20170117140011191.jpg,train
40,1,40_0_1_20170113142425444.jpg,train
1,0,1_1_0_20170109193126049.jpg,train
1,0,1_1_0_20170109192728714.jpg,train
23,0,23_1_0_20170117194248629.jpg,train
18,0,18_1_0_20170109213933756.jpg,train
30,3,30_0_3_20170119155828315.jpg,train
26,3,26_1_3_20170117154952406.jpg,train
3,2,3_1_2_20161219142723433.jpg,train
65,0,65_0_0_20170111195412945.jpg,train
8,0,8_1_0_20170109202339392.jpg,train
35,0,35_1_0_20170117092205487.jpg,train
26,3,26_0_3_20170119184110103.jpg,train
26,0,26_0_0_20170116224826344.jpg,train
40,1,40_1_1_20170116003454596.jpg,train
26,1,26_1_1_20170116231033348.jpg,train
6,3,6_1_3_20161220221604706.jpg,train
51,0,51_1_0_20170110154635631.jpg,train
42,0,42_1_0_20170117154917959.jpg,train
36,0,36_0_0_20170105164112403.jpg,train
35,1,35_0_1_20170116193834444.jpg,train
35,3,35_0_3_20170119201026253.jpg,train
29,1,29_0_1_20170117022429192.jpg,train
57,0,57_0_0_20170117172532619.jpg,train
61,0,61_0_0_20170105173654895.jpg,train
35,2,35_1_2_20170116191706178.jpg,train
30,4,30_1_4_20170117203009657.jpg,train
75,0,75_0_0_20170111205238382.jpg,train
49,0,49_1_0_20170117160609295.jpg,train
1,3,1_1_3_20161220144435607.jpg,train
28,2,28_1_2_20170116164524917.jpg,train
32,0,32_0_0_20170113141701210.jpg,train
1,2,1_0_2_20161219163559031.jpg,train
52,0,52_0_0_20170104184201550.jpg,train
30,0,30_0_0_20170117143512232.jpg,train
26,1,26_0_1_20170103181054528.jpg,train
38,0,38_1_0_20170116211611769.jpg,train
9,0,9_0_0_20170110215447268.jpg,train
26,1,26_0_1_20170116010015989.jpg,train
61,0,61_1_0_20170117204812272.jpg,train
16,0,16_1_0_20170109213443708.jpg,train
27,2,27_0_2_20170119193330242.jpg,train
1,2,1_0_2_20161219155952157.jpg,train
17,1,17_1_1_20170103201529736.jpg,train
46,1,46_1_1_20170116161237892.jpg,train
16,0,16_0_0_20170110232217844.jpg,train
8,0,8_1_0_20170109203448247.jpg,train
52,0,52_1_0_20170105172742757.jpg,train
85,0,85_1_0_20170120222302478.jpg,train
25,1,25_1_1_20170114024756550.jpg,train
62,0,62_1_0_20170110173810498.jpg,train
47,0,47_0_0_20170109012427196.jpg,train
29,1,29_1_1_20170116010429516.jpg,train
1,4,1_0_4_20161221195109583.jpg,train
8,0,8_1_0_20170109205008946.jpg,train
58,0,58_1_0_20170109220512395.jpg,train
1,0,1_0_0_20161219160713534.jpg,train
26,1,26_0_1_20170116193145119.jpg,train
43,0,43_1_0_20170109010025945.jpg,train
1,3,1_0_3_20161219224748008.jpg,train
26,1,26_0_1_20170116143057934.jpg,train
26,4,26_0_4_20170103214633693.jpg,train
32,0,32_1_0_20170117134730731.jpg,train
1,0,1_0_0_20161219212921070.jpg,train
29,0,29_1_0_20170117092615047.jpg,train
1,2,1_1_2_20161219162714326.jpg,train
50,0,50_0_0_20170120222416184.jpg,train
62,0,62_1_0_20170110175644800.jpg,train
1,2,1_0_2_20161220144911423.jpg,train
26,3,26_0_3_20170119184303327.jpg,train
32,4,32_1_4_20170103230259201.jpg,train
32,3,32_0_3_20170117120702808.jpg,train
14,0,14_0_0_20170110232633429.jpg,train
31,1,31_1_1_20170117162539709.jpg,train
16,0,16_1_0_20170109214402325.jpg,train
30,0,30_1_0_20170117143843323.jpg,train
50,0,50_0_0_20170116192855160.jpg,train
45,3,45_0_3_20170119194836227.jpg,train
28,0,28_0_0_20170117180126293.jpg,train
26,0,26_1_0_20170116170915992.jpg,train
23,0,23_0_0_20170104004006925.jpg,train
13,0,13_0_0_20170110224745977.jpg,train
65,0,65_1_0_20170120225123328.jpg,train
15,0,15_1_0_20170109214626752.jpg,train
27,0,27_0_0_20170117013636316.jpg,train
22,2,22_1_2_20170104022012028.jpg,train
30,2,30_0_2_20170116170852517.jpg,train
51,0,51_1_0_20170109132703508.jpg,train
26,3,26_0_3_20170104232208944.jpg,train
26,1,26_0_1_20170113182601062.jpg,train
26,3,26_1_3_20170117174016693.jpg,train
30,1,30_0_1_20170113195630213.jpg,train
48,0,48_0_0_20170117160515849.jpg,train
2,2,2_0_2_20161219195037083.jpg,train
23,0,23_0_0_20170116220953152.jpg,train
40,0,40_1_0_20170117155203150.jpg,train
26,1,26_1_1_20170116012224668.jpg,train
32,0,32_0_0_20170117182301037.jpg,train
2,2,2_0_2_20161219190253835.jpg,train
66,0,66_0_0_20170117175358556.jpg,train
20,0,20_1_0_20170117192922563.jpg,train
56,1,56_0_1_20170117173620884.jpg,train
31,3,31_1_3_20170119200201348.jpg,train
36,3,36_0_3_20170119202129918.jpg,train
23,3,23_0_3_20170119151125607.jpg,train
2,2,2_0_2_20161219194420523.jpg,train
14,0,14_0_0_20170104012313304.jpg,train
23,3,23_1_3_20170119164550198.jpg,train
34,0,34_0_0_20170117190336724.jpg,train
5,3,5_1_3_20161220221703978.jpg,train
55,3,55_0_3_20170119155052371.jpg,train
28,1,28_1_1_20170117183617983.jpg,train
38,0,38_1_0_20170104171708706.jpg,train
48,0,48_0_0_20170117140647918.jpg,train
26,1,26_1_1_20170116231530890.jpg,train
39,0,39_1_0_20170105001220803.jpg,train
30,0,30_1_0_20170117131022202.jpg,train
52,0,52_0_0_20170111195455240.jpg,train
42,0,42_1_0_20170117121915102.jpg,train
42,0,42_1_0_20170103183246362.jpg,train
35,0,35_0_0_20170109002742991.jpg,train
24,2,24_1_2_20170116171657075.jpg,train
28,3,28_0_3_20170119194818890.jpg,train
54,0,54_0_0_20170104211558436.jpg,train
35,0,35_0_0_20170117191433859.jpg,train
67,0,67_1_0_20170120224818072.jpg,train
45,3,45_0_3_20170119211754490.jpg,train
36,1,36_0_1_20170117135448300.jpg,train
66,0,66_1_0_20170110141120112.jpg,train
26,0,26_0_0_20170105162452859.jpg,train
58,3,58_0_3_20170119211548329.jpg,train
23,3,23_0_3_20170119164006043.jpg,train
24,3,24_1_3_20170117150552500.jpg,train
56,0,56_1_0_20170110154129028.jpg,train
30,2,30_1_2_20170108234540565.jpg,train
54,0,54_1_0_20170117171701754.jpg,train
27,3,27_0_3_20170119194353859.jpg,train
11,0,11_1_0_20170109204927071.jpg,train
3,0,3_1_0_20170109192304730.jpg,train
31,1,31_0_1_20170117165741027.jpg,train
24,4,24_0_4_20170103234945243.jpg,train
26,2,26_0_2_20170116183647463.jpg,train
40,0,40_0_0_20170113141758342.jpg,train
28,1,28_0_1_20170113195927894.jpg,train
1,3,1_1_3_20161219225027497.jpg,train
1,3,1_1_3_20161219225945416.jpg,train
45,0,45_1_0_20170109135632551.jpg,train
25,2,25_1_2_20170116175241325.jpg,train
26,1,26_1_1_20170113011815991.jpg,train
26,4,26_0_4_20170117153053957.jpg,train
1,0,1_1_0_20161219205534526.jpg,train
26,3,26_1_3_20170119193111657.jpg,train
50,0,50_0_0_20170104213122948.jpg,train
12,0,12_0_0_20170110225540554.jpg,train
28,0,28_0_0_20170117120705693.jpg,train
28,3,28_1_3_20170109132821495.jpg,train
55,0,55_1_0_20170117175304208.jpg,train
40,0,40_0_0_20170111181750378.jpg,train
85,0,85_1_0_20170110181543448.jpg,train
47,0,47_1_0_20170109220729248.jpg,train
31,1,31_1_1_20170116180044004.jpg,train
38,1,38_1_1_20170116012202989.jpg,train
52,0,52_0_0_20170104211941860.jpg,train
40,0,40_0_0_20170104204559660.jpg,train
1,0,1_1_0_20170109192442932.jpg,train
15,0,15_0_0_20170104013333801.jpg,train
45,3,45_0_3_20170113190535208.jpg,train
25,0,25_1_0_20170103181255384.jpg,train
35,4,35_1_4_20170117203429672.jpg,train
36,3,36_1_3_20170119192728122.jpg,train
25,0,25_0_0_20170116223117663.jpg,train
35,0,35_0_0_20170117170540987.jpg,train
21,4,21_1_4_20170103201905647.jpg,train
37,3,37_0_3_20170119202258422.jpg,train
34,1,34_0_1_20170116200653236.jpg,train
35,3,35_0_3_20170117000810969.jpg,train
24,0,24_1_0_20170112234658946.jpg,train
1,2,1_0_2_20161219221833407.jpg,train
34,3,34_1_3_20170119200852458.jpg,train
35,1,35_1_1_20170116223049636.jpg,train
49,0,49_1_0_20170109141328213.jpg,train
26,0,26_0_0_20170117172613381.jpg,train
39,1,39_0_1_20170116200533354.jpg,train
1,3,1_0_3_20161219225721496.jpg,train
26,4,26_1_4_20161221200012536.jpg,train
1,2,1_0_2_20161220144957407.jpg,train
29,0,29_0_0_20170104201127146.jpg,train
26,3,26_0_3_20170119180443388.jpg,train
35,0,35_1_0_20170117140823431.jpg,train
24,0,24_0_0_20170117194602044.jpg,train
28,3,28_0_3_20170119144359718.jpg,train
36,0,36_1_0_20170116192006771.jpg,train
50,0,50_0_0_20170111181750475.jpg,train
1,2,1_1_2_20161219195732971.jpg,train
25,3,25_0_3_20170119171159472.jpg,train
58,0,58_0_0_20170104213016013.jpg,train
31,0,31_1_0_20170113002019668.jpg,train
52,0,52_0_0_20170117161015463.jpg,train
18,0,18_1_0_20170117142633417.jpg,train
58,1,58_0_1_20170111170138036.jpg,train
25,0,25_1_0_20170117195134252.jpg,train
56,0,56_1_0_20170110131907975.jpg,train
1,0,1_0_0_20161219204759412.jpg,train
28,2,28_1_2_20170116164649902.jpg,train
30,2,30_1_2_20170104192931704.jpg,train
68,0,68_1_0_20170120224936648.jpg,train
8,0,8_1_0_20170109202317876.jpg,train
24,0,24_0_0_20170104230201657.jpg,train
62,0,62_1_0_20170110160643798.jpg,train
56,1,56_1_1_20170116161657239.jpg,train
24,4,24_1_4_20170103212802644.jpg,train
19,0,19_0_0_20170103201406775.jpg,train
45,3,45_0_3_20170119201251044.jpg,train
27,4,27_1_4_20170103175504767.jpg,train
54,0,54_0_0_20170113184955694.jpg,train
28,1,28_1_1_20170116023923708.jpg,train
39,0,39_0_0_20170109011813551.jpg,train
35,0,35_0_0_20170116222357299.jpg,train
38,3,38_1_3_20170105001035965.jpg,train
75,0,75_0_0_20170111205059862.jpg,train
37,0,37_0_0_20170116200645679.jpg,train
18,0,18_1_0_20170117150406531.jpg,train
52,0,52_0_0_20170111195709447.jpg,train
35,1,35_0_1_20170113185501169.jpg,train
28,0,28_0_0_20170117180535344.jpg,train
37,1,37_1_1_20170105172932885.jpg,train
1,0,1_1_0_20161219212433510.jpg,train
21,4,21_0_4_20161223214823880.jpg,train
24,4,24_1_4_20170103225908457.jpg,train
32,0,32_0_0_20170117133751253.jpg,train
30,2,30_0_2_20170116164401454.jpg,train
14,0,14_0_0_20170110224441502.jpg,train
26,3,26_0_3_20170119180344516.jpg,train
18,1,18_0_1_20170114030419966.jpg,train
27,1,27_0_1_20170117005928329.jpg,train
21,0,21_0_0_20170120134243735.jpg,train
27,2,27_1_2_20170116163123283.jpg,train
1,0,1_0_0_20170109192836519.jpg,train
54,0,54_0_0_20170104212535269.jpg,train
40,0,40_1_0_20170117003132118.jpg,train
26,3,26_1_3_20170117174439983.jpg,train
53,0,53_1_0_20170104212419940.jpg,train
55,3,55_0_3_20170119204827472.jpg,train
31,3,31_0_3_20170119160307619.jpg,train
16,0,16_0_0_20170110231707270.jpg,train
26,0,26_1_0_20170117175313606.jpg,train
60,1,60_1_1_20170113001648066.jpg,train
58,0,58_1_0_20170109150657263.jpg,train
26,1,26_1_1_20170116022038426.jpg,train
61,0,61_0_0_20170117192038683.jpg,train
5,0,5_1_0_20170109193951363.jpg,train
10,0,10_0_0_20170110220403810.jpg,train
16,0,16_0_0_20170110231725022.jpg,train
49,0,49_1_0_20170104204953660.jpg,train
35,1,35_0_1_20170117095820209.jpg,train
52,3,52_0_3_20170113190623929.jpg,train
27,2,27_1_2_20170116163614840.jpg,train
2,2,2_1_2_20161219162835606.jpg,train
25,3,25_0_3_20170119171743041.jpg,train
22,3,22_0_3_20170119162820341.jpg,train
26,0,26_1_0_20170116180121605.jpg,train
26,3,26_1_3_20170104222855375.jpg,train
4,0,4_1_0_20161219160558133.jpg,train
29,0,29_1_0_20170117092610705.jpg,train
31,1,31_1_1_20170117133424944.jpg,train
1,2,1_0_2_20161219212824950.jpg,train
36,3,36_1_3_20170117162455051.jpg,train
39,0,39_0_0_20170113134725338.jpg,train
28,1,28_0_1_20170117123923204.jpg,train
25,1,25_0_1_20170116002814761.jpg,train
53,0,53_1_0_20170105163430701.jpg,train
58,0,58_0_0_20170111205311209.jpg,train
32,0,32_0_0_20170117154734499.jpg,train
23,3,23_0_3_20170119164314853.jpg,train
28,3,28_0_3_20170119194507819.jpg,train
36,0,36_1_0_20170117171707768.jpg,train
24,3,24_1_3_20170119171019536.jpg,train
30,0,30_0_0_20170117171914259.jpg,train
20,0,20_1_0_20170117141223953.jpg,train
23,1,23_0_1_20170117194052028.jpg,train
35,2,35_0_2_20170116182340066.jpg,train
27,1,27_0_1_20170113182853263.jpg,train
25,2,25_1_2_20170116003442393.jpg,train
36,0,36_1_0_20170105161643483.jpg,train
35,0,35_0_0_20170108224654643.jpg,train
26,3,26_0_3_20170117153030981.jpg,train
1,3,1_0_3_20161220220508802.jpg,train
2,0,2_0_0_20170110213128362.jpg,train
1,0,1_1_0_20161219160037214.jpg,train
24,1,24_1_1_20170117164614871.jpg,train
26,4,26_1_4_20170117201548014.jpg,train
1,2,1_0_2_20161219161106398.jpg,train
24,4,24_1_4_20170117145459404.jpg,train
14,0,14_1_0_20170103200757286.jpg,train
26,1,26_0_1_20170116143037391.jpg,train
5,0,5_0_0_20170110213118425.jpg,train
30,0,30_1_0_20170117144819225.jpg,train
2,4,2_1_4_20161221202425393.jpg,train
24,2,24_1_2_20170116174621192.jpg,train
30,1,30_1_1_20170117125922762.jpg,train
47,0,47_0_0_20170105173116787.jpg,train
9,0,9_0_0_20170110224351698.jpg,train
40,0,40_1_0_20170117174753056.jpg,train
26,0,26_1_0_20170117175227641.jpg,train
35,4,35_1_4_20170117201052046.jpg,train
45,0,45_0_0_20170113182911812.jpg,train
39,3,39_1_3_20170104234641563.jpg,train
26,2,26_1_2_20170116184237219.jpg,train
1,3,1_0_3_20161219225759904.jpg,train
50,0,50_1_0_20170120220951100.jpg,train
40,0,40_0_0_20170116225114199.jpg,train
35,0,35_0_0_20170105172523741.jpg,train
56,0,56_0_0_20170104210832380.jpg,train
59,0,59_0_0_20170104212405077.jpg,train
14,0,14_1_0_20170104011733528.jpg,train
20,1,20_0_1_20170113132703608.jpg,train
28,1,28_0_1_20170114032935025.jpg,train
26,1,26_0_1_20170117172711486.jpg,train
26,1,26_0_1_20170113134332736.jpg,train
9,0,9_1_0_20170109202819671.jpg,train
60,0,60_0_0_20170119204301455.jpg,train
75,0,75_0_0_20170111205746197.jpg,train
28,0,28_0_0_20170114032106670.jpg,train
20,3,20_1_3_20170119180453339.jpg,train
72,0,72_1_0_20170110183431246.jpg,train
32,3,32_0_3_20170109141302293.jpg,train
16,0,16_0_0_20170110232040957.jpg,train
34,0,34_1_0_20170120223213290.jpg,train
1,2,1_0_2_20161219200503284.jpg,train
49,0,49_0_0_20170117170554905.jpg,train
1,0,1_0_0_20170110211517802.jpg,train
55,0,55_0_0_20170117155045014.jpg,train
24,2,24_0_2_20170116165334206.jpg,train
50,0,50_0_0_20170109012530622.jpg,train
40,0,40_1_0_20170117185328025.jpg,train
43,0,43_1_0_20170117185939842.jpg,train
55,0,55_0_0_20170117155144918.jpg,train
26,0,26_0_0_20170117201116334.jpg,train
1,3,1_0_3_20161220145001239.jpg,train
1,2,1_0_2_20161219205836181.jpg,train
1,2,1_0_2_20161219195649628.jpg,train
3,0,3_1_0_20170109193452700.jpg,train
4,2,4_1_2_20161219195722083.jpg,train
26,2,26_1_2_20170116182615565.jpg,train
23,1,23_0_1_20170114033532450.jpg,train
28,0,28_1_0_20170103182217768.jpg,train
25,0,25_1_0_20170117195339173.jpg,train
25,3,25_1_3_20170119172135455.jpg,train
26,4,26_1_4_20170117174512949.jpg,train
26,1,26_0_1_20170113174249954.jpg,train
1,2,1_1_2_20161219212221341.jpg,train
25,3,25_0_3_20170116222907776.jpg,train
72,0,72_1_0_20170110120829664.jpg,train
58,0,58_0_0_20170117191836212.jpg,train
25,0,25_0_0_20170116001254628.jpg,train
53,0,53_0_0_20170104184617629.jpg,train
35,0,35_0_0_20170117131215811.jpg,train
28,2,28_1_2_20170116165117020.jpg,train
37,3,37_0_3_20170119202425238.jpg,train
29,4,29_1_4_20170103163340489.jpg,train
36,1,36_1_1_20170112235521289.jpg,train
1,3,1_1_3_20161220143348598.jpg,train
26,1,26_0_1_20170116193350792.jpg,train
30,3,30_0_3_20170117145159065.jpg,train
1,2,1_0_2_20161219203140692.jpg,train
3,0,3_0_0_20170110212724938.jpg,train
26,3,26_1_3_20170119193121281.jpg,train
80,0,80_0_0_20170117175134292.jpg,train
49,0,49_1_0_20170109142131660.jpg,train
40,3,40_0_3_20170119204129150.jpg,train
40,1,40_0_1_20170113184933016.jpg,train
4,2,4_1_2_20161219195305787.jpg,train
1,0,1_1_0_20161219211652253.jpg,train
27,3,27_1_3_20170104231549626.jpg,train
51,0,51_0_0_20170111171747319.jpg,train
26,0,26_1_0_20170112234157545.jpg,train
17,0,17_0_0_20170105183615673.jpg,train
25,0,25_1_0_20170116223848612.jpg,train
22,2,22_0_2_20170104021348142.jpg,train
25,3,25_0_3_20170119171304336.jpg,train
35,2,35_0_2_20170105172512670.jpg,train
17,0,17_1_0_20170109213916364.jpg,train
25,3,25_1_3_20170117152134924.jpg,train
24,2,24_0_2_20170104020102786.jpg,train
28,2,28_1_2_20170116165121497.jpg,train
32,2,32_0_2_20170116190200837.jpg,train
45,1,45_0_1_20170113190638200.jpg,train
8,0,8_1_0_20170109205515528.jpg,train
37,0,37_1_0_20170119202548638.jpg,train
28,0,28_0_0_20170117180605616.jpg,train
28,0,28_1_0_20170104181551957.jpg,train
53,0,53_1_0_20170110160643266.jpg,train
15,0,15_0_0_20170110232327328.jpg,train
38,1,38_1_1_20170116160907331.jpg,train
1,2,1_1_2_20161219200152877.jpg,train
62,0,62_0_0_20170111204910736.jpg,train
35,3,35_1_3_20170117153815997.jpg,train
23,0,23_0_0_20170117144517953.jpg,train
31,1,31_1_1_20170115234845837.jpg,train
31,2,31_0_2_20170116170847276.jpg,train
26,1,26_0_1_20170113151702303.jpg,train
26,2,26_0_2_20170119180632923.jpg,train
45,0,45_0_0_20170117185742546.jpg,train
34,1,34_0_1_20170117173314341.jpg,train
36,3,36_0_3_20170119201708181.jpg,train
30,0,30_0_0_20170117181118268.jpg,train
26,2,26_1_2_20170116182332585.jpg,train
28,0,28_0_0_20170102233611323.jpg,train
58,0,58_0_0_20170120225226444.jpg,train
35,1,35_0_1_20170117143358264.jpg,train
51,0,51_0_0_20170111181750489.jpg,train
37,1,37_1_1_20170116222816400.jpg,train
31,3,31_0_3_20170119211535833.jpg,train
42,0,42_1_0_20170105164308955.jpg,train
36,3,36_0_3_20170119183044775.jpg,train
26,1,26_0_1_20170116221022120.jpg,train
11,0,11_1_0_20170109204641514.jpg,train
45,0,45_0_0_20170117183156790.jpg,train
20,0,20_1_0_20170116205807966.jpg,train
33,1,33_1_1_20170117173927950.jpg,train
1,2,1_1_2_20161219222021335.jpg,train
25,1,25_1_1_20170114024700519.jpg,train
36,0,36_1_0_20170117135850660.jpg,train
5,0,5_0_0_20170110212701465.jpg,train
26,3,26_0_3_20170119191757778.jpg,train
36,1,36_0_1_20170113134300507.jpg,train
3,2,3_1_2_20161219162232374.jpg,train
27,0,27_0_0_20170117010746791.jpg,train
1,2,1_0_2_20170109191209991.jpg,train
3,2,3_0_2_20161219142321097.jpg,train
47,0,47_0_0_20170117155944017.jpg,train
26,1,26_0_1_20170116010432759.jpg,train
43,1,43_0_1_20170116205314288.jpg,train
42,1,42_0_1_20170117171628313.jpg,train
39,3,39_1_3_20170119172010681.jpg,train
1,2,1_0_2_20161219190025955.jpg,train
1,0,1_1_0_20170117192912861.jpg,train
42,1,42_1_1_20170113013008103.jpg,train
35,3,35_0_3_20170109140717487.jpg,train
30,3,30_0_3_20170119204751837.jpg,train
28,2,28_0_2_20170116180337639.jpg,train
32,0,32_1_0_20170103182609772.jpg,train
26,1,26_1_1_20170116014143675.jpg,train
47,3,47_0_3_20170119193252674.jpg,train
85,0,85_0_0_20170111210408610.jpg,train
22,3,22_1_3_20170104222220913.jpg,train
28,1,28_0_1_20170113175016716.jpg,train
32,2,32_1_2_20170116191622164.jpg,train
54,3,54_0_3_20170117185818497.jpg,train
14,0,14_1_0_20170109214349442.jpg,train
19,0,19_1_0_20170105183441000.jpg,train
65,0,65_0_0_20170117191827251.jpg,train
29,0,29_1_0_20170117130631165.jpg,train
28,2,28_1_2_20170116164237338.jpg,train
53,0,53_0_0_20170104184614982.jpg,train
24,2,24_0_2_20170116174324623.jpg,train
29,0,29_0_0_20170117121824742.jpg,train
1,0,1_1_0_20161219161636014.jpg,train
25,0,25_1_0_20170116223125337.jpg,train
28,0,28_0_0_20170117144444595.jpg,train
30,0,30_1_0_20170117135952703.jpg,train
8,0,8_0_0_20170103210825483.jpg,train
45,3,45_0_3_20170119184153479.jpg,train
35,2,35_0_2_20170116191801122.jpg,train
35,0,35_1_0_20170117145000436.jpg,train
26,1,26_1_1_20170116231533347.jpg,train
21,1,21_0_1_20170116215700416.jpg,train
40,0,40_0_0_20170117121759794.jpg,train
35,2,35_0_2_20170119193316562.jpg,train
26,1,26_0_1_20170116010920708.jpg,train
34,1,34_1_1_20170116010920708.jpg,train
58,0,58_0_0_20170120224603295.jpg,train
31,0,31_1_0_20170117133158992.jpg,train
1,0,1_1_0_20170103213335661.jpg,train
36,0,36_1_0_20170103163638913.jpg,train
27,0,27_1_0_20170111182452802.jpg,train
24,0,24_1_0_20170117150515251.jpg,train
1,2,1_1_2_20161219142015873.jpg,train
30,0,30_0_0_20170120134230135.jpg,train
35,4,35_0_4_20170117194209748.jpg,train
34,1,34_1_1_20170113005245917.jpg,train
32,4,32_1_4_20170103230129305.jpg,train
10,0,10_0_0_20170110225444491.jpg,train
23,0,23_1_0_20170103180414191.jpg,train
39,0,39_0_0_20170104183807637.jpg,train
26,1,26_0_1_20170113135559835.jpg,train
5,2,5_1_2_20161219141405008.jpg,train
27,1,27_0_1_20170116193905098.jpg,train
30,0,30_1_0_20170117203639423.jpg,train
46,0,46_0_0_20170109012425702.jpg,train
30,2,30_1_2_20170116184611730.jpg,train
26,1,26_1_1_20170116162448538.jpg,train
38,1,38_0_1_20170116010748407.jpg,train
26,1,26_0_1_20170117020645902.jpg,train
31,2,31_1_2_20170105161436755.jpg,train
58,3,58_0_3_20170119195320690.jpg,train
28,0,28_1_0_20170117180723706.jpg,train
4,0,4_1_0_20170103212153219.jpg,train
29,1,29_0_1_20170116203619812.jpg,train
36,1,36_1_1_20170113000341643.jpg,train
61,0,61_0_0_20170105173233956.jpg,train
1,2,1_0_2_20161219203105373.jpg,train
50,3,50_0_3_20170119204418614.jpg,train
27,1,27_0_1_20170117013658301.jpg,train
24,1,24_1_1_20170117022255162.jpg,train
70,0,70_0_0_20170117174556670.jpg,train
53,3,53_1_3_20170119205926527.jpg,train
24,3,24_1_3_20170104223049680.jpg,train
58,0,58_0_0_20170104185141158.jpg,train
22,2,22_1_2_20170116172705545.jpg,train
18,0,18_1_0_20170109212647587.jpg,train
3,2,3_0_2_20161219161700237.jpg,train
26,3,26_1_3_20170119193116354.jpg,train
30,1,30_0_1_20170116191707734.jpg,train
28,0,28_1_0_20170117191714643.jpg,train
27,3,27_0_3_20170119193302202.jpg,train
19,0,19_0_0_20170117185159337.jpg,train
26,3,26_0_3_20170119165526055.jpg,train
35,3,35_1_3_20170119201055428.jpg,train
48,3,48_1_3_20170109141805054.jpg,train
27,0,27_0_0_20170117012808138.jpg,train
23,3,23_1_3_20170104223200053.jpg,train
26,4,26_1_4_20170117152921443.jpg,train
26,3,26_1_3_20170109134510359.jpg,train
28,1,28_0_1_20170116193402600.jpg,train
26,0,26_0_0_20170116182305836.jpg,train
28,4,28_1_4_20170104000708986.jpg,train
29,0,29_0_0_20170104202110730.jpg,train
35,0,35_1_0_20170103163453110.jpg,train
40,0,40_0_0_20170117143324026.jpg,train
25,3,25_1_3_20170117151139179.jpg,train
80,0,80_1_0_20170110143302067.jpg,train
1,2,1_0_2_20161219200242220.jpg,train
26,2,26_0_2_20170116181100669.jpg,train
32,3,32_1_3_20170119155703795.jpg,train
24,2,24_1_2_20170116164545482.jpg,train
9,0,9_0_0_20170110224455692.jpg,train
5,0,5_1_0_20170109194005140.jpg,train
45,1,45_0_1_20170113173043145.jpg,train
28,4,28_1_4_20170103235557846.jpg,train
30,0,30_0_0_20170117172644485.jpg,train
14,0,14_1_0_20170109203842960.jpg,train
22,3,22_1_3_20170104214404028.jpg,train
20,1,20_0_1_20170113132730457.jpg,train
35,1,35_0_1_20170116164825103.jpg,train
26,3,26_1_3_20170119181305426.jpg,train
30,1,30_0_1_20170116010647849.jpg,train
70,0,70_1_0_20170110152916950.jpg,train
27,4,27_1_4_20170117202236181.jpg,train
18,1,18_0_1_20170113132629362.jpg,train
50,3,50_0_3_20170119205545190.jpg,train
85,0,85_1_0_20170110180123239.jpg,train
2,2,2_0_2_20161219151233595.jpg,train
44,3,44_1_3_20170119172158321.jpg,train
58,0,58_0_0_20170113210319952.jpg,train
1,2,1_1_2_20161219221915303.jpg,train
1,3,1_1_3_20161220143204424.jpg,train
47,0,47_0_0_20170117195457344.jpg,train
3,0,3_0_0_20170110213048070.jpg,train
26,3,26_1_3_20170119193118682.jpg,train
61,0,61_0_0_20170104213537981.jpg,train
2,2,2_0_2_20161219141147608.jpg,train
40,0,40_0_0_20170117185309809.jpg,train
29,3,29_1_3_20170117143838036.jpg,train
40,3,40_0_3_20170119210046520.jpg,train
18,1,18_1_1_20170112231616704.jpg,train
27,3,27_1_3_20170119194425619.jpg,train
32,3,32_1_3_20170116170836443.jpg,train
26,3,26_1_3_20170119180550463.jpg,train
28,1,28_0_1_20170117021617321.jpg,train
36,0,36_0_0_20170113174401250.jpg,train
26,0,26_1_0_20170116153823864.jpg,train
69,0,69_1_0_20170110141630303.jpg,train
23,1,23_0_1_20170114034248958.jpg,train
58,0,58_0_0_20170105173636909.jpg,train
1,2,1_0_2_20161219161941534.jpg,train
31,2,31_0_2_20170116191327593.jpg,train
26,0,26_0_0_20170113210127413.jpg,train
28,3,28_1_3_20170119195056083.jpg,train
28,3,28_1_3_20170119194459995.jpg,train
55,0,55_0_0_20170111203852863.jpg,train
8,0,8_1_0_20170109203324490.jpg,train
26,0,26_0_0_20170113210605270.jpg,train
2,2,2_0_2_20161219192150665.jpg,train
1,0,1_0_0_20170110212603790.jpg,train
35,4,35_0_4_20170117171324867.jpg,train
12,0,12_0_0_20170117165940524.jpg,train
32,0,32_1_0_20170103180822745.jpg,train
26,3,26_1_3_20170119193142729.jpg,train
26,1,26_0_1_20170116204941727.jpg,train
40,0,40_1_0_20170117182524092.jpg,train
16,0,16_1_0_20170109201603478.jpg,train
30,0,30_1_0_20170117092552049.jpg,train
25,1,25_0_1_20170114030958039.jpg,train
40,0,40_0_0_20170117135352413.jpg,train
29,3,29_0_3_20170117180746585.jpg,train
70,0,70_0_0_20170120221817960.jpg,train
26,1,26_1_1_20170113012119680.jpg,train
26,0,26_1_0_20170117153211341.jpg,train
1,0,1_1_0_20161220220103049.jpg,train
28,1,28_0_1_20170117020048217.jpg,train
30,0,30_1_0_20170117092656822.jpg,train
67,0,67_1_0_20170110143255682.jpg,train
1,2,1_1_2_20161219193320219.jpg,train
64,0,64_0_0_20170120222952994.jpg,train
1,2,1_0_2_20170109192102236.jpg,train
27,1,27_1_1_20170116171146677.jpg,train
2,0,2_0_0_20170110212816271.jpg,train
43,0,43_0_0_20170117185856051.jpg,train
42,0,42_0_0_20170117154803642.jpg,train
26,3,26_0_3_20170119180439076.jpg,train
35,0,35_0_0_20170117180401255.jpg,train
29,1,29_1_1_20170113010931254.jpg,train
55,3,55_0_3_20170117191549010.jpg,train
26,3,26_0_3_20170119150512262.jpg,train
2,4,2_0_4_20161221195015399.jpg,train
26,1,26_0_1_20170116185229362.jpg,train
50,0,50_0_0_20170109010653014.jpg,train
22,1,22_0_1_20170113133303935.jpg,train
21,4,21_1_4_20161221193302541.jpg,train
26,2,26_0_2_20170119184055239.jpg,train
65,0,65_1_0_20170110143547028.jpg,train
28,1,28_0_1_20170117193549278.jpg,train
34,0,34_1_0_20170103183147490.jpg,train
30,4,30_0_4_20170117151010732.jpg,train
24,3,24_1_3_20170117150320420.jpg,train
26,0,26_0_0_20170117172056035.jpg,train
24,1,24_0_1_20170116024612640.jpg,train
24,3,24_1_3_20170104223610175.jpg,train
42,0,42_1_0_20170104181529757.jpg,train
35,1,35_0_1_20170117000315372.jpg,train
33,0,33_1_0_20170117174727549.jpg,train
26,3,26_0_3_20170119180345268.jpg,train
23,4,23_0_4_20170117194027228.jpg,train
36,0,36_0_0_20170104203841107.jpg,train
7,0,7_0_0_20170110225222391.jpg,train
1,1,1_1_1_20161219155940125.jpg,train
29,0,29_1_0_20170109134017138.jpg,train
1,2,1_1_2_20161219142150994.jpg,train
4,0,4_0_0_20170110213325187.jpg,train
49,0,49_0_0_20170104185744454.jpg,train
85,0,85_1_0_20170110182111721.jpg,train
8,0,8_1_0_20170109205311048.jpg,train
30,3,30_0_3_20170117123905973.jpg,train
48,0,48_0_0_20170109012405234.jpg,train
50,0,50_0_0_20170111200749613.jpg,train
32,1,32_1_1_20170113012217433.jpg,train
50,0,50_1_0_20170120222640234.jpg,train
26,0,26_1_0_20170104233850235.jpg,train
45,0,45_0_0_20170117154539187.jpg,train
1,3,1_1_3_20161219225035448.jpg,train
27,0,27_1_0_20170117175951091.jpg,train
9,0,9_0_0_20170102235106821.jpg,train
26,2,26_1_2_20170116175437182.jpg,train
60,0,60_0_0_20170104205856564.jpg,train
20,3,20_1_3_20170119180826861.jpg,train
1,2,1_1_2_20161219195318220.jpg,train
26,4,26_0_4_20170103235523972.jpg,train
30,0,30_0_0_20170119180216577.jpg,train
65,0,65_0_0_20170120222816177.jpg,train
23,2,23_1_2_20170116173143018.jpg,train
1,4,1_0_4_20161221195955560.jpg,train
50,1,50_0_1_20170113184607014.jpg,train
37,0,37_1_0_20170109003001568.jpg,train
28,1,28_0_1_20170117022132855.jpg,train
65,0,65_0_0_20170104185810566.jpg,train
23,2,23_1_2_20170116173057476.jpg,train
26,2,26_0_2_20170116181346232.jpg,train
26,3,26_0_3_20170117153347116.jpg,train
45,3,45_0_3_20170119165318518.jpg,train
52,0,52_0_0_20170120222924114.jpg,train
53,3,53_0_3_20170119164018532.jpg,train
1,3,1_1_3_20161220220124722.jpg,train
27,2,27_0_2_20170116161902902.jpg,train
26,0,26_1_0_20170112203844509.jpg,train
49,3,49_0_3_20170105172442069.jpg,train
28,0,28_0_0_20170117021411463.jpg,train
40,0,40_0_0_20170117182850349.jpg,train
54,0,54_0_0_20170111201637797.jpg,train
26,2,26_1_2_20170116183804232.jpg,train
26,3,26_1_3_20170119180945883.jpg,train
30,1,30_1_1_20170112210348446.jpg,train
43,0,43_0_0_20170104204257115.jpg,train
29,1,29_1_1_20170113000314554.jpg,train
28,1,28_0_1_20170113151216654.jpg,train
34,1,34_1_1_20170113001409411.jpg,train
23,3,23_1_3_20170117144858514.jpg,train
55,3,55_1_3_20170117154725038.jpg,train
27,3,27_1_3_20170119193219282.jpg,train
1,2,1_1_2_20161219194655428.jpg,train
1,2,1_0_2_20161219161032534.jpg,train
4,3,4_1_3_20161219224933671.jpg,train
45,0,45_0_0_20170117191556772.jpg,train
34,0,34_0_0_20170117134910165.jpg,train
75,0,75_1_0_20170109132033628.jpg,train
1,3,1_1_3_20161219224751288.jpg,train
26,0,26_0_0_20170104230421569.jpg,train
35,0,35_1_0_20170104171655778.jpg,train
22,1,22_0_1_20170113150441654.jpg,train
24,2,24_0_2_20170116170746007.jpg,train
30,0,30_0_0_20170117125941072.jpg,train
28,2,28_1_2_20170116175454615.jpg,train
17,0,17_0_0_20170116205554725.jpg,train
1,4,1_1_4_20161221202018329.jpg,train
80,0,80_0_0_20170117173307368.jpg,train
25,1,25_1_1_20170112192945622.jpg,train
52,0,52_0_0_20170111195809170.jpg,train
65,0,65_1_0_20170110133937781.jpg,train
20,0,20_0_0_20170117141041394.jpg,train
1,0,1_0_0_20161219195753899.jpg,train
72,0,72_1_0_20170110122329893.jpg,train
10,0,10_1_0_20170109204746535.jpg,train
1,0,1_1_0_20170109190810090.jpg,train
47,3,47_0_3_20170117190214362.jpg,train
38,1,38_1_1_20170117121954647.jpg,train
1,0,1_1_0_20170117192722435.jpg,train
26,0,26_0_0_20170117171705044.jpg,train
45,3,45_1_3_20170119200125452.jpg,train
1,2,1_0_2_20161219204836612.jpg,train
29,4,29_0_4_20170108223951591.jpg,train
27,1,27_0_1_20170113150706765.jpg,train
32,1,32_1_1_20170113012739969.jpg,train
1,4,1_1_4_20161221194943920.jpg,train
28,3,28_1_3_20170119195107761.jpg,train
20,4,20_1_4_20170103212722908.jpg,train
26,2,26_1_2_20170116182351803.jpg,train
1,4,1_1_4_20170103210113314.jpg,train
26,1,26_1_1_20170116164434468.jpg,train
80,0,80_1_0_20170110181333958.jpg,train
69,0,69_0_0_20170111200942998.jpg,train
32,0,32_1_0_20170117203118672.jpg,train
40,1,40_0_1_20170113190544049.jpg,train
15,0,15_0_0_20170110224324459.jpg,train
26,2,26_1_2_20170116182242873.jpg,train
27,1,27_0_1_20170116030530533.jpg,train
30,3,30_0_3_20170119195811116.jpg,train
26,1,26_1_1_20170113011638655.jpg,train
37,0,37_0_0_20170117164409579.jpg,train
12,0,12_1_0_20170109203424756.jpg,train
24,3,24_1_3_20170104222401271.jpg,train
24,0,24_1_0_20170105000615467.jpg,train
53,0,53_0_0_20170109012753174.jpg,train
29,3,29_0_3_20170119195114531.jpg,train
50,0,50_1_0_20170110151412371.jpg,train
45,3,45_1_3_20170104234959306.jpg,train
46,0,46_0_0_20170119150223726.jpg,train
65,0,65_0_0_20170104213544876.jpg,train
65,0,65_0_0_20170117171106484.jpg,train
29,0,29_0_0_20170116192103987.jpg,train
1,2,1_1_2_20161219141136872.jpg,train
36,1,36_1_1_20170116014314127.jpg,train
2,2,2_1_2_20161219140944855.jpg,train
65,0,65_1_0_20170110141141881.jpg,train
25,3,25_1_3_20170109213236360.jpg,train
45,0,45_0_0_20170119195905775.jpg,train
30,0,30_0_0_20170117134548302.jpg,train
1,2,1_0_2_20161219161831390.jpg,train
58,0,58_1_0_20170117204753192.jpg,train
1,2,1_0_2_20161219205148821.jpg,train
32,2,32_1_2_20170116190147549.jpg,train
54,3,54_0_3_20170119201031709.jpg,train
24,2,24_1_2_20170116173446462.jpg,train
25,1,25_0_1_20170116001032282.jpg,train
1,2,1_0_2_20161219155542229.jpg,train
1,2,1_0_2_20161219153127196.jpg,train
54,0,54_0_0_20170119210009054.jpg,train
30,2,30_0_2_20170107212049636.jpg,train
2,4,2_1_4_20161221202110987.jpg,train
35,3,35_0_3_20170119201417013.jpg,train
67,0,67_0_0_20170120223037554.jpg,train
32,1,32_1_1_20170116223034191.jpg,train
32,3,32_0_3_20170119200350043.jpg,train
26,1,26_1_1_20170116232809522.jpg,train
30,2,30_0_2_20170117202816104.jpg,train
23,3,23_1_3_20170104222316911.jpg,train
2,2,2_0_2_20161219140845808.jpg,train
26,3,26_0_3_20170119180446828.jpg,train
20,1,20_0_1_20170120134900190.jpg,train
90,0,90_1_0_20170110182426286.jpg,train
26,2,26_1_2_20170116183016628.jpg,train
24,0,24_1_0_20170104022714148.jpg,train
28,0,28_1_0_20170117175333441.jpg,train
26,2,26_0_2_20170116182413642.jpg,train
32,0,32_1_0_20170117170534474.jpg,train
60,0,60_0_0_20170111203255875.jpg,train
60,0,60_1_0_20170110123131564.jpg,train
1,2,1_1_2_20161219190745330.jpg,train
29,2,29_0_2_20170116214521042.jpg,train
28,0,28_1_0_20170117183207853.jpg,train
70,0,70_0_0_20170117172906417.jpg,train
28,4,28_1_4_20170117202452072.jpg,train
27,1,27_0_1_20170116024006905.jpg,train
45,0,45_0_0_20170117204042912.jpg,train
1,4,1_1_4_20161221193744550.jpg,train
25,1,25_1_1_20170116002112614.jpg,train
1,0,1_1_0_20170109193018259.jpg,train
1,3,1_1_3_20161220220157201.jpg,train
22,4,22_1_4_20170112233623976.jpg,train
39,0,39_0_0_20170117121745777.jpg,train
24,0,24_1_0_20170117150524692.jpg,train
1,2,1_0_2_20161219140952943.jpg,train
26,1,26_0_1_20170117195937173.jpg,train
1,0,1_0_0_20161219212409141.jpg,train
36,3,36_0_3_20170104220700302.jpg,train
24,3,24_0_3_20170119165641406.jpg,train
42,0,42_0_0_20170104204628725.jpg,train
29,3,29_0_3_20170119170547814.jpg,train
60,1,60_0_1_20170113151557287.jpg,train
85,0,85_1_0_20170110181956588.jpg,train
39,3,39_0_3_20170119194607251.jpg,train
26,2,26_1_2_20170116180334106.jpg,train
28,3,28_1_3_20170119195056772.jpg,train
1,3,1_0_3_20161220220358441.jpg,train
46,1,46_0_1_20170117183456244.jpg,train
5,0,5_0_0_20170110215835907.jpg,train
2,2,2_0_2_20161219190735147.jpg,train
26,1,26_1_1_20170116164012804.jpg,train
21,1,21_1_1_20170114032152049.jpg,train
53,0,53_0_0_20170104184152541.jpg,train
39,0,39_0_0_20170104205154433.jpg,train
41,0,41_1_0_20170117185511874.jpg,train
23,4,23_1_4_20170103223618431.jpg,train
26,0,26_1_0_20170116224857470.jpg,train
24,0,24_0_0_20170116224743469.jpg,train
52,0,52_0_0_20170111195726274.jpg,train
50,3,50_1_3_20170104235532885.jpg,train
2,2,2_1_2_20161219140840080.jpg,train
1,2,1_0_2_20161219161618142.jpg,train
1,2,1_0_2_20161219222119639.jpg,train
26,1,26_1_1_20170113182747229.jpg,train
35,3,35_1_3_20170104223440424.jpg,train
29,0,29_0_0_20170117202637960.jpg,train
40,0,40_0_0_20170117133805950.jpg,train
29,1,29_1_1_20170116010545437.jpg,train
45,0,45_1_0_20170109221130179.jpg,train
35,0,35_0_0_20170104204813467.jpg,train
38,3,38_0_3_20170116223006279.jpg,train
31,0,31_1_0_20170117133119014.jpg,train
66,0,66_0_0_20170111222127534.jpg,train
54,0,54_0_0_20170116171216593.jpg,train
30,1,30_1_1_20170114032234898.jpg,train
24,1,24_1_1_20170117013833600.jpg,train
26,4,26_1_4_20170117195954341.jpg,train
23,4,23_0_4_20170103180302079.jpg,train
35,0,35_1_0_20170117175625946.jpg,train
50,3,50_0_3_20170119211600321.jpg,train
25,0,25_1_0_20170119163307644.jpg,train
4,4,4_1_4_20161221201901345.jpg,train
27,0,27_0_0_20170117175803620.jpg,train
15,0,15_0_0_20170110225705232.jpg,train
31,1,31_0_1_20170117135511623.jpg,train
27,1,27_1_1_20170113011433800.jpg,train
2,2,2_0_2_20161219162614078.jpg,train
35,0,35_1_0_20170116222737439.jpg,train
32,3,32_1_3_20170117184329913.jpg,train
32,0,32_1_0_20170116220851784.jpg,train
30,3,30_1_3_20170117181342861.jpg,train
39,0,39_0_0_20170109010216194.jpg,train
36,3,36_0_3_20170104220702798.jpg,train
26,2,26_1_2_20170116180503250.jpg,train
28,1,28_1_1_20170117022232281.jpg,train
24,0,24_1_0_20170103180557248.jpg,train
1,0,1_1_0_20170109194142307.jpg,train
35,0,35_0_0_20170117172848396.jpg,train
26,3,26_1_3_20170119180937252.jpg,train
10,0,10_0_0_20170104013211746.jpg,train
4,0,4_0_0_20161220220926474.jpg,train
65,0,65_0_0_20170117162802627.jpg,train
26,0,26_0_0_20170117091213670.jpg,train
27,0,27_1_0_20170117202228246.jpg,train
24,2,24_1_2_20170116165631297.jpg,train
36,0,36_0_0_20170108235343740.jpg,train
66,0,66_0_0_20170116233247357.jpg,train
26,1,26_1_1_20170116153221266.jpg,train
8,3,8_0_3_20170104230746993.jpg,train
72,0,72_1_0_20170120223859838.jpg,train
39,1,39_1_1_20170113012730059.jpg,train
1,4,1_0_4_20161221202848809.jpg,train
70,0,70_1_0_20170120134300289.jpg,train
1,2,1_1_2_20161219195923075.jpg,train
60,0,60_0_0_20170117001135611.jpg,train
10,0,10_0_0_20170110225442428.jpg,train
22,3,22_1_3_20170117143734089.jpg,train
36,3,36_0_3_20170119180245724.jpg,train
1,4,1_0_4_20161221195030936.jpg,train
24,3,24_1_3_20170119170555590.jpg,train
53,0,53_1_0_20170110153042034.jpg,train
38,0,38_0_0_20170116190022195.jpg,train
26,1,26_1_1_20170116232655628.jpg,train
35,0,35_0_0_20170120223710300.jpg,train
26,2,26_1_2_20170116180854138.jpg,train
25,2,25_1_2_20170116162834422.jpg,train
25,0,25_1_0_20170105002736333.jpg,train
36,3,36_0_3_20170119195506419.jpg,train
25,3,25_1_3_20170119171925976.jpg,train
22,4,22_0_4_20170103201524479.jpg,train
68,0,68_0_0_20170117171135900.jpg,train
36,0,36_1_0_20170117135900421.jpg,train
21,1,21_0_1_20170117195323136.jpg,train
43,0,43_0_0_20170104210240958.jpg,train
3,2,3_0_2_20161219204921420.jpg,train
60,1,60_1_1_20170113005740542.jpg,train
28,2,28_1_2_20170116165125979.jpg,train
26,0,26_1_0_20170117200917775.jpg,train
29,0,29_0_0_20170117202649479.jpg,train
25,3,25_1_3_20170109132228225.jpg,train
65,0,65_1_0_20170110123252108.jpg,train
28,3,28_1_3_20170116162504864.jpg,train
2,4,2_1_4_20161221202934121.jpg,train
60,0,60_0_0_20170117192002666.jpg,train
30,2,30_1_2_20170116194224682.jpg,train
2,0,2_0_0_20170110211511626.jpg,train
40,0,40_1_0_20170104204319051.jpg,train
21,0,21_1_0_20170104234933489.jpg,train
14,0,14_0_0_20170110225405549.jpg,train
29,1,29_1_1_20170103181030152.jpg,train
80,0,80_1_0_20170110122439310.jpg,train
45,1,45_0_1_20170117190019363.jpg,train
4,0,4_0_0_20170110213526716.jpg,train
52,3,52_0_3_20170119160357804.jpg,train
8,0,8_1_0_20170109204901514.jpg,train
25,0,25_1_0_20170117140853353.jpg,train
1,2,1_0_2_20161219212555694.jpg,train
39,0,39_1_0_20170105164520316.jpg,train
45,0,45_1_0_20170109142531078.jpg,train
27,3,27_0_3_20170119153330881.jpg,train
1,0,1_0_0_20170110212745529.jpg,train
36,1,36_1_1_20170112213416311.jpg,train
29,1,29_1_1_20170116001305894.jpg,train
23,3,23_0_3_20170117144200145.jpg,train
54,0,54_0_0_20170111195744986.jpg,train
29,0,29_1_0_20170103183239274.jpg,train
1,0,1_0_0_20161219190045155.jpg,train
26,3,26_0_3_20170104230258265.jpg,train
43,3,43_0_3_20170119181057511.jpg,train
34,0,34_0_0_20170117203213479.jpg,train
1,3,1_1_3_20161219225008799.jpg,train
8,0,8_1_0_20170109201724457.jpg,train
2,4,2_0_4_20161221195201991.jpg,train
26,1,26_0_1_20170104170637953.jpg,train
56,0,56_0_0_20170113185134655.jpg,train
32,0,32_1_0_20170117123939602.jpg,train
30,0,30_1_0_20170117150839178.jpg,train
10,0,10_0_0_20170110220654150.jpg,train
26,2,26_0_2_20170116181409076.jpg,train
30,0,30_1_0_20170117193709509.jpg,train
26,4,26_0_4_20170117195456708.jpg,train
23,3,23_0_3_20170117144108739.jpg,train
35,0,35_1_0_20170116222748208.jpg,train
27,4,27_0_4_20170113133316808.jpg,train
31,4,31_1_4_20170103230248753.jpg,train
32,1,32_0_1_20170103182548641.jpg,train
32,0,32_0_0_20170119200343782.jpg,train
18,3,18_0_3_20170116221917954.jpg,train
35,1,35_0_1_20170113141808954.jpg,train
15,0,15_1_0_20170109204142217.jpg,train
26,3,26_1_3_20170119192522130.jpg,train
26,0,26_0_0_20170117195622444.jpg,train
22,0,22_0_0_20170110232213323.jpg,train
1,2,1_0_2_20161219140540938.jpg,train
36,1,36_0_1_20170113183153677.jpg,train
35,1,35_0_1_20170113173610826.jpg,train
20,4,20_0_4_20170117193505639.jpg,train
28,0,28_0_0_20170116193347672.jpg,train
25,1,25_1_1_20170112230535427.jpg,train
60,3,60_0_3_20170119205938048.jpg,train
49,0,49_0_0_20170112222149209.jpg,train
52,1,52_0_1_20170111200619762.jpg,train
14,0,14_1_0_20170109203901444.jpg,train
1,2,1_1_2_20161219155811293.jpg,train
90,0,90_0_0_20170111210338948.jpg,train
60,3,60_0_3_20170117154151955.jpg,train
2,2,2_0_2_20161219190009084.jpg,train
37,3,37_1_3_20170104235312145.jpg,train
21,3,21_1_3_20170119153944161.jpg,train
45,0,45_0_0_20170117135817875.jpg,train
35,1,35_1_1_20170117203407119.jpg,train
40,2,40_1_2_20170116191629950.jpg,train
30,2,30_1_2_20170117134233879.jpg,train
35,0,35_1_0_20170117175131343.jpg,train
38,1,38_1_1_20170104202534970.jpg,train
46,0,46_0_0_20170117135809096.jpg,train
32,4,32_1_4_20170105164210618.jpg,train
27,3,27_0_3_20170119193304226.jpg,train
3,2,3_1_2_20161219152946212.jpg,train
28,3,28_0_3_20170119194803955.jpg,train
29,3,29_0_3_20170104220737116.jpg,train
75,0,75_1_0_20170110141709735.jpg,train
40,0,40_0_0_20170117172519480.jpg,train
28,3,28_0_3_20170119194437131.jpg,train
39,0,39_0_0_20170104204717955.jpg,train
80,0,80_0_0_20170117173234032.jpg,train
30,1,30_1_1_20170114033246944.jpg,train
25,0,25_1_0_20170116201835487.jpg,train
58,0,58_0_0_20170104212025853.jpg,train
28,0,28_0_0_20170116220747543.jpg,train
26,1,26_1_1_20170112213442439.jpg,train
27,0,27_0_0_20170116205629794.jpg,train
28,1,28_0_1_20170116212304502.jpg,train
27,0,27_1_0_20170116173136538.jpg,train
28,0,28_0_0_20170119194754322.jpg,train
50,0,50_0_0_20170120220716290.jpg,train
26,1,26_1_1_20170116232800401.jpg,train
30,1,30_0_1_20170113190501769.jpg,train
30,1,30_0_1_20170113133719624.jpg,train
14,0,14_1_0_20170109205406978.jpg,train
31,1,31_0_1_20170116004652226.jpg,train
23,3,23_0_3_20170119145303710.jpg,train
68,0,68_0_0_20170111221718605.jpg,train
29,1,29_1_1_20170117194236505.jpg,train
29,0,29_0_0_20170104202211753.jpg,train
46,0,46_0_0_20170104211749300.jpg,train
26,0,26_0_0_20170117172442867.jpg,train
31,2,31_0_2_20170116170840810.jpg,train
60,0,60_1_0_20170110141334072.jpg,train
60,0,60_1_0_20170117092229305.jpg,train
2,3,2_1_3_20161219225917512.jpg,train
21,1,21_1_1_20170114031610229.jpg,train
30,2,30_1_2_20170117141055697.jpg,train
2,4,2_0_4_20161221202147913.jpg,train
26,4,26_1_4_20170117201617637.jpg,train
7,0,7_0_0_20170110215540131.jpg,train
34,1,34_0_1_20170117021528378.jpg,train
40,0,40_0_0_20170117134702038.jpg,train
56,0,56_1_0_20170110153837637.jpg,train
50,0,50_0_0_20170117091017638.jpg,train
31,0,31_0_0_20170117172435086.jpg,train
1,2,1_0_2_20161219140530307.jpg,train
40,0,40_1_0_20170105172407051.jpg,train
36,1,36_0_1_20170113173237337.jpg,train
27,4,27_0_4_20170103234827428.jpg,train
2,0,2_0_0_20161219162259070.jpg,train
45,1,45_0_1_20170117154348380.jpg,train
45,0,45_0_0_20170104172836234.jpg,train
35,2,35_0_2_20170117190149081.jpg,train
22,2,22_1_2_20161219153940196.jpg,train
27,3,27_0_3_20170119193158553.jpg,train
55,3,55_0_3_20170119154102401.jpg,train
28,1,28_1_1_20170113012524543.jpg,train
26,1,26_0_1_20170117195651493.jpg,train
32,0,32_0_0_20170104165226793.jpg,train
45,3,45_0_3_20170117001109487.jpg,train
36,0,36_0_0_20170114030354305.jpg,train
24,3,24_0_3_20161220222335651.jpg,train
45,1,45_1_1_20170117145052555.jpg,train
26,2,26_1_2_20170116184521807.jpg,train
47,0,47_0_0_20170117204124336.jpg,train
23,0,23_1_0_20170117144809468.jpg,train
35,1,35_1_1_20170112215240346.jpg,train
37,1,37_1_1_20170113001818716.jpg,train
27,2,27_1_2_20170116163003893.jpg,train
35,0,35_1_0_20170117191616924.jpg,train
2,2,2_1_2_20161219151217243.jpg,train
45,3,45_0_3_20170119171425106.jpg,train
1,2,1_0_2_20161219201409620.jpg,train
24,2,24_1_2_20170116174405212.jpg,train
26,2,26_1_2_20170116184155381.jpg,train
54,3,54_1_3_20170105001159796.jpg,train
23,3,23_1_3_20170119164541157.jpg,train
23,1,23_1_1_20170112204431018.jpg,train
9,0,9_0_0_20170110220149298.jpg,train
1,2,1_0_2_20161219203016316.jpg,train
28,3,28_1_3_20170119195000849.jpg,train
50,1,50_0_1_20170113135543842.jpg,train
40,0,40_1_0_20170108231152425.jpg,train
56,0,56_0_0_20170104212000007.jpg,train
4,3,4_1_3_20161220223310227.jpg,train
23,0,23_0_0_20170116221005536.jpg,train
24,0,24_1_0_20170116222814643.jpg,train
26,1,26_0_1_20170117195923557.jpg,train
20,2,20_0_2_20170117135024223.jpg,train
60,0,60_1_0_20170110154613614.jpg,train
30,0,30_0_0_20170117181302740.jpg,train
23,2,23_1_2_20170116173157614.jpg,train
1,2,1_0_2_20161219211107805.jpg,train
75,0,75_1_0_20170110182543266.jpg,train
25,3,25_0_3_20170119171112135.jpg,train
1,2,1_0_2_20161219161614550.jpg,train
59,0,59_0_0_20170111171747523.jpg,train
58,0,58_1_0_20170120224803945.jpg,train
42,0,42_1_0_20170117172734743.jpg,train
60,0,60_0_0_20170113185244510.jpg,train
35,1,35_0_1_20170117121610224.jpg,train
65,1,65_1_1_20170117010316709.jpg,train
54,1,54_0_1_20170120223418357.jpg,train
85,0,85_0_0_20170110181953748.jpg,train
54,0,54_0_0_20170113161336995.jpg,train
26,1,26_0_1_20170117003155908.jpg,train
29,1,29_1_1_20170117130623479.jpg,train
27,0,27_0_0_20170104172424772.jpg,train
15,0,15_0_0_20170103201110847.jpg,train
36,3,36_0_3_20170104204425324.jpg,train
45,0,45_0_0_20170117154252436.jpg,train
1,0,1_1_0_20170109193022683.jpg,train
25,3,25_1_3_20170104222454999.jpg,train
23,2,23_1_2_20170116172850931.jpg,train
27,2,27_1_2_20170116173459838.jpg,train
24,4,24_1_4_20170116214244943.jpg,train
4,0,4_0_0_20170110212621808.jpg,train
54,1,54_0_1_20170117183557856.jpg,train
4,4,4_1_4_20161223231735684.jpg,train
29,2,29_0_2_20170116163545392.jpg,train
31,1,31_1_1_20170117135704010.jpg,train
28,0,28_1_0_20170112235158504.jpg,train
1,2,1_0_2_20161219205548949.jpg,train
18,0,18_1_0_20170109214004496.jpg,train
54,0,54_0_0_20170111203603354.jpg,train
16,0,16_0_0_20170120133327900.jpg,train
26,0,26_1_0_20170116232424535.jpg,train
24,3,24_0_3_20170104230212395.jpg,train
24,2,24_1_2_20170116170015633.jpg,train
35,1,35_1_1_20170112235121616.jpg,train
25,4,25_1_4_20170103180849713.jpg,train
42,1,42_1_1_20170113005712902.jpg,train
75,0,75_1_0_20170110182459565.jpg,train
45,1,45_0_1_20170113180901829.jpg,train
35,0,35_1_0_20170104171631209.jpg,train
58,0,58_0_0_20170120224609760.jpg,train
8,0,8_0_0_20170110215642859.jpg,train
31,1,31_1_1_20170116155750618.jpg,train
90,0,90_0_0_20170111211402785.jpg,train
28,2,28_0_2_20170116170900610.jpg,train
85,0,85_1_0_20170120230406643.jpg,train
26,1,26_1_1_20170112233658982.jpg,train
62,0,62_0_0_20170111171747588.jpg,train
32,1,32_1_1_20170112224337978.jpg,train
1,0,1_0_0_20161219203503252.jpg,train
1,0,1_1_0_20170109192402736.jpg,train
31,0,31_0_0_20170117130657701.jpg,train
28,2,28_1_2_20170116222623761.jpg,train
24,3,24_1_3_20170104222352872.jpg,train
4,4,4_1_4_20170103212605868.jpg,train
20,0,20_0_0_20170113180905699.jpg,train
4,0,4_0_0_20170110224617729.jpg,train
23,2,23_1_2_20170116173126492.jpg,train
53,3,53_0_3_20170109132854337.jpg,train
25,4,25_1_4_20170103212758572.jpg,train
24,3,24_1_3_20170104235106686.jpg,train
18,0,18_1_0_20170117133441179.jpg,train
2,3,2_1_3_20161219230359040.jpg,train
61,0,61_0_0_20170104170114128.jpg,train
26,0,26_0_0_20170117155115749.jpg,train
55,0,55_0_0_20170117191610740.jpg,train
16,0,16_1_0_20170104013530988.jpg,train
1,2,1_0_2_20161219212229166.jpg,train
54,3,54_0_3_20170119210113528.jpg,train
4,3,4_1_3_20161219224504392.jpg,train
50,3,50_0_3_20170119153117800.jpg,train
1,2,1_0_2_20161219162808591.jpg,train
24,1,24_1_1_20170115235712285.jpg,train
53,0,53_0_0_20170109002933938.jpg,train
4,0,4_0_0_20170110213307248.jpg,train
54,0,54_0_0_20170117191328833.jpg,train
18,3,18_1_3_20170104221905278.jpg,train
1,2,1_0_2_20161219203122004.jpg,train
27,3,27_0_3_20170117175736147.jpg,train
26,1,26_0_1_20170116204838256.jpg,train
50,0,50_1_0_20170104184846062.jpg,train
26,2,26_0_2_20170116175914485.jpg,train
48,0,48_0_0_20170113183802559.jpg,train
37,1,37_1_1_20170116023833744.jpg,train
60,0,60_0_0_20170120223043268.jpg,train
26,3,26_1_3_20170104232120449.jpg,train
48,0,48_0_0_20170117133115061.jpg,train
32,4,32_1_4_20170113000945786.jpg,train
59,0,59_1_0_20170110131916835.jpg,train
2,4,2_0_4_20170103230700225.jpg,train
26,1,26_1_1_20170116223407063.jpg,train
30,0,30_1_0_20170117122000135.jpg,train
54,0,54_1_0_20170110140410594.jpg,train
26,1,26_1_1_20170112213308487.jpg,train
26,0,26_1_0_20170117131041963.jpg,train
28,0,28_1_0_20170117121842806.jpg,train
22,0,22_1_0_20170120133800998.jpg,train
25,3,25_1_3_20170104232058250.jpg,train
30,1,30_0_1_20170117202813031.jpg,train
53,0,53_1_0_20170116201116129.jpg,train
26,1,26_1_1_20170116231826726.jpg,train
61,1,61_0_1_20170117194600743.jpg,train
24,3,24_1_3_20170117150120578.jpg,train
1,4,1_1_4_20161221192658892.jpg,train
28,2,28_0_2_20170116162829960.jpg,train
17,1,17_0_1_20170116205315177.jpg,train
45,3,45_0_3_20170119211625775.jpg,train
26,1,26_1_1_20170116024218334.jpg,train
36,3,36_0_3_20170119201817029.jpg,train
26,1,26_1_1_20170113011613638.jpg,train
8,0,8_0_0_20170117175637404.jpg,train
23,3,23_1_3_20170109132112364.jpg,train
18,0,18_0_0_20170110231703804.jpg,train
1,4,1_1_4_20161221202159241.jpg,train
26,0,26_1_0_20170119192657178.jpg,train
43,1,43_0_1_20170117191927113.jpg,train
22,3,22_0_3_20170117143056386.jpg,train
2,2,2_1_2_20161219161900526.jpg,train
21,0,21_1_0_20170109213126942.jpg,train
23,0,23_0_0_20170105000754450.jpg,train
16,0,16_0_0_20170110231736665.jpg,train
12,0,12_1_0_20170103200742207.jpg,train
24,1,24_0_1_20170117134924378.jpg,train
30,0,30_1_0_20170116191315733.jpg,train
85,0,85_1_0_20170120221906501.jpg,train
31,1,31_0_1_20170113175708996.jpg,train
1,2,1_0_2_20161219162518471.jpg,train
27,3,27_0_3_20170120220034035.jpg,train
45,3,45_1_3_20170119162710051.jpg,train
8,0,8_1_0_20170109200918322.jpg,train
29,3,29_0_3_20170119195312988.jpg,train
1,3,1_0_3_20161219230250136.jpg,train
33,1,33_1_1_20170113001132139.jpg,train
28,0,28_0_0_20170120220122514.jpg,train
26,3,26_1_3_20170109133009799.jpg,train
24,2,24_0_2_20170116165212955.jpg,train
35,1,35_0_1_20170117020814210.jpg,train
32,1,32_0_1_20170113155005881.jpg,train
65,0,65_1_0_20170110151351064.jpg,train
26,1,26_1_1_20170116233048680.jpg,train
26,1,26_0_1_20170116192332618.jpg,train
21,1,21_1_1_20170112192955750.jpg,train
27,0,27_0_0_20170112213500903.jpg,train
1,2,1_0_2_20161219162212662.jpg,train
35,0,35_0_0_20170117143404590.jpg,train
26,0,26_0_0_20170120134255183.jpg,train
17,0,17_0_0_20170110232022621.jpg,train
40,2,40_0_2_20170116183858838.jpg,train
25,3,25_1_3_20170104231501635.jpg,train
45,0,45_0_0_20170116222010006.jpg,train
8,0,8_0_0_20170103201932624.jpg,train
35,1,35_0_1_20170113151017296.jpg,train
28,1,28_0_1_20170117022047979.jpg,train
29,0,29_1_0_20170104235458939.jpg,train
5,0,5_0_0_20170110215956675.jpg,train
24,2,24_1_2_20170116174511173.jpg,train
28,3,28_0_3_20170117020733772.jpg,train
36,3,36_0_3_20170119201917284.jpg,train
26,0,26_0_0_20170116224830372.jpg,train
29,1,29_1_1_20170105163256379.jpg,train
25,1,25_0_1_20170117195045410.jpg,train
40,1,40_0_1_20170113135553050.jpg,train
1,2,1_0_2_20161219202906108.jpg,train
1,2,1_1_2_20161219212720270.jpg,train
56,0,56_0_0_20170109004309811.jpg,train
54,0,54_0_0_20170117155536389.jpg,train
26,1,26_0_1_20170117154145261.jpg,train
26,2,26_0_2_20170119180202654.jpg,train
26,0,26_0_0_20170113210319156.jpg,train
26,2,26_1_2_20170116180228453.jpg,train
27,1,27_1_1_20170117164706491.jpg,train
58,0,58_0_0_20170113185238311.jpg,train
5,2,5_1_2_20161219195445051.jpg,train
26,0,26_1_0_20170117201947511.jpg,train
21,4,21_1_4_20170103230000841.jpg,train
54,1,54_1_1_20170113013035146.jpg,train
32,4,32_1_4_20170104000720352.jpg,train
65,0,65_0_0_20170111204905982.jpg,train
65,1,65_0_1_20170111200815149.jpg,train
22,3,22_1_3_20170104232458346.jpg,train
32,0,32_1_0_20170116221804392.jpg,train
72,0,72_1_0_20170110182955408.jpg,train
32,2,32_0_2_20170116191425413.jpg,train
27,3,27_0_3_20170119193156857.jpg,train
36,0,36_0_0_20170105171802956.jpg,train
3,2,3_1_2_20161219211602774.jpg,train
36,3,36_0_3_20170119202053413.jpg,train
25,4,25_1_4_20170117193445813.jpg,train
1,2,1_1_2_20161219221154447.jpg,train
35,0,35_1_0_20170104181325301.jpg,train
27,2,27_1_2_20170116165601873.jpg,train
47,3,47_0_3_20170119183143206.jpg,train
17,0,17_0_0_20170110231719325.jpg,train
25,1,25_1_1_20170112205059883.jpg,train
50,3,50_0_3_20170105175655598.jpg,train
2,3,2_0_3_20161220144935695.jpg,train
35,0,35_0_0_20170116162816326.jpg,train
1,3,1_1_3_20161220220216145.jpg,train
3,3,3_1_3_20161219225507686.jpg,train
28,3,28_0_3_20170119163006483.jpg,train
56,0,56_0_0_20170117164133805.jpg,train
66,0,66_0_0_20170104184119566.jpg,train
45,1,45_0_1_20170113155252610.jpg,train
27,2,27_1_2_20161219212633638.jpg,train
28,1,28_0_1_20170113155258939.jpg,train
30,0,30_1_0_20170117141245568.jpg,train
26,2,26_1_2_20170116184456081.jpg,train
41,0,41_0_0_20170116214404363.jpg,train
75,0,75_1_0_20170110181942190.jpg,train
63,0,63_0_0_20170117190939866.jpg,train
28,1,28_0_1_20170116195853213.jpg,train
26,0,26_0_0_20170116193409254.jpg,train
26,2,26_1_2_20170116184100913.jpg,train
46,1,46_1_1_20170112211410525.jpg,train
26,3,26_1_3_20170117154607967.jpg,train
22,3,22_0_3_20170119150454309.jpg,train
40,0,40_0_0_20170113141815046.jpg,train
26,0,26_0_0_20170119180207803.jpg,train
2,2,2_0_2_20161219160919734.jpg,train
40,0,40_1_0_20170117134334933.jpg,train
20,4,20_1_4_20161223230115267.jpg,train
16,0,16_1_0_20170117175202679.jpg,train
21,4,21_1_4_20170103225020282.jpg,train
35,3,35_0_3_20170120220551706.jpg,train
15,0,15_1_0_20170109214058590.jpg,train
54,0,54_0_0_20170120223314300.jpg,train
28,3,28_0_3_20170104220258078.jpg,train
1,0,1_0_0_20170110213517302.jpg,train
28,2,28_1_2_20170116164759142.jpg,train
21,0,21_0_0_20170104230014969.jpg,train
56,3,56_0_3_20170105180548406.jpg,train
5,2,5_1_2_20161219155622173.jpg,train
18,0,18_1_0_20170109214813691.jpg,train
65,0,65_1_0_20170110122605770.jpg,train
1,2,1_0_2_20161219141817185.jpg,train
35,3,35_0_3_20170119201352227.jpg,train
34,1,34_1_1_20170116222859953.jpg,train
18,0,18_1_0_20170109212905543.jpg,train
69,0,69_1_0_20170110153039020.jpg,train
27,0,27_1_0_20170105000743720.jpg,train
9,0,9_0_0_20170110220624626.jpg,train
38,0,38_0_0_20170117001116779.jpg,train
31,0,31_0_0_20170111181750350.jpg,train
70,0,70_0_0_20170117173910928.jpg,train
60,0,60_1_0_20170113210605392.jpg,train
31,3,31_0_3_20170119195941627.jpg,train
41,1,41_0_1_20170116214623616.jpg,train
85,0,85_1_0_20170110183513907.jpg,train
35,1,35_1_1_20170113012005143.jpg,train
61,3,61_0_3_20170119211849977.jpg,train
53,0,53_1_0_20170109133404907.jpg,train
63,0,63_1_0_20170110151426496.jpg,train
52,0,52_1_0_20170109221054399.jpg,train
73,0,73_1_0_20170110182146582.jpg,train
66,0,66_1_0_20170110131727840.jpg,train
39,1,39_0_1_20170116011220421.jpg,train
32,1,32_1_1_20170116021536910.jpg,train
26,1,26_1_1_20170113193242959.jpg,train
32,3,32_0_3_20170119200337060.jpg,train
20,1,20_0_1_20170113132343593.jpg,train
30,0,30_0_0_20170116232936514.jpg,train
26,3,26_0_3_20170119180359748.jpg,train
53,0,53_0_0_20170104204651866.jpg,train
26,0,26_0_0_20170117003342340.jpg,train
34,0,34_0_0_20170117182718307.jpg,train
40,0,40_0_0_20170117182353980.jpg,train
35,1,35_0_1_20170117175744492.jpg,train
16,0,16_0_0_20170110231801615.jpg,train
26,3,26_0_3_20170117153919644.jpg,train
17,0,17_0_0_20170110231711354.jpg,train
1,0,1_1_0_20161219154506229.jpg,train
72,0,72_0_0_20170104213613429.jpg,train
30,2,30_0_2_20170116192711273.jpg,train
30,3,30_0_3_20170119164115989.jpg,train
26,0,26_1_0_20170103213110260.jpg,train
60,1,60_1_1_20170112230424534.jpg,train
26,3,26_0_3_20170119183721996.jpg,train
26,0,26_1_0_20170117173613245.jpg,train
42,3,42_0_3_20170119171532128.jpg,train
15,0,15_0_0_20170116201252122.jpg,train
6,3,6_1_3_20161220222552857.jpg,train
1,2,1_1_2_20161219190719971.jpg,train
29,1,29_0_1_20170113173016611.jpg,train
40,0,40_1_0_20170117154628772.jpg,train
26,3,26_0_3_20170119180342860.jpg,train
29,0,29_1_0_20170104021946334.jpg,train
26,1,26_1_1_20170112235926962.jpg,train
1,4,1_1_4_20170109193938953.jpg,train
32,3,32_0_3_20170119181014212.jpg,train
60,0,60_0_0_20170120225049193.jpg,train
29,4,29_0_4_20170103235921692.jpg,train
1,2,1_0_2_20161219201440668.jpg,train
24,2,24_1_2_20170116174421540.jpg,train
24,1,24_0_1_20170116000638538.jpg,train
26,1,26_1_1_20170113000649129.jpg,train
3,2,3_1_2_20161219151933763.jpg,train
35,1,35_0_1_20170113150646976.jpg,train
36,1,36_1_1_20170112215137928.jpg,train
15,0,15_0_0_20170104011743800.jpg,train
2,3,2_1_3_20161220220209321.jpg,train
28,3,28_1_3_20170109132327888.jpg,train
2,2,2_0_2_20161219161037494.jpg,train
73,0,73_1_0_20170120230333507.jpg,train
40,0,40_0_0_20170104170121569.jpg,train
27,2,27_0_2_20170116161853757.jpg,train
56,1,56_0_1_20170113185207203.jpg,train
78,0,78_1_0_20170110141052049.jpg,train
22,4,22_0_4_20170104011059408.jpg,train
26,0,26_1_0_20170116193157590.jpg,train
58,3,58_0_3_20170119201636156.jpg,train
45,0,45_0_0_20170113183417861.jpg,train
4,0,4_0_0_20161219204117636.jpg,train
52,0,52_0_0_20170104200739706.jpg,train
40,0,40_0_0_20170117130926545.jpg,train
31,1,31_1_1_20170116222335750.jpg,train
26,1,26_0_1_20170116210446985.jpg,train
28,0,28_0_0_20170117180517775.jpg,train
25,0,25_0_0_20170116213450000.jpg,train
29,0,29_0_0_20170117094750881.jpg,train
46,0,46_0_0_20170104203049435.jpg,train
55,0,55_0_0_20170120221936510.jpg,train
2,2,2_0_2_20161219195707820.jpg,train
32,0,32_0_0_20170117133449807.jpg,train
26,0,26_0_0_20170113210605280.jpg,train
26,4,26_0_4_20170113175636526.jpg,train
16,0,16_0_0_20170110231527285.jpg,train
26,1,26_1_1_20170116022013916.jpg,train
27,0,27_1_0_20170117010407544.jpg,train
62,0,62_0_0_20170120134041527.jpg,train
54,3,54_0_3_20170105173505798.jpg,train
1,3,1_1_3_20161220143237103.jpg,train
31,0,31_1_0_20170117133210639.jpg,train
7,0,7_1_0_20170109201718572.jpg,train
41,0,41_1_0_20170103181204176.jpg,train
50,0,50_0_0_20170120221659635.jpg,train
65,0,65_1_0_20170110140924521.jpg,train
55,0,55_0_0_20170117191627092.jpg,train
26,3,26_1_3_20170104222621671.jpg,train
51,0,51_1_0_20170119205632903.jpg,train
26,1,26_1_1_20170116023936147.jpg,train
26,3,26_1_3_20170117154857092.jpg,train
26,0,26_1_0_20170117201605677.jpg,train
26,0,26_1_0_20170117005855768.jpg,train
35,1,35_1_1_20170113000306521.jpg,train
58,0,58_1_0_20170117154125683.jpg,train
26,2,26_1_2_20170116183011989.jpg,train
41,0,41_1_0_20170109140858702.jpg,train
25,0,25_1_0_20170117145120563.jpg,train
35,0,35_0_0_20170116233443386.jpg,train
73,0,73_0_0_20170104213702565.jpg,train
24,1,24_1_1_20170112204645764.jpg,train
34,3,34_0_3_20170119194900548.jpg,train
35,3,35_1_3_20170117183026045.jpg,train
36,1,36_1_1_20170113011506296.jpg,train
45,0,45_0_0_20170104210627331.jpg,train
27,0,27_1_0_20170117180022765.jpg,train
42,0,42_1_0_20170104184036733.jpg,train
54,0,54_0_0_20170117191341090.jpg,train
8,3,8_0_3_20170110215701316.jpg,train
45,0,45_1_0_20170117171159258.jpg,train
27,1,27_0_1_20170113155235889.jpg,train
34,3,34_0_3_20170119172218345.jpg,train
90,0,90_1_0_20170120225317689.jpg,train
1,2,1_0_2_20161219211823957.jpg,train
8,0,8_1_0_20170109201714114.jpg,train
27,3,27_0_3_20170119155943666.jpg,train
15,0,15_0_0_20170104012102240.jpg,train
21,4,21_0_4_20161223214812864.jpg,train
1,0,1_0_0_20170110213448015.jpg,train
45,0,45_0_0_20170117183618006.jpg,train
26,0,26_1_0_20170117003218198.jpg,train
44,0,44_1_0_20170117190014098.jpg,train
28,0,28_0_0_20170117180522441.jpg,train
26,0,26_0_0_20170116193220165.jpg,train
24,0,24_1_0_20170116214224254.jpg,train
75,0,75_1_0_20170120221925550.jpg,train
40,0,40_1_0_20170117160718607.jpg,train
36,0,36_1_0_20170105163244997.jpg,train
54,0,54_0_0_20170104213004356.jpg,train
1,2,1_1_2_20161219161741126.jpg,train
4,0,4_1_0_20170109193059401.jpg,train
37,0,37_0_0_20170120221604091.jpg,train
26,3,26_0_3_20170119180506660.jpg,train
35,0,35_0_0_20170117194328411.jpg,train
37,0,37_1_0_20170103182952754.jpg,train
20,0,20_0_0_20170116201258328.jpg,train
1,0,1_0_0_20170110212758683.jpg,train
58,0,58_0_0_20170120224611152.jpg,train
1,2,1_0_2_20161219203405020.jpg,train
22,3,22_0_3_20170119160343788.jpg,train
32,1,32_0_1_20170114031959964.jpg,train
45,0,45_1_0_20170110141225753.jpg,train
27,2,27_0_2_20170119193327962.jpg,train
64,0,64_1_0_20170110131514547.jpg,train
39,0,39_1_0_20170109012839681.jpg,train
35,1,35_1_1_20170117190443525.jpg,train
29,1,29_1_1_20170109134854367.jpg,train
29,1,29_1_1_20170116000522670.jpg,train
30,0,30_1_0_20170103180858952.jpg,train
35,3,35_1_3_20170104220204301.jpg,train
43,0,43_0_0_20170105173013443.jpg,train
37,1,37_0_1_20170117154312933.jpg,train
34,0,34_1_0_20170120140756170.jpg,train
26,1,26_1_1_20170116223107516.jpg,train
25,0,25_0_0_20170116222936983.jpg,train
37,3,37_0_3_20170119202228541.jpg,train
25,2,25_1_2_20170116002224696.jpg,train
15,0,15_1_0_20170109203414090.jpg,train
56,0,56_1_0_20170120140341104.jpg,train
9,0,9_0_0_20170110224737016.jpg,train
59,0,59_0_0_20170105163446940.jpg,train
30,4,30_0_4_20170117204104479.jpg,train
39,0,39_0_0_20170104202134507.jpg,train
1,3,1_1_3_20161220145210271.jpg,train
50,3,50_0_3_20170119205102983.jpg,train
90,0,90_0_0_20170117175429276.jpg,train
28,0,28_0_0_20170116223051730.jpg,train
27,2,27_1_2_20170104022251917.jpg,train
26,2,26_1_2_20170116182624014.jpg,train
28,2,28_1_2_20170116190041109.jpg,train
68,0,68_1_0_20170110132430273.jpg,train
25,1,25_1_1_20170112235144082.jpg,train
56,0,56_1_0_20170110153255801.jpg,train
16,0,16_0_0_20170110231647962.jpg,train
26,4,26_0_4_20170104165424576.jpg,train
26,3,26_1_3_20170109140221559.jpg,train
32,0,32_0_0_20170116221056300.jpg,train
7,0,7_1_0_20170109202403368.jpg,train
25,3,25_1_3_20170109135843276.jpg,train
38,1,38_0_1_20170116195906275.jpg,train
1,2,1_0_2_20161219201331164.jpg,train
9,0,9_0_0_20170110220040107.jpg,train
26,0,26_0_0_20170113210605220.jpg,train
5,0,5_0_0_20170110212841807.jpg,train
27,2,27_0_2_20170112193056503.jpg,train
55,3,55_0_3_20170119171322926.jpg,train
36,3,36_0_3_20170117183130453.jpg,train
53,0,53_0_0_20170120223117140.jpg,train
40,1,40_0_1_20170117154555325.jpg,train
22,1,22_1_1_20170112233613616.jpg,train
26,0,26_1_0_20170117202010288.jpg,train
40,0,40_0_0_20170117192112162.jpg,train
39,1,39_0_1_20170116001219696.jpg,train
1,2,1_0_2_20161219195130076.jpg,train
27,1,27_0_1_20170117125937977.jpg,train
52,0,52_0_0_20170117161010863.jpg,train
1,2,1_1_2_20161219162523262.jpg,train
26,2,26_1_2_20170116182434267.jpg,train
58,0,58_1_0_20170105173601797.jpg,train
27,1,27_0_1_20170117010749619.jpg,train
56,3,56_0_3_20170113190651833.jpg,train
26,3,26_1_3_20170119193137209.jpg,train
26,1,26_0_1_20170113135238738.jpg,train
21,4,21_1_4_20170117193741701.jpg,train
26,4,26_1_4_20170117154432964.jpg,train
26,3,26_1_3_20170119192844345.jpg,train
33,1,33_1_1_20170112210455829.jpg,train
26,3,26_1_3_20170117174340222.jpg,train
28,1,28_1_1_20170116164405234.jpg,train
1,0,1_1_0_20170103213137956.jpg,train
26,0,26_1_0_20170103181710200.jpg,train
25,4,25_0_4_20170117151354244.jpg,train
26,0,26_0_0_20170117172824779.jpg,train
25,4,25_1_4_20170103225751729.jpg,train
24,2,24_1_2_20170116174453096.jpg,train
9,0,9_1_0_20170110225039730.jpg,train
58,0,58_0_0_20170111195348887.jpg,train
54,0,54_1_0_20170110122243471.jpg,train
26,2,26_1_2_20170116184054722.jpg,train
31,1,31_1_1_20170113012335025.jpg,train
35,2,35_0_2_20170116191758774.jpg,train
10,0,10_1_0_20170109205208368.jpg,train
26,0,26_0_0_20170113210605010.jpg,train
16,0,16_0_0_20170110231646278.jpg,train
39,0,39_0_0_20170105172344157.jpg,train
35,1,35_1_1_20170112213029215.jpg,train
20,2,20_1_2_20170104015622356.jpg,train
24,1,24_1_1_20170115235630663.jpg,train
26,0,26_0_0_20170117172106787.jpg,train
8,0,8_0_0_20170117182551223.jpg,train
58,0,58_0_0_20170117191807907.jpg,train
9,0,9_0_0_20170110225030430.jpg,train
26,1,26_1_1_20170116232538007.jpg,train
25,3,25_1_3_20170119195859404.jpg,train
26,0,26_1_0_20170109141214949.jpg,train
54,0,54_0_0_20170117191405698.jpg,train
26,0,26_0_0_20170113210126194.jpg,train
26,1,26_0_1_20170116193157590.jpg,train
38,1,38_0_1_20170113184321335.jpg,train
31,0,31_1_0_20170109132941538.jpg,train
48,0,48_0_0_20170117013758131.jpg,train
16,0,16_1_0_20170109214102958.jpg,train
26,3,26_1_3_20170119193111002.jpg,train
26,4,26_0_4_20170116192510762.jpg,train
28,0,28_1_0_20170105184006661.jpg,train
36,3,36_0_3_20170119194613458.jpg,train
4,0,4_0_0_20170110232756133.jpg,train
21,0,21_1_0_20170112233433959.jpg,train
27,4,27_0_4_20170105163841596.jpg,train
40,2,40_0_2_20170116193717434.jpg,train
30,0,30_0_0_20170117135924091.jpg,train
24,2,24_1_2_20170116173403123.jpg,train
60,0,60_1_0_20170110153231658.jpg,train
25,1,25_1_1_20170117195334509.jpg,train
22,1,22_0_1_20170116214330918.jpg,train
29,0,29_1_0_20170104023330606.jpg,train
24,0,24_1_0_20170117150424339.jpg,train
56,3,56_0_3_20170119192954299.jpg,train
75,0,75_0_0_20170111204855557.jpg,train
1,2,1_0_2_20161219161626814.jpg,train
36,1,36_1_1_20170116023952972.jpg,train
54,0,54_0_0_20170117163731945.jpg,train
35,1,35_1_1_20170116222842436.jpg,train
5,2,5_1_2_20161219142543345.jpg,train
30,2,30_1_2_20170116162002429.jpg,train
45,0,45_1_0_20170109150822520.jpg,train
24,3,24_0_3_20170119165522935.jpg,train
30,1,30_1_1_20170112215039472.jpg,train
40,0,40_0_0_20170104205037859.jpg,train
60,3,60_0_3_20170117175443809.jpg,train
85,0,85_1_0_20170110183611657.jpg,train
26,3,26_0_3_20170119152946337.jpg,train
35,3,35_0_3_20170119194712751.jpg,train
23,0,23_0_0_20170117144622811.jpg,train
25,3,25_0_3_20170117141454255.jpg,train
29,1,29_1_1_20170116002146102.jpg,train
26,1,26_0_1_20170113151947665.jpg,train
5,0,5_1_0_20170109201733901.jpg,train
2,3,2_1_3_20161219225749464.jpg,train
24,3,24_1_3_20170119164716909.jpg,train
1,2,1_0_2_20161219142124569.jpg,train
30,0,30_1_0_20170117103601281.jpg,train
1,4,1_0_4_20161221202127697.jpg,train
32,0,32_0_0_20170117140353209.jpg,train
26,0,26_1_0_20170104022424245.jpg,train
22,0,22_0_0_20170104214301269.jpg,train
22,1,22_0_1_20170113133332897.jpg,train
15,0,15_0_0_20170110232655904.jpg,train
62,0,62_0_0_20170120223929774.jpg,train
8,0,8_1_0_20170109202734214.jpg,train
28,1,28_0_1_20170116215824899.jpg,train
42,0,42_0_0_20170117154827918.jpg,train
2,2,2_0_2_20161219203844252.jpg,train
75,0,75_0_0_20170111203855367.jpg,train
39,0,39_0_0_20170104202300394.jpg,train
50,1,50_0_1_20170117181702370.jpg,train
30,0,30_1_0_20170117181545532.jpg,train
48,3,48_0_3_20170109142337247.jpg,train
37,3,37_0_3_20170119194851635.jpg,train
27,4,27_1_4_20170104165220264.jpg,train
26,0,26_1_0_20170103224921463.jpg,train
28,3,28_1_3_20170119204738880.jpg,train
60,2,60_0_2_20170117162755515.jpg,train
23,3,23_1_3_20170119164419982.jpg,train
21,2,21_1_2_20170104021952837.jpg,train
54,0,54_0_0_20170111195832210.jpg,train
30,3,30_1_3_20170104223046816.jpg,train
26,3,26_1_3_20170119153816147.jpg,train
27,3,27_1_3_20170109132029072.jpg,train
50,0,50_0_0_20170104184249918.jpg,train
36,0,36_0_0_20170117183240678.jpg,train
31,0,31_0_0_20170120134346407.jpg,train
26,0,26_0_0_20170119180138027.jpg,train
26,0,26_0_0_20170116224821430.jpg,train
8,0,8_1_0_20170109202804967.jpg,train
52,0,52_0_0_20170111194922232.jpg,train
58,1,58_0_1_20170120222527209.jpg,train
1,3,1_0_3_20161220142926159.jpg,train
26,2,26_1_2_20170116180343830.jpg,train
49,0,49_1_0_20170104184759926.jpg,train
35,0,35_1_0_20170117203256352.jpg,train
37,3,37_1_3_20170119202521964.jpg,train
38,1,38_0_1_20170116200942002.jpg,train
23,3,23_0_3_20170119153304574.jpg,train
53,0,53_0_0_20170109012751966.jpg,train
34,3,34_0_3_20170119171236256.jpg,train
50,0,50_1_0_20170113000711114.jpg,train
27,3,27_1_3_20170119194421382.jpg,train
25,3,25_1_3_20170117151958483.jpg,train
24,2,24_1_2_20170117194935363.jpg,train
34,1,34_1_1_20170116164035846.jpg,train
30,0,30_1_0_20170116211841219.jpg,train
25,3,25_0_3_20170119171619825.jpg,train
3,2,3_0_2_20161219142512185.jpg,train
22,1,22_0_1_20170114030000815.jpg,train
30,0,30_0_0_20170116220957524.jpg,train
35,0,35_1_0_20170117144938562.jpg,train
31,1,31_0_1_20170117181933252.jpg,train
26,3,26_0_3_20170119191754105.jpg,train
50,0,50_0_0_20170119205551095.jpg,train
27,2,27_1_2_20170116163900043.jpg,train
26,3,26_0_3_20170119164220254.jpg,train
4,2,4_1_2_20161219163910183.jpg,train
16,0,16_1_0_20170109212802540.jpg,train
26,0,26_1_0_20170117201924879.jpg,train
24,2,24_1_2_20170116193511273.jpg,train
23,3,23_1_3_20170104231757866.jpg,train
30,1,30_1_1_20170113002921717.jpg,train
53,0,53_1_0_20170110160643251.jpg,train
50,1,50_0_1_20170117135655702.jpg,train
45,0,45_0_0_20170116212320846.jpg,train
50,1,50_0_1_20170117135045974.jpg,train
26,1,26_1_1_20170117170703265.jpg,train
1,2,1_1_2_20161219162415934.jpg,train
28,2,28_1_2_20170116163724905.jpg,train
24,0,24_1_0_20170119171026777.jpg,train
35,0,35_1_0_20170117145110401.jpg,train
3,2,3_1_2_20161219142340697.jpg,train
26,3,26_0_3_20170119180358932.jpg,train
45,1,45_0_1_20170117135648741.jpg,train
21,2,21_1_2_20170116171016270.jpg,train
18,0,18_1_0_20170109213911368.jpg,train
24,2,24_1_2_20170116162908737.jpg,train
24,2,24_0_2_20170116161928019.jpg,train
45,3,45_0_3_20170119183426844.jpg,train
54,1,54_0_1_20170117190137490.jpg,train
38,1,38_1_1_20170117154145792.jpg,train
45,0,45_0_0_20170117165202100.jpg,train
34,0,34_1_0_20170117171647603.jpg,train
30,2,30_1_2_20170116192643744.jpg,train
1,3,1_1_3_20161220143156747.jpg,train
1,0,1_1_0_20161220220457473.jpg,train
1,0,1_0_0_20161219200250923.jpg,train
52,0,52_0_0_20170111204000411.jpg,train
26,2,26_1_2_20170116180543835.jpg,train
29,0,29_1_0_20170103180229287.jpg,train
27,1,27_0_1_20170117005912432.jpg,train
1,0,1_0_0_20170110211538942.jpg,train
35,4,35_0_4_20170105162641195.jpg,train
30,1,30_1_1_20170113011304520.jpg,train
21,3,21_1_3_20170104221836903.jpg,train
36,0,36_0_0_20170104173013523.jpg,train
40,0,40_0_0_20170117203820721.jpg,train
47,0,47_1_0_20170104165741633.jpg,train
35,0,35_1_0_20170117170842874.jpg,train
30,0,30_0_0_20170117120207461.jpg,train
3,3,3_1_3_20161219230328993.jpg,train
43,1,43_0_1_20170113184629512.jpg,train
21,4,21_0_4_20161223214820169.jpg,train
1,4,1_0_4_20161221195129503.jpg,train
32,1,32_1_1_20170116154724484.jpg,train
45,3,45_0_3_20170119171404704.jpg,train
58,0,58_1_0_20170117191846791.jpg,train
37,0,37_0_0_20170105173125404.jpg,train
3,2,3_1_2_20161219195325019.jpg,train
26,2,26_1_2_20170116180027456.jpg,train
28,3,28_0_3_20170119194513954.jpg,train
2,3,2_1_3_20161219224739072.jpg,train
21,2,21_1_2_20170103180145808.jpg,train
2,0,2_1_0_20170109192428145.jpg,train
16,0,16_1_0_20170109213044006.jpg,train
58,0,58_0_0_20170104213232283.jpg,train
54,0,54_0_0_20170120223520757.jpg,train
27,3,27_1_3_20170104223343215.jpg,train
32,0,32_1_0_20170117134817286.jpg,train
32,4,32_0_4_20170117140137322.jpg,train
39,0,39_0_0_20170104202631251.jpg,train
14,0,14_0_0_20170104011738192.jpg,train
26,3,26_1_3_20170119193150571.jpg,train
61,0,61_0_0_20170104185715382.jpg,train
44,3,44_1_3_20170109141426511.jpg,train
61,1,61_0_1_20170113174636459.jpg,train
55,0,55_0_0_20170117155107102.jpg,train
35,3,35_0_3_20170119175248164.jpg,train
5,0,5_0_0_20170110213625162.jpg,train
56,0,56_1_0_20170110122646077.jpg,train
22,2,22_1_2_20170116172659590.jpg,train
37,0,37_1_0_20170103182837146.jpg,train
28,1,28_1_1_20170112222156481.jpg,train
3,3,3_1_3_20161219224636608.jpg,train
34,1,34_0_1_20170113135745306.jpg,train
1,2,1_1_2_20161219141431352.jpg,train
35,3,35_0_3_20170117180756185.jpg,train
27,3,27_1_3_20170119164348390.jpg,train
35,1,35_1_1_20170116003228386.jpg,train
38,1,38_0_1_20170116201824880.jpg,train
18,0,18_1_0_20170109212908376.jpg,train
26,4,26_0_4_20170117153017629.jpg,train
23,1,23_0_1_20170116010954423.jpg,train
31,1,31_0_1_20170116024828447.jpg,train
26,1,26_0_1_20170116010114628.jpg,train
51,0,51_0_0_20170117190825002.jpg,train
80,0,80_0_0_20170111210128898.jpg,train
43,3,43_0_3_20170119164231565.jpg,train
26,1,26_0_1_20170103235317796.jpg,train
37,0,37_1_0_20170105172735429.jpg,train
35,0,35_0_0_20170117180552033.jpg,train
33,0,33_1_0_20170112235228201.jpg,train
26,2,26_1_2_20170116175843334.jpg,train
45,0,45_0_0_20170116233233803.jpg,train
28,1,28_0_1_20170115235544908.jpg,train
32,2,32_1_2_20170116180211518.jpg,train
28,0,28_0_0_20170117180444192.jpg,train
2,0,2_1_0_20170110213155874.jpg,train
22,1,22_0_1_20170114033114683.jpg,train
3,0,3_1_0_20161219200631915.jpg,train
25,1,25_1_1_20170113011500969.jpg,train
29,1,29_0_1_20170113172959024.jpg,train
30,0,30_0_0_20170116183741574.jpg,train
60,0,60_1_0_20170110122932443.jpg,train
30,3,30_1_3_20170117150440114.jpg,train
20,0,20_1_0_20170103175416510.jpg,train
42,0,42_1_0_20170110160632965.jpg,train
52,0,52_0_0_20170117190849099.jpg,train
1,4,1_1_4_20161221200049328.jpg,train
26,4,26_0_4_20170117195551948.jpg,train
24,2,24_1_2_20170116171034407.jpg,train
24,0,24_1_0_20170112234608449.jpg,train
22,3,22_1_3_20170104222214551.jpg,train
3,4,3_1_4_20161221192845405.jpg,train
1,2,1_0_2_20161219153348412.jpg,train
54,0,54_0_0_20170111201216588.jpg,train
32,0,32_0_0_20170108234529525.jpg,train
30,0,30_1_0_20170117131118803.jpg,train
26,1,26_1_1_20170112212042603.jpg,train
36,0,36_0_0_20170105172557165.jpg,train
30,0,30_0_0_20170117143352248.jpg,train
34,1,34_0_1_20170116002355232.jpg,train
35,3,35_0_3_20170117182832156.jpg,train
27,0,27_1_0_20170103180554504.jpg,train
54,0,54_0_0_20170104213140733.jpg,train
37,1,37_0_1_20170116193848620.jpg,train
2,2,2_1_2_20161219221929879.jpg,train
49,0,49_1_0_20170104213040501.jpg,train
26,4,26_1_4_20170117153408062.jpg,train
22,2,22_1_2_20170104020035915.jpg,train
25,0,25_1_0_20170104234942017.jpg,train
30,1,30_1_1_20170116153114714.jpg,train
54,3,54_0_3_20170119211317280.jpg,train
40,0,40_0_0_20170117154523443.jpg,train
22,3,22_1_3_20170119163715917.jpg,train
35,1,35_1_1_20170116020406238.jpg,train
4,0,4_1_0_20161219201246716.jpg,train
42,0,42_0_0_20170105161358787.jpg,train
23,0,23_1_0_20170103233631243.jpg,train
40,0,40_0_0_20170117154530911.jpg,train
28,2,28_0_2_20170116190154379.jpg,train
53,0,53_0_0_20170104212407239.jpg,train
24,0,24_0_0_20170117145203051.jpg,train
34,1,34_0_1_20170117140814015.jpg,train
34,3,34_0_3_20170119200818611.jpg,train
28,0,28_0_0_20170116220549107.jpg,train
60,0,60_1_0_20170110140826610.jpg,train
2,2,2_0_2_20161219194955267.jpg,train
31,1,31_0_1_20170117135430980.jpg,train
25,3,25_1_3_20170104232025362.jpg,train
35,0,35_0_0_20170116204131804.jpg,train
21,1,21_0_1_20170115231442487.jpg,train
33,1,33_0_1_20170113001600274.jpg,train
45,3,45_0_3_20170119195652068.jpg,train
68,0,68_0_0_20170105174949806.jpg,train
65,0,65_0_0_20170112205749338.jpg,train
4,2,4_1_2_20161219163346526.jpg,train
46,0,46_0_0_20170104205340845.jpg,train
27,2,27_1_2_20170105161505810.jpg,train
1,2,1_0_2_20161219201528716.jpg,train
1,3,1_0_3_20161219230414376.jpg,train
28,0,28_0_0_20170117020729301.jpg,train
20,0,20_1_0_20170117140146900.jpg,train
29,1,29_0_1_20170117104604974.jpg,train
21,3,21_0_3_20170104225749698.jpg,train
8,0,8_1_0_20170116200940428.jpg,train
26,2,26_1_2_20170116184313292.jpg,train
24,2,24_1_2_20170116174409602.jpg,train
25,3,25_1_3_20161220221516834.jpg,train
34,0,34_1_0_20170117190413161.jpg,train
36,1,36_1_1_20170113001049181.jpg,train
26,2,26_1_2_20170116184301043.jpg,train
23,3,23_0_3_20170119164004428.jpg,train
39,0,39_1_0_20170105003308781.jpg,train
44,3,44_1_3_20170119165329470.jpg,train
42,0,42_1_0_20170105164819483.jpg,train
29,1,29_0_1_20170116214326195.jpg,train
30,0,30_1_0_20170117181332132.jpg,train
1,0,1_1_0_20170109190534438.jpg,train
22,0,22_0_0_20170116200924248.jpg,train
45,0,45_0_0_20170116232841111.jpg,train
80,0,80_0_0_20170111211628015.jpg,train
29,4,29_1_4_20170117123747223.jpg,train
45,3,45_0_3_20170119201152003.jpg,train
4,2,4_1_2_20161219141536392.jpg,train
38,1,38_1_1_20170117170520535.jpg,train
61,3,61_1_3_20170104220957942.jpg,train
28,4,28_1_4_20170117202550286.jpg,train
27,3,27_1_3_20170104223208693.jpg,train
42,0,42_0_0_20170113184535624.jpg,train
8,0,8_1_0_20170109202257880.jpg,train
24,4,24_1_4_20170103223727135.jpg,train
1,4,1_0_4_20161221202008129.jpg,train
35,4,35_1_4_20170117201754494.jpg,train
41,0,41_0_0_20170117154651236.jpg,train
26,4,26_1_4_20170117185535633.jpg,train
3,0,3_1_0_20170109191748314.jpg,train
23,1,23_0_1_20170120133824503.jpg,train
26,1,26_1_1_20170116232810500.jpg,train
43,0,43_0_0_20170111200147932.jpg,train
24,1,24_1_1_20170112204648604.jpg,train
26,1,26_1_1_20170116232158064.jpg,train
26,2,26_1_2_20170116184148142.jpg,train
26,2,26_1_2_20170116180509103.jpg,train
23,3,23_1_3_20170104223146287.jpg,train
37,0,37_0_0_20170119202407877.jpg,train
20,1,20_1_1_20170116003433569.jpg,train
33,0,33_0_0_20170117175537161.jpg,train
25,3,25_1_3_20170119171154440.jpg,train
26,1,26_0_1_20170117173502013.jpg,train
32,1,32_1_1_20170115235516131.jpg,train
58,3,58_0_3_20170104220900702.jpg,train
55,3,55_0_3_20170119171804112.jpg,train
24,3,24_0_3_20170119164606886.jpg,train
26,1,26_1_1_20170112231645231.jpg,train
26,0,26_1_0_20170117175124289.jpg,train
30,0,30_1_0_20170105170137612.jpg,train
21,4,21_1_4_20170103234037067.jpg,train
32,0,32_0_0_20170117021349237.jpg,train
29,1,29_0_1_20170117181012475.jpg,train
22,0,22_0_0_20170117143224571.jpg,train
34,1,34_0_1_20170113173036640.jpg,train
27,1,27_0_1_20170117010518799.jpg,train
25,0,25_0_0_20170116205006744.jpg,train
46,3,46_0_3_20170109141827947.jpg,train
20,0,20_1_0_20170120140127200.jpg,train
32,1,32_0_1_20170117172950046.jpg,train
45,3,45_0_3_20170105163539339.jpg,train
26,1,26_1_1_20170113000222125.jpg,train
35,0,35_0_0_20170117152238029.jpg,train
35,1,35_0_1_20170117135116141.jpg,train
32,2,32_0_2_20170116191450850.jpg,train
8,0,8_1_0_20170109204605797.jpg,train
23,0,23_1_0_20170112234128328.jpg,train
26,3,26_0_3_20170119180514197.jpg,train
30,0,30_0_0_20170104201611041.jpg,train
3,0,3_0_0_20170110212548876.jpg,train
31,1,31_0_1_20170116143032562.jpg,train
52,0,52_1_0_20170109132305364.jpg,train
27,1,27_1_1_20170109212658510.jpg,train
36,1,36_0_1_20170113182511607.jpg,train
1,3,1_0_3_20161220144949223.jpg,train
29,4,29_0_4_20170104200952009.jpg,train
35,0,35_1_0_20170117174830232.jpg,train
75,0,75_0_0_20170113185416591.jpg,train
26,4,26_0_4_20170103224903432.jpg,train
32,1,32_0_1_20170113134154346.jpg,train
58,3,58_1_3_20170104220324390.jpg,train
29,0,29_0_0_20170116192401102.jpg,train
42,0,42_0_0_20170117154729044.jpg,train
75,0,75_0_0_20170112222108897.jpg,train
35,0,35_0_0_20170117185333778.jpg,train
50,0,50_0_0_20170119205549384.jpg,train
26,4,26_0_4_20170105162624331.jpg,train
36,3,36_0_3_20170119201817701.jpg,train
12,0,12_1_0_20170103200659679.jpg,train
35,0,35_0_0_20170117135440070.jpg,train
60,0,60_0_0_20170120221103380.jpg,train
1,3,1_0_3_20161219224914784.jpg,train
16,0,16_0_0_20170110232301837.jpg,train
26,1,26_1_1_20170116225003486.jpg,train
35,3,35_1_3_20170117183034589.jpg,train
3,2,3_1_2_20161219212345318.jpg,train
52,0,52_1_0_20170117145704297.jpg,train
25,0,25_0_0_20170117135652264.jpg,train
13,0,13_1_0_20170109204108601.jpg,train
42,0,42_1_0_20170116221807908.jpg,train
32,0,32_1_0_20170117174838232.jpg,train
28,0,28_0_0_20170116214238404.jpg,train
28,0,28_0_0_20170117202432502.jpg,train
26,0,26_1_0_20170117164030406.jpg,train
35,0,35_1_0_20170104165401426.jpg,train
52,0,52_0_0_20170111195826832.jpg,train
4,0,4_1_0_20170109193547686.jpg,train
31,1,31_1_1_20170114031519531.jpg,train
28,1,28_1_1_20170112222231219.jpg,train
21,3,21_1_3_20170104231631625.jpg,train
24,1,24_1_1_20170112234348991.jpg,train
80,0,80_1_0_20170110141751087.jpg,train
37,0,37_0_0_20170116200540241.jpg,train
24,3,24_0_3_20170119165416686.jpg,train
25,0,25_0_0_20170116220630282.jpg,train
26,3,26_0_3_20170119183349949.jpg,train
24,0,24_0_0_20170116220755400.jpg,train
55,0,55_0_0_20170116193520434.jpg,train
36,3,36_0_3_20170119194703786.jpg,train
29,1,29_0_1_20170116142845616.jpg,train
37,3,37_0_3_20170119193244666.jpg,train
8,0,8_1_0_20170103162925343.jpg,train
26,4,26_1_4_20170117201351845.jpg,train
32,3,32_1_3_20170104232241306.jpg,train
30,0,30_0_0_20170119195624116.jpg,train
36,3,36_0_3_20170119201740725.jpg,train
15,0,15_1_0_20170117134420894.jpg,train
32,1,32_1_1_20170113000950242.jpg,train
26,2,26_1_2_20170116184520573.jpg,train
50,0,50_0_0_20170117135618315.jpg,train
85,0,85_0_0_20170111205957066.jpg,train
40,3,40_0_3_20170119211848649.jpg,train
1,0,1_1_0_20170109193014933.jpg,train
24,2,24_1_2_20170116172555595.jpg,train
38,0,38_0_0_20170116001012194.jpg,train
26,0,26_1_0_20170117171447434.jpg,train
26,3,26_1_3_20170119193149977.jpg,train
56,0,56_0_0_20170119172238128.jpg,train
8,0,8_0_0_20170110220159954.jpg,train
85,0,85_0_0_20170117192351268.jpg,train
27,0,27_0_0_20170104201504434.jpg,train
22,3,22_1_3_20170104231710175.jpg,train
28,1,28_0_1_20170116002343175.jpg,train
26,3,26_0_3_20170104230323233.jpg,train
31,0,31_1_0_20170119200057620.jpg,train
28,0,28_1_0_20170109003515954.jpg,train
18,1,18_0_1_20170113175821404.jpg,train
50,3,50_0_3_20170119205058304.jpg,train
1,3,1_0_3_20161219224645904.jpg,train
21,0,21_1_0_20170117193748045.jpg,train
56,3,56_1_3_20170119183420176.jpg,train
46,3,46_0_3_20170119183130575.jpg,train
14,0,14_0_0_20170120133332421.jpg,train
21,3,21_1_3_20170119155647331.jpg,train
35,3,35_1_3_20170119163902152.jpg,train
26,3,26_0_3_20170117154955375.jpg,train
26,1,26_0_1_20170113155022867.jpg,train
30,4,30_0_4_20170104170526912.jpg,train
26,0,26_1_0_20170117201904253.jpg,train
26,2,26_0_2_20170116181220996.jpg,train
39,0,39_1_0_20170105164247586.jpg,train
32,0,32_1_0_20170105002717213.jpg,train
16,0,16_0_0_20170110232038257.jpg,train
35,0,35_1_0_20170117144916091.jpg,train
76,0,76_0_0_20170111221929695.jpg,train
30,3,30_0_3_20170119150736157.jpg,train
85,0,85_0_0_20170111205830721.jpg,train
50,2,50_0_2_20170116163531048.jpg,train
26,0,26_1_0_20170119192623081.jpg,train
1,4,1_1_4_20170103212653844.jpg,train
31,3,31_1_3_20170104222647935.jpg,train
85,0,85_1_0_20170110181617775.jpg,train
30,0,30_0_0_20170117143444827.jpg,train
16,0,16_0_0_20170110231917206.jpg,train
26,0,26_1_0_20170117091638287.jpg,train
28,1,28_1_1_20170112235203401.jpg,train
1,3,1_0_3_20161219230728256.jpg,train
43,3,43_0_3_20170119200911708.jpg,train
46,3,46_0_3_20170119181027204.jpg,train
36,3,36_0_3_20170119201824085.jpg,train
29,1,29_0_1_20170117104538522.jpg,train
29,2,29_1_2_20170116173118658.jpg,train
26,1,26_1_1_20170116234802444.jpg,train
4,3,4_0_3_20161220221755018.jpg,train
36,0,36_0_0_20170103182808586.jpg,train
20,1,20_1_1_20170114031019426.jpg,train
53,0,53_0_0_20170111195944280.jpg,train
40,3,40_0_3_20170104165011263.jpg,train
16,0,16_0_0_20170110231756634.jpg,train
40,1,40_1_1_20170113011948248.jpg,train
30,3,30_1_3_20170104232927250.jpg,train
3,0,3_1_0_20170109191013750.jpg,train
68,0,68_0_0_20170104184637742.jpg,train
45,0,45_1_0_20170117170556859.jpg,train
38,1,38_1_1_20170113183305653.jpg,train
26,3,26_0_3_20170117154454487.jpg,train
28,3,28_1_3_20170104223337415.jpg,train
36,1,36_1_1_20170116173257960.jpg,train
45,3,45_0_3_20170119183849743.jpg,train
53,0,53_0_0_20170113184913361.jpg,train
21,3,21_1_3_20170117142547194.jpg,train
33,0,33_0_0_20170117175820850.jpg,train
32,0,32_0_0_20170113141839586.jpg,train
56,0,56_0_0_20170104182229743.jpg,train
28,0,28_1_0_20170103182242233.jpg,train
1,2,1_0_2_20161219200203132.jpg,train
26,1,26_1_1_20170116232824362.jpg,train
2,2,2_1_2_20161219212324493.jpg,train
24,3,24_1_3_20161220222118601.jpg,train
37,1,37_0_1_20170109010710336.jpg,train
34,2,34_1_2_20170104022134829.jpg,train
58,1,58_0_1_20170117204657521.jpg,train
32,2,32_1_2_20170116191623170.jpg,train
26,2,26_1_2_20170116184151568.jpg,train
38,0,38_1_0_20170103183214380.jpg,train
28,2,28_1_2_20170116164556009.jpg,train
3,2,3_1_2_20161219142651033.jpg,train
24,3,24_1_3_20170119171035080.jpg,train
31,1,31_0_1_20170117135505116.jpg,train
3,2,3_1_2_20161219160836485.jpg,train
26,1,26_0_1_20170117195912668.jpg,train
36,3,36_1_3_20170117173858390.jpg,train
30,0,30_1_0_20170104192455647.jpg,train
21,4,21_0_4_20161223214821265.jpg,train
53,0,53_1_0_20170104184642790.jpg,train
35,1,35_0_1_20170113155220675.jpg,train
4,2,4_0_2_20161219194148499.jpg,train
20,0,20_0_0_20170104230051977.jpg,train
26,1,26_1_1_20170112210754466.jpg,train
22,0,22_0_0_20170104003954062.jpg,train
26,3,26_1_3_20170117174552920.jpg,train
21,1,21_1_1_20170117132654031.jpg,train
36,1,36_0_1_20170116030458993.jpg,train
1,0,1_1_0_20170109194410994.jpg,train
24,4,24_0_4_20170117145915428.jpg,train
56,1,56_0_1_20170113154918011.jpg,train
28,2,28_1_2_20170116164621666.jpg,train
52,0,52_0_0_20170104212249957.jpg,train
52,0,52_1_0_20170110131852751.jpg,train
23,0,23_1_0_20170117145031171.jpg,train
30,1,30_1_1_20170117125901915.jpg,train
26,0,26_1_0_20170117173648397.jpg,train
50,3,50_0_3_20170119204126511.jpg,train
23,0,23_1_0_20170103223641295.jpg,train
67,0,67_1_0_20170110140730634.jpg,train
25,3,25_1_3_20170119151009470.jpg,train
1,4,1_1_4_20161221192800604.jpg,train
31,1,31_1_1_20170116231912509.jpg,train
1,2,1_0_2_20161220144914327.jpg,train
27,1,27_1_1_20170117013838382.jpg,train
30,4,30_1_4_20170104171702193.jpg,train
35,0,35_0_0_20170104201044970.jpg,train
25,0,25_0_0_20170117151726084.jpg,train
26,2,26_0_2_20170119184056247.jpg,train
41,1,41_0_1_20170117171011004.jpg,train
28,1,28_0_1_20170116193421610.jpg,train
10,0,10_0_0_20170110225505288.jpg,train
28,1,28_0_1_20170117165019887.jpg,train
10,0,10_0_0_20170110220316298.jpg,train
22,2,22_1_2_20170116172726806.jpg,train
31,3,31_0_3_20170119200050628.jpg,train
40,1,40_1_1_20170113011244319.jpg,train
10,0,10_0_0_20170110220548521.jpg,train
1,3,1_1_3_20161219230725192.jpg,train
60,3,60_0_3_20170119204312254.jpg,train
26,3,26_1_3_20170117154510952.jpg,train
40,1,40_0_1_20170113155337187.jpg,train
1,2,1_0_2_20161219205016902.jpg,train
60,0,60_1_0_20170110151456654.jpg,train
50,0,50_0_0_20170120222254255.jpg,train
28,1,28_1_1_20170116013959188.jpg,train
32,1,32_1_1_20170117203619504.jpg,train
25,0,25_1_0_20170117134530533.jpg,train
26,2,26_1_2_20170116184249790.jpg,train
38,0,38_0_0_20170113210126612.jpg,train
53,0,53_0_0_20170117161102128.jpg,train
16,0,16_1_0_20170109213504335.jpg,train
35,4,35_1_4_20170109003348401.jpg,train
26,2,26_1_2_20170116184706391.jpg,train
30,0,30_1_0_20170109141417666.jpg,train
75,0,75_0_0_20170111200151404.jpg,train
26,1,26_0_1_20170113155031025.jpg,train
1,2,1_0_2_20161219153055452.jpg,train
26,3,26_0_3_20170104230310913.jpg,train
35,0,35_1_0_20170117150828892.jpg,train
42,3,42_0_3_20170119204237560.jpg,train
10,0,10_0_0_20170110224757882.jpg,train
25,3,25_1_3_20170119153526538.jpg,train
1,3,1_0_3_20161220143042511.jpg,train
27,3,27_1_3_20170104231704778.jpg,train
10,0,10_1_0_20170109203556029.jpg,train
26,1,26_0_1_20170117200033549.jpg,train
21,0,21_1_0_20170117141834506.jpg,train
26,3,26_0_3_20170119180419195.jpg,train
26,3,26_0_3_20170119184129122.jpg,train
13,0,13_0_0_20170110224751365.jpg,train
26,3,26_1_3_20170119192328849.jpg,train
29,0,29_1_0_20170113012607249.jpg,train
58,0,58_0_0_20170104185347134.jpg,train
28,3,28_1_3_20170119210052807.jpg,train
40,0,40_0_0_20170117133133334.jpg,train
54,0,54_0_0_20170113142419212.jpg,train
26,3,26_1_3_20170117153146187.jpg,train
15,0,15_0_0_20170110223430616.jpg,train
54,0,54_0_0_20170117171442259.jpg,train
35,1,35_1_1_20170117154027218.jpg,train
35,1,35_1_1_20170117154114285.jpg,train
1,2,1_0_2_20161219155850477.jpg,train
26,2,26_0_2_20170116164754783.jpg,train
3,0,3_0_0_20170110220527929.jpg,train
35,4,35_0_4_20170117203249167.jpg,train
16,0,16_0_0_20170110232757924.jpg,train
47,0,47_0_0_20170105173114291.jpg,train
4,4,4_1_4_20161221193345109.jpg,train
56,0,56_0_0_20170116235429950.jpg,train
30,1,30_0_1_20170104170359625.jpg,train
35,1,35_1_1_20170112230726789.jpg,train
70,0,70_0_0_20170120225631818.jpg,train
22,3,22_1_3_20170104234459677.jpg,train
15,0,15_1_0_20170109214409051.jpg,train
35,1,35_1_1_20170113003536772.jpg,train
72,0,72_0_0_20170111201853033.jpg,train
48,0,48_1_0_20170117133139314.jpg,train
30,2,30_1_2_20170116162557654.jpg,train
1,4,1_0_4_20170103212630716.jpg,train
26,1,26_1_1_20170116232709732.jpg,train
25,1,25_1_1_20170116171043499.jpg,train
29,0,29_1_0_20170103163418225.jpg,train
35,2,35_0_2_20170116182439096.jpg,train
35,2,35_1_2_20170112191512046.jpg,train
58,0,58_0_0_20170105173559373.jpg,train
25,0,25_0_0_20170113210127416.jpg,train
26,4,26_1_4_20170117201458974.jpg,train
40,0,40_0_0_20170117185304858.jpg,train
25,4,25_1_4_20161221193646742.jpg,train
37,1,37_1_1_20170112212055549.jpg,train
51,0,51_0_0_20170117160750863.jpg,train
5,0,5_0_0_20170110215706020.jpg,train
37,0,37_1_0_20170103183817362.jpg,train
1,2,1_1_2_20170109193844660.jpg,train
30,1,30_1_1_20170114031528104.jpg,train
45,0,45_1_0_20170111182452905.jpg,train
27,0,27_1_0_20170117120649662.jpg,train
22,0,22_0_0_20170103234830581.jpg,train
34,3,34_1_3_20170119200853821.jpg,train
24,0,24_1_0_20170116220317125.jpg,train
27,3,27_0_3_20170104230550273.jpg,train
29,1,29_0_1_20170113181956517.jpg,train
66,0,66_1_0_20170110141312880.jpg,train
40,3,40_0_3_20170119205959119.jpg,train
13,0,13_0_0_20170110224337867.jpg,train
54,0,54_0_0_20170120223234975.jpg,train
24,0,24_1_0_20170116222832772.jpg,train
20,1,20_1_1_20170113005503503.jpg,train
27,1,27_1_1_20170109131744869.jpg,train
30,1,30_1_1_20170117171000858.jpg,train
16,0,16_0_0_20170110232012908.jpg,train
24,3,24_1_3_20170104232305465.jpg,train
36,3,36_1_3_20170109141235854.jpg,train
26,1,26_0_1_20170116142947678.jpg,train
50,1,50_0_1_20170120222239167.jpg,train
39,1,39_0_1_20170117165939682.jpg,train
2,2,2_1_2_20161219202825380.jpg,train
9,0,9_0_0_20170110220239466.jpg,train
26,2,26_1_2_20170116175858597.jpg,train
26,0,26_0_0_20170117200055853.jpg,train
28,1,28_0_1_20170116195816687.jpg,train
29,0,29_0_0_20170117010514579.jpg,train
23,1,23_1_1_20170112234048553.jpg,train
26,3,26_1_3_20170104232150859.jpg,train
27,2,27_1_2_20170116192252052.jpg,train
25,0,25_1_0_20170116223827511.jpg,train
26,2,26_1_2_20170116175901780.jpg,train
70,0,70_0_0_20170117173727535.jpg,train
35,3,35_1_3_20170104234658417.jpg,train
17,1,17_1_1_20170103222937063.jpg,train
40,1,40_1_1_20170112234224866.jpg,train
35,3,35_0_3_20170117134205757.jpg,train
30,1,30_0_1_20170117130118260.jpg,train
30,0,30_0_0_20170116204142744.jpg,train
1,2,1_1_2_20170117192827229.jpg,train
34,1,34_1_1_20170113011657832.jpg,train
28,0,28_0_0_20170108225116577.jpg,train
30,0,30_0_0_20170117144022715.jpg,train
30,4,30_0_4_20170117202929576.jpg,train
62,0,62_1_0_20170110180540639.jpg,train
1,0,1_1_0_20170109190938491.jpg,train
28,3,28_1_3_20170109131950179.jpg,train
42,0,42_0_0_20170105172318206.jpg,train
30,0,30_1_0_20170117143902329.jpg,train
24,0,24_1_0_20170104022800709.jpg,train
47,0,47_0_0_20170116204145373.jpg,train
45,0,45_0_0_20170117172231908.jpg,train
30,0,30_0_0_20170116223816127.jpg,train
30,0,30_1_0_20170117140336640.jpg,train
25,1,25_0_1_20170113133616655.jpg,train
26,1,26_0_1_20170120140251905.jpg,train
5,2,5_0_2_20170103210403442.jpg,train
25,0,25_1_0_20170103163718321.jpg,train
1,2,1_0_2_20161219204653181.jpg,train
24,0,24_0_0_20170117145308498.jpg,train
50,3,50_0_3_20170119201841712.jpg,train
41,1,41_1_1_20170117203858971.jpg,train
63,0,63_1_0_20170110141744495.jpg,train
1,2,1_0_2_20161219142002631.jpg,train
29,2,29_1_2_20170116161802325.jpg,train
20,0,20_1_0_20170119153738075.jpg,train
67,0,67_1_0_20170110180054361.jpg,train
24,2,24_0_2_20170116165518844.jpg,train
3,3,3_0_3_20161220221437315.jpg,train
35,0,35_0_0_20170117130045470.jpg,train
43,0,43_0_0_20170117175212882.jpg,train
25,1,25_0_1_20170117165420219.jpg,train
20,0,20_0_0_20170116201311689.jpg,train
1,4,1_1_4_20161221192836205.jpg,train
10,0,10_0_0_20170110224406532.jpg,train
25,0,25_0_0_20170116215652482.jpg,train
29,0,29_0_0_20170104165350776.jpg,train
25,3,25_0_3_20170119171616945.jpg,train
7,0,7_0_0_20170110224429257.jpg,train
26,1,26_1_1_20170116164843976.jpg,train
30,3,30_0_3_20170119195740600.jpg,train
27,3,27_1_3_20170104232751618.jpg,train
23,3,23_1_3_20170119164422814.jpg,train
58,0,58_0_0_20170109013758613.jpg,train
46,0,46_1_0_20170109002625012.jpg,train
75,0,75_1_0_20170110181540242.jpg,train
3,0,3_1_0_20170109192803099.jpg,train
24,2,24_1_2_20170116174420253.jpg,train
1,2,1_0_2_20170110212743721.jpg,train
46,3,46_0_3_20170113190527889.jpg,train
37,0,37_1_0_20170105000536252.jpg,train
50,3,50_0_3_20170109134300362.jpg,train
26,2,26_0_2_20170116175945939.jpg,train
28,2,28_1_2_20170116162403898.jpg,train
27,2,27_0_2_20170116162359452.jpg,train
24,0,24_0_0_20170114030346768.jpg,train
39,0,39_0_0_20170104181458853.jpg,train
39,2,39_0_2_20170104023022750.jpg,train
21,2,21_1_2_20170116175226250.jpg,train
54,0,54_0_0_20170117191419939.jpg,train
1,0,1_0_0_20170109191808532.jpg,train
50,3,50_1_3_20170104181430093.jpg,train
30,0,30_0_0_20170117120219701.jpg,train
29,1,29_0_1_20170117183551382.jpg,train
54,0,54_1_0_20170103183759282.jpg,train
31,2,31_0_2_20170112003835278.jpg,train
26,3,26_1_3_20170119193115729.jpg,train
33,1,33_1_1_20170112210343452.jpg,train
36,0,36_1_0_20170113005733903.jpg,train
24,0,24_1_0_20170117191400699.jpg,train
26,1,26_1_1_20170113001606417.jpg,train
32,1,32_1_1_20170114024626132.jpg,train
42,1,42_1_1_20170113012431777.jpg,train
55,0,55_0_0_20170120222438720.jpg,train
85,0,85_1_0_20170110182945927.jpg,train
27,0,27_0_0_20170117175351801.jpg,train
42,0,42_0_0_20170111202314436.jpg,train
2,2,2_1_2_20170103213340236.jpg,train
42,0,42_0_0_20170117154743159.jpg,train
60,1,60_1_1_20170112210519379.jpg,train
45,3,45_0_3_20170119165720733.jpg,train
38,1,38_1_1_20170116160301002.jpg,train
26,4,26_1_4_20170117152642036.jpg,train
35,0,35_1_0_20170116223137874.jpg,train
26,1,26_0_1_20170116205326371.jpg,train
37,3,37_1_3_20170119152842760.jpg,train
65,0,65_1_0_20170110140958665.jpg,train
37,3,37_0_3_20170105175547134.jpg,train
27,2,27_1_2_20170116163552814.jpg,train
1,3,1_0_3_20161219224941016.jpg,train
65,0,65_0_0_20170104185725302.jpg,train
25,2,25_1_2_20170116175240492.jpg,train
47,0,47_0_0_20170105173408199.jpg,train
26,1,26_1_1_20170113001517730.jpg,train
1,2,1_0_2_20161219154715885.jpg,train
45,0,45_0_0_20170117180132412.jpg,train
31,3,31_0_3_20170119195950692.jpg,train
66,0,66_0_0_20170109013237361.jpg,train
30,3,30_1_3_20170117181352869.jpg,train
2,2,2_0_2_20161219141211674.jpg,train
1,2,1_0_2_20161219155744942.jpg,train
4,0,4_1_0_20170109190923998.jpg,train
26,0,26_1_0_20170117091325822.jpg,train
32,1,32_1_1_20170117203130815.jpg,train
43,0,43_0_0_20170117142951181.jpg,train
26,1,26_1_1_20170117200345500.jpg,train
26,0,26_1_0_20170104021504132.jpg,train
27,2,27_0_2_20170105163325547.jpg,train
16,0,16_0_0_20170110231636100.jpg,train
40,0,40_0_0_20170117185306458.jpg,train
2,4,2_1_4_20161221202644800.jpg,train
26,0,26_1_0_20170117174358903.jpg,train
25,2,25_1_2_20170116175251901.jpg,train
26,2,26_1_2_20170105164540403.jpg,train
36,1,36_1_1_20170113013001026.jpg,train
55,3,55_0_3_20170119204438679.jpg,train
8,0,8_1_0_20170109202908046.jpg,train
52,3,52_0_3_20170119205708991.jpg,train
34,1,34_0_1_20170104173008466.jpg,train
24,2,24_0_2_20170116172518044.jpg,train
10,0,10_0_0_20170110220033115.jpg,train
35,0,35_0_0_20170117120747082.jpg,train
70,0,70_1_0_20170120223657854.jpg,train
50,0,50_0_0_20170109011120677.jpg,train
52,0,52_0_0_20170104212228222.jpg,train
18,0,18_0_0_20170110232054251.jpg,train
18,0,18_1_0_20170109214156684.jpg,train
20,4,20_1_4_20170103225902242.jpg,train
80,0,80_1_0_20170110140948978.jpg,train
42,1,42_0_1_20170113175712924.jpg,train
2,0,2_1_0_20170109194125822.jpg,train
47,3,47_0_3_20170104211858844.jpg,train
32,1,32_1_1_20170112234109369.jpg,train
32,0,32_0_0_20170116210057148.jpg,train
25,0,25_1_0_20170117152038451.jpg,train
26,1,26_0_1_20170116010019224.jpg,train
23,3,23_0_3_20170119164007795.jpg,train
16,0,16_1_0_20170104013358122.jpg,train
34,0,34_0_0_20170117171532466.jpg,train
27,1,27_0_1_20170117013649763.jpg,train
38,3,38_1_3_20170104235005720.jpg,train
21,1,21_1_1_20170114031500330.jpg,train
39,0,39_0_0_20170117154216307.jpg,train
26,3,26_1_3_20170119193046825.jpg,train
26,1,26_0_1_20170113135339953.jpg,train
50,0,50_0_0_20170111203910911.jpg,train
1,0,1_1_0_20170109190535640.jpg,train
60,0,60_1_0_20170110152845240.jpg,train
50,1,50_0_1_20170117173404026.jpg,train
18,0,18_1_0_20170109213935367.jpg,train
26,0,26_1_0_20170116164911648.jpg,train
20,2,20_1_2_20170116163810477.jpg,train
26,1,26_0_1_20170116201929711.jpg,train
27,0,27_1_0_20170103180241879.jpg,train
27,1,27_0_1_20170117012811248.jpg,train
26,2,26_1_2_20170116173710627.jpg,train
16,0,16_0_0_20170110231944071.jpg,train
32,1,32_0_1_20170117183752355.jpg,train
36,0,36_0_0_20170117135846415.jpg,train
56,3,56_1_3_20170109141502576.jpg,train
56,1,56_1_1_20170110153339650.jpg,train
28,3,28_0_3_20170119194727459.jpg,train
26,1,26_0_1_20170116010639525.jpg,train
20,0,20_1_0_20170117192327053.jpg,train
53,0,53_1_0_20170104212453853.jpg,train
18,3,18_1_3_20170104221920967.jpg,train
41,0,41_1_0_20170104171619994.jpg,train
1,3,1_1_3_20161220221800802.jpg,train
53,0,53_0_0_20170120223146786.jpg,train
26,1,26_0_1_20170113134247025.jpg,train
39,1,39_0_1_20170113141736403.jpg,train
23,1,23_0_1_20170114033536005.jpg,train
12,0,12_1_0_20170109205043077.jpg,train
27,3,27_1_3_20170104223405095.jpg,train
1,0,1_0_0_20161219211413621.jpg,train
32,1,32_0_1_20170113141920028.jpg,train
37,0,37_0_0_20170117135928574.jpg,train
52,0,52_0_0_20170104194326928.jpg,train
26,0,26_0_0_20170117091143436.jpg,train
16,0,16_0_0_20170110232307970.jpg,train
1,3,1_1_3_20161219225238384.jpg,train
4,3,4_0_3_20161220220742914.jpg,train
35,0,35_1_0_20170117203426544.jpg,train
28,2,28_0_2_20170116164346840.jpg,train
23,4,23_1_4_20170117194147485.jpg,train
25,1,25_0_1_20170113132617968.jpg,train
41,0,41_0_0_20170117154652529.jpg,train
40,0,40_0_0_20170116222338389.jpg,train
23,0,23_0_0_20170117144552915.jpg,train
20,0,20_0_0_20170113133053319.jpg,train
1,3,1_0_3_20161219225012529.jpg,train
60,0,60_1_0_20170110154617064.jpg,train
27,0,27_1_0_20170117150925811.jpg,train
54,0,54_0_0_20170117163720882.jpg,train
34,3,34_0_3_20170119165846359.jpg,train
4,2,4_1_2_20161219153328036.jpg,train
58,0,58_0_0_20170111205019096.jpg,train
26,1,26_1_1_20170113012346273.jpg,train
40,1,40_0_1_20170113182334142.jpg,train
45,0,45_0_0_20170104165204728.jpg,train
26,1,26_0_1_20170117200404157.jpg,train
25,4,25_0_4_20170117151632205.jpg,train
60,0,60_0_0_20170117153710684.jpg,train
24,0,24_0_0_20170117150011740.jpg,train
7,0,7_1_0_20170109192242639.jpg,train
26,1,26_0_1_20170114031951577.jpg,train
26,1,26_0_1_20170113135256601.jpg,train
10,0,10_0_0_20170116201102149.jpg,train
1,4,1_0_4_20161221203008320.jpg,train
70,0,70_0_0_20170117171248579.jpg,train
37,0,37_0_0_20170119202221757.jpg,train
50,0,50_0_0_20170104211603916.jpg,train
56,0,56_1_0_20170110180113129.jpg,train
1,3,1_1_3_20161220145208607.jpg,train
30,0,30_0_0_20170117151826355.jpg,train
26,0,26_1_0_20170117003208726.jpg,train
54,1,54_1_1_20170112210508783.jpg,train
16,0,16_1_0_20170109214519974.jpg,train
1,3,1_1_3_20161220145219616.jpg,train
50,1,50_1_1_20170117133207717.jpg,train
42,0,42_0_0_20170117154825824.jpg,train
45,0,45_0_0_20170117185004664.jpg,train
1,2,1_0_2_20161219221919847.jpg,train
33,0,33_1_0_20170117182546605.jpg,train
10,0,10_0_0_20170110225414790.jpg,train
40,0,40_0_0_20170117154612191.jpg,train
3,0,3_1_0_20170109190815163.jpg,train
65,0,65_0_0_20170111203557764.jpg,train
19,0,19_1_0_20170103201755639.jpg,train
26,0,26_0_0_20170117170723363.jpg,train
28,3,28_0_3_20170119194439188.jpg,train
35,1,35_0_1_20170117143158631.jpg,train
24,3,24_1_3_20170104222339654.jpg,train
34,1,34_1_1_20170112234456968.jpg,train
35,0,35_0_0_20170116182345117.jpg,train
35,2,35_1_2_20170116191713117.jpg,train
29,1,29_0_1_20170116182134769.jpg,train
1,2,1_0_2_20170116194202388.jpg,train
26,0,26_0_0_20170119180114276.jpg,train
40,0,40_1_0_20170103163152623.jpg,train
30,0,30_0_0_20170117141701441.jpg,train
50,1,50_0_1_20170111194904758.jpg,train
4,2,4_1_2_20161219141829689.jpg,train
28,1,28_1_1_20170116231107181.jpg,train
56,3,56_0_3_20170119174930466.jpg,train
27,1,27_0_1_20170113135628651.jpg,train
34,0,34_0_0_20170116030432644.jpg,train
29,0,29_1_0_20170113000327017.jpg,train
37,0,37_0_0_20170117120539886.jpg,train
26,0,26_0_0_20170117195443924.jpg,train
32,0,32_1_0_20170116220856474.jpg,train
50,3,50_0_3_20170117154534254.jpg,train
47,0,47_1_0_20170117160427895.jpg,train
25,1,25_1_1_20170112235102049.jpg,train
26,1,26_1_1_20170116154333887.jpg,train
65,0,65_0_0_20170116233738861.jpg,train
32,1,32_1_1_20170112224100250.jpg,train
28,1,28_0_1_20170113151043367.jpg,train
26,1,26_0_1_20170113151756520.jpg,train
80,0,80_0_0_20170111211457352.jpg,train
7,0,7_1_0_20170104005655967.jpg,train
24,2,24_1_2_20170116174612535.jpg,train
24,1,24_1_1_20170115235617909.jpg,train
24,4,24_1_4_20170103233956963.jpg,train
35,0,35_1_0_20170105162344803.jpg,train
85,0,85_1_0_20170110182120593.jpg,train
26,0,26_1_0_20170120134302655.jpg,train
25,2,25_1_2_20170104020239939.jpg,train
26,1,26_1_1_20170116011336602.jpg,train
54,3,54_0_3_20170119210102142.jpg,train
26,3,26_1_3_20170117174059493.jpg,train
26,1,26_1_1_20170116024221538.jpg,train
34,1,34_1_1_20170117022208457.jpg,train
65,0,65_1_0_20170120224801168.jpg,train
45,0,45_0_0_20170113190343889.jpg,train
26,0,26_1_0_20170117170417131.jpg,train
75,0,75_1_0_20170109150808608.jpg,train
26,4,26_1_4_20170117201645720.jpg,train
24,1,24_1_1_20170115235433094.jpg,train
24,1,24_0_1_20170117204443327.jpg,train
31,4,31_1_4_20170117203047078.jpg,train
22,3,22_1_3_20170119162920653.jpg,train
30,0,30_1_0_20170108225424420.jpg,train
2,0,2_0_0_20170109191327945.jpg,train
70,0,70_1_0_20170110122949483.jpg,train
51,0,51_0_0_20170117173720491.jpg,train
49,0,49_0_0_20170119205452032.jpg,train
26,1,26_1_1_20170112235543761.jpg,train
36,0,36_0_0_20170119155816042.jpg,train
32,1,32_1_1_20170116164948959.jpg,train
38,1,38_1_1_20170117190452524.jpg,train
24,2,24_1_2_20170117145644747.jpg,train
1,3,1_0_3_20161219225631312.jpg,train
36,0,36_1_0_20170113000608163.jpg,train
11,0,11_0_0_20170110224340941.jpg,train
23,2,23_1_2_20170116173125516.jpg,train
32,0,32_0_0_20170105165141556.jpg,train
26,1,26_1_1_20170116162111804.jpg,train
28,3,28_0_3_20170119194510875.jpg,train
19,0,19_1_0_20170103175610671.jpg,train
3,3,3_1_3_20161219225041456.jpg,train
26,1,26_1_1_20170112210535941.jpg,train
67,0,67_1_0_20170110131843433.jpg,train
24,1,24_0_1_20170113134119424.jpg,train
20,1,20_1_1_20170116164052068.jpg,train
26,2,26_1_2_20161219204400164.jpg,train
27,1,27_1_1_20170113001019472.jpg,train
40,0,40_0_0_20170120220126473.jpg,train
27,1,27_1_1_20170117013845090.jpg,train
36,0,36_1_0_20170117121853731.jpg,train
27,0,27_1_0_20170117180028028.jpg,train
32,0,32_0_0_20170104202221514.jpg,train
31,3,31_0_3_20170119195949283.jpg,train
32,0,32_1_0_20170117134815003.jpg,train
9,0,9_1_0_20170109204626343.jpg,train
26,1,26_1_1_20170116184558816.jpg,train
21,4,21_0_4_20161223214826657.jpg,train
32,0,32_0_0_20170116201321051.jpg,train
35,0,35_0_0_20170119200917429.jpg,train
38,2,38_0_2_20170109002407221.jpg,train
1,2,1_0_2_20161219203514252.jpg,train
6,3,6_1_3_20161220220051873.jpg,train
38,1,38_1_1_20170117005942906.jpg,train
26,3,26_1_3_20170119163659157.jpg,train
28,0,28_0_0_20170120134909814.jpg,train
28,0,28_0_0_20170120134223574.jpg,train
26,0,26_0_0_20170116193141738.jpg,train
56,0,56_0_0_20170113182426934.jpg,train
32,1,32_1_1_20170116192527624.jpg,train
32,0,32_0_0_20170117120718633.jpg,train
25,2,25_1_2_20170116201708376.jpg,train
32,1,32_0_1_20170116002236204.jpg,train
30,0,30_0_0_20170117135807720.jpg,train
30,2,30_1_2_20170116161740145.jpg,train
25,0,25_1_0_20170117140624359.jpg,train
52,0,52_1_0_20170103163625630.jpg,train
59,0,59_1_0_20170110141807087.jpg,train
60,0,60_1_0_20170110152225746.jpg,train
1,4,1_0_4_20161221195115664.jpg,train
26,1,26_1_1_20170116174149455.jpg,train
65,0,65_0_0_20170117172625586.jpg,train
26,4,26_0_4_20170117152801765.jpg,train
34,0,34_1_0_20170103163031248.jpg,train
1,3,1_1_3_20161219225247616.jpg,train
24,0,24_0_0_20170117145910325.jpg,train
26,1,26_1_1_20170112235940056.jpg,train
60,3,60_1_3_20170109141933202.jpg,train
2,3,2_0_3_20161220143322854.jpg,train
34,0,34_1_0_20170103182647402.jpg,train
9,0,9_0_0_20170110221724498.jpg,train
42,1,42_1_1_20170113011527191.jpg,train
26,1,26_1_1_20170116223109423.jpg,train
65,0,65_0_0_20170117160712302.jpg,train
46,3,46_1_3_20170120140919993.jpg,train
78,0,78_0_0_20170120223021915.jpg,train
40,0,40_0_0_20170104205634244.jpg,train
15,0,15_0_0_20170104002211388.jpg,train
1,2,1_0_2_20161219195643627.jpg,train
58,0,58_0_0_20170109013804774.jpg,train
47,3,47_0_3_20170119184351798.jpg,train
26,0,26_1_0_20170116184240259.jpg,train
24,2,24_1_2_20170109213251114.jpg,train
45,3,45_0_3_20170119202700364.jpg,train
32,1,32_0_1_20170113195640844.jpg,train
63,0,63_0_0_20170105180927239.jpg,train
21,1,21_1_1_20170112193104310.jpg,train
24,3,24_1_3_20170104232256105.jpg,train
29,1,29_0_1_20170113151522064.jpg,train
2,2,2_0_2_20161219142335801.jpg,train
54,0,54_1_0_20170117204559094.jpg,train
70,0,70_1_0_20170110131649566.jpg,train
54,3,54_1_3_20170109141510546.jpg,train
26,0,26_1_0_20170117175311145.jpg,train
80,0,80_1_0_20170110140603775.jpg,train
51,0,51_1_0_20170110123530286.jpg,train
42,1,42_1_1_20170113005434508.jpg,train
78,0,78_0_0_20170111221741900.jpg,train
32,1,32_0_1_20170113152213617.jpg,train
1,0,1_1_0_20161219161022878.jpg,train
25,1,25_0_1_20170113181540981.jpg,train
32,0,32_0_0_20170116213549300.jpg,train
64,0,64_1_0_20170120223621126.jpg,train
35,4,35_0_4_20170117153804765.jpg,train
60,0,60_1_0_20170110152834081.jpg,train
22,0,22_0_0_20170104225920241.jpg,train
1,0,1_1_0_20170109193026103.jpg,train
2,4,2_0_4_20170103205319954.jpg,train
34,0,34_0_0_20170117134912040.jpg,train
1,2,1_1_2_20161219155356357.jpg,train
35,1,35_1_1_20170112235023312.jpg,train
43,0,43_0_0_20170117204018328.jpg,train
61,0,61_1_0_20170117174551886.jpg,train
30,0,30_1_0_20170104164947017.jpg,train
27,4,27_1_4_20170112234325680.jpg,train
30,1,30_1_1_20170116220801881.jpg,train
5,3,5_0_3_20161220220030442.jpg,train
58,0,58_0_0_20170113185339857.jpg,train
66,0,66_1_0_20170110131902685.jpg,train
26,2,26_1_2_20170116184051103.jpg,train
45,0,45_1_0_20170117181407564.jpg,train
26,1,26_0_1_20170117195934763.jpg,train
40,0,40_0_0_20170117154513275.jpg,train
26,3,26_0_3_20170119192356378.jpg,train
26,0,26_0_0_20170117195617829.jpg,train
2,0,2_0_0_20170110225218837.jpg,train
85,0,85_1_0_20170110184040927.jpg,train
22,0,22_1_0_20170105184130182.jpg,train
28,1,28_0_1_20170117020025404.jpg,train
26,1,26_0_1_20170113154809050.jpg,train
29,2,29_1_2_20170116192543424.jpg,train
38,3,38_0_3_20170119202709695.jpg,train
49,3,49_0_3_20170109011146753.jpg,train
40,1,40_0_1_20170113152103014.jpg,train
35,0,35_0_0_20170117180339845.jpg,train
85,0,85_1_0_20170110181554730.jpg,train
56,0,56_1_0_20170112205003474.jpg,train
45,0,45_0_0_20170120220047074.jpg,train
34,0,34_0_0_20170104201652065.jpg,train
53,0,53_0_0_20170117190917315.jpg,train
39,1,39_0_1_20170113175840205.jpg,train
25,0,25_1_0_20170103163218903.jpg,train
28,0,28_1_0_20170117180423496.jpg,train
40,0,40_1_0_20170117134417715.jpg,train
48,0,48_0_0_20170111194917142.jpg,train
32,1,32_1_1_20170113011927992.jpg,train
40,3,40_0_3_20170119175332114.jpg,train
24,2,24_1_2_20170116173503713.jpg,train
25,1,25_0_1_20170116002835308.jpg,train
3,0,3_1_0_20161219225130536.jpg,train
28,3,28_0_3_20170119194805417.jpg,train
28,0,28_0_0_20170117180537129.jpg,train
22,1,22_0_1_20170113133405641.jpg,train
27,0,27_1_0_20170116171141861.jpg,train
34,3,34_0_3_20170119200817301.jpg,train
26,1,26_0_1_20170117003249556.jpg,train
18,0,18_1_0_20170117140258008.jpg,train
1,3,1_1_3_20161220145300279.jpg,train
26,0,26_0_0_20170117153343071.jpg,train
30,0,30_1_0_20170117181115699.jpg,train
58,0,58_0_0_20170113190658809.jpg,train
56,1,56_1_1_20170112210514093.jpg,train
3,2,3_1_2_20161219142458105.jpg,train
49,0,49_1_0_20170104185034878.jpg,train
29,1,29_0_1_20170113150655423.jpg,train
26,1,26_1_1_20170112213448336.jpg,train
55,0,55_0_0_20170117190545195.jpg,train
24,2,24_0_2_20170116164209154.jpg,train
1,2,1_1_2_20161219195646355.jpg,train
65,0,65_0_0_20170104185320086.jpg,train
26,1,26_1_1_20170117173805126.jpg,train
28,2,28_1_2_20170116161415319.jpg,train
26,3,26_0_3_20170117154449286.jpg,train
1,4,1_1_4_20170103204831032.jpg,train
28,1,28_1_1_20170112210934053.jpg,train
22,2,22_1_2_20170116172023018.jpg,train
24,2,24_1_2_20170116170616076.jpg,train
25,3,25_1_3_20170119172152169.jpg,train
65,0,65_1_0_20170110175818279.jpg,train
38,1,38_1_1_20170116165625644.jpg,train
40,3,40_0_3_20170119203747574.jpg,train
28,1,28_0_1_20170113145739893.jpg,train
90,0,90_1_0_20170110183149030.jpg,train
50,3,50_0_3_20170119171601064.jpg,train
31,1,31_1_1_20170116180028746.jpg,train
36,3,36_0_3_20170109140426932.jpg,train
2,4,2_0_4_20161221200605305.jpg,train
28,4,28_0_4_20170117190111300.jpg,train
22,2,22_1_2_20170104020216916.jpg,train
28,3,28_0_3_20170117180432854.jpg,train
56,0,56_1_0_20170110153845590.jpg,train
26,2,26_0_2_20170119184042373.jpg,train
24,2,24_1_2_20170116222629764.jpg,train
30,0,30_1_0_20170117181338019.jpg,train
34,3,34_0_3_20170119195442526.jpg,train
31,3,31_0_3_20170119195935948.jpg,train
40,1,40_0_1_20170117170126359.jpg,train
39,3,39_1_3_20170104214549390.jpg,train
4,0,4_1_0_20170103223021271.jpg,train
27,4,27_1_4_20170103235051403.jpg,train
36,0,36_0_0_20170117091125717.jpg,train
30,0,30_1_0_20170117140139022.jpg,train
60,0,60_1_0_20170110122522956.jpg,train
4,2,4_1_2_20161219211452533.jpg,train
17,1,17_0_1_20170113145220398.jpg,train
73,0,73_1_0_20170120230000346.jpg,train
26,0,26_1_0_20170117175344913.jpg,train
26,2,26_1_2_20170116175443429.jpg,train
26,3,26_0_3_20170119181428332.jpg,train
29,2,29_1_2_20170116191203271.jpg,train
45,1,45_0_1_20170117193756181.jpg,train
1,2,1_1_2_20161219202727078.jpg,train
2,0,2_0_0_20170110213146269.jpg,train
70,0,70_0_0_20170119205821287.jpg,train
26,1,26_1_1_20170116154727986.jpg,train
36,3,36_0_3_20170119201916448.jpg,train
24,0,24_1_0_20170112231916526.jpg,train
3,0,3_0_0_20170110212719382.jpg,train
36,3,36_0_3_20170119183738087.jpg,train
24,1,24_0_1_20170116221934149.jpg,train
32,2,32_0_2_20170117133724452.jpg,train
1,0,1_1_0_20161219205022813.jpg,train
28,1,28_0_1_20170113134755546.jpg,train
30,1,30_1_1_20170117123854164.jpg,train
26,0,26_1_0_20170113000016345.jpg,train
3,0,3_1_0_20170109191801408.jpg,train
21,1,21_0_1_20170116215535068.jpg,train
38,1,38_1_1_20170112211132925.jpg,train
34,1,34_0_1_20170113173645019.jpg,train
37,1,37_0_1_20170117191953052.jpg,train
30,1,30_0_1_20170113173357107.jpg,train
50,0,50_1_0_20170117092638126.jpg,train
37,0,37_1_0_20170105172652727.jpg,train
31,1,31_1_1_20170114031659379.jpg,train
29,0,29_1_0_20170104023227077.jpg,train
26,1,26_0_1_20170113135342690.jpg,train
56,0,56_0_0_20170111203052213.jpg,train
50,2,50_1_2_20170116173220910.jpg,train
16,0,16_1_0_20170109212525685.jpg,train
28,2,28_1_2_20170116165557121.jpg,train
32,1,32_0_1_20170113145215078.jpg,train
28,0,28_1_0_20170116211818606.jpg,train
26,3,26_0_3_20170117153628556.jpg,train
34,1,34_1_1_20170113000209880.jpg,train
56,0,56_0_0_20170113210319631.jpg,train
67,0,67_0_0_20170113185523838.jpg,train
2,4,2_0_4_20161221192937540.jpg,train
50,1,50_1_1_20170113012828731.jpg,train
27,3,27_1_3_20170119155634673.jpg,train
28,0,28_1_0_20170115235915388.jpg,train
26,1,26_0_1_20170113151632526.jpg,train
35,0,35_0_0_20170104165411001.jpg,train
32,0,32_0_0_20170117133625422.jpg,train
32,1,32_1_1_20170116174204651.jpg,train
85,0,85_1_0_20170110183614616.jpg,train
25,3,25_1_3_20170119172140785.jpg,train
34,1,34_1_1_20170112213659687.jpg,train
36,0,36_0_0_20170105163342059.jpg,train
23,3,23_1_3_20170104222224327.jpg,train
34,3,34_1_3_20170119164445358.jpg,train
50,0,50_0_0_20170120222230975.jpg,train
27,0,27_1_0_20170105162221371.jpg,train
28,0,28_1_0_20170104233637946.jpg,train
18,0,18_1_0_20170109214251980.jpg,train
29,1,29_1_1_20170113001147795.jpg,train
50,0,50_0_0_20170116233402741.jpg,train
15,0,15_1_0_20170109204203014.jpg,train
52,1,52_0_1_20170116010409058.jpg,train
56,1,56_1_1_20170113005840156.jpg,train
25,0,25_0_0_20170116222934823.jpg,train
24,2,24_1_2_20170116161819263.jpg,train
24,2,24_1_2_20170116173552106.jpg,train
49,3,49_0_3_20170119200252003.jpg,train
31,1,31_1_1_20170112204529987.jpg,train
43,0,43_0_0_20170104183504030.jpg,train
90,0,90_0_0_20170111210753614.jpg,train
34,0,34_0_0_20170109002826967.jpg,train
29,0,29_0_0_20170119195149987.jpg,train
26,0,26_1_0_20170116184526152.jpg,train
23,2,23_1_2_20170105162602515.jpg,train
35,2,35_0_2_20170116181329511.jpg,train
21,1,21_0_1_20170114032018810.jpg,train
60,0,60_0_0_20170117153701292.jpg,train
47,0,47_0_0_20170117165141482.jpg,train
45,0,45_0_0_20170117170928114.jpg,train
24,3,24_1_3_20170117145425107.jpg,train
26,0,26_0_0_20170117152350379.jpg,train
36,3,36_0_3_20170104220651390.jpg,train
23,0,23_1_0_20170116221812669.jpg,train
30,0,30_0_0_20170117130646482.jpg,train
26,0,26_0_0_20170117172041755.jpg,train
21,3,21_1_3_20170117142617306.jpg,train
24,1,24_0_1_20170114030108935.jpg,train
22,1,22_0_1_20170114032251671.jpg,train
57,0,57_0_0_20170117140047588.jpg,train
26,3,26_0_3_20170119174937595.jpg,train
28,4,28_1_4_20170103225950647.jpg,train
34,1,34_1_1_20170116020412962.jpg,train
26,3,26_1_3_20170104235102538.jpg,train
1,0,1_1_0_20170109193024658.jpg,train
35,0,35_0_0_20170117145224204.jpg,train
16,0,16_0_0_20170110231814139.jpg,train
76,0,76_1_0_20170110131747399.jpg,train
40,0,40_1_0_20170104174233331.jpg,train
26,3,26_1_3_20170109133227729.jpg,train
23,0,23_1_0_20170112234313416.jpg,train
32,1,32_1_1_20170112215410367.jpg,train
34,0,34_0_0_20170117134857915.jpg,train
27,2,27_1_2_20170119193351465.jpg,train
28,3,28_0_3_20170119194505829.jpg,train
23,0,23_1_0_20170103163102400.jpg,train
34,1,34_1_1_20170117132708007.jpg,train
1,2,1_0_2_20161219190110523.jpg,train
42,1,42_0_1_20170113190548728.jpg,train
30,0,30_1_0_20170116211836902.jpg,train
5,2,5_1_2_20161219203429011.jpg,train
24,1,24_0_1_20170116002302626.jpg,train
22,4,22_1_4_20170103234706499.jpg,train
40,0,40_1_0_20170112233604223.jpg,train
2,2,2_1_2_20161219222227663.jpg,train
26,1,26_0_1_20170113135532482.jpg,train
1,3,1_0_3_20161220145213471.jpg,train
30,1,30_0_1_20170117202835519.jpg,train
30,0,30_1_0_20170117131057509.jpg,train
28,2,28_1_2_20170116172601009.jpg,train
22,3,22_1_3_20170119152638326.jpg,train
26,1,26_1_1_20170116231444253.jpg,train
55,0,55_1_0_20170117155022829.jpg,train
30,0,30_0_0_20170116211705711.jpg,train
4,4,4_1_4_20161221200021608.jpg,train
21,1,21_1_1_20170114030624147.jpg,train
26,0,26_0_0_20170116180418155.jpg,train
18,0,18_0_0_20170103201519511.jpg,train
26,4,26_0_4_20170103235429853.jpg,train
26,0,26_0_0_20170117152347004.jpg,train
25,1,25_0_1_20170116002228362.jpg,train
2,0,2_0_0_20170110213250253.jpg,train
23,0,23_1_0_20170116221828462.jpg,train
22,0,22_1_0_20170109213059848.jpg,train
3,0,3_0_0_20170110212748579.jpg,train
1,2,1_1_2_20161221192810669.jpg,train
29,0,29_1_0_20170117134713969.jpg,train
40,0,40_1_0_20170117154711395.jpg,train
50,0,50_1_0_20170109012542626.jpg,train
28,3,28_1_3_20170117184127794.jpg,train
54,3,54_0_3_20170117171017251.jpg,train
50,0,50_0_0_20170117152322862.jpg,train
26,1,26_1_1_20170116231226803.jpg,train
51,0,51_0_0_20170111203742983.jpg,train
70,0,70_0_0_20170120223341037.jpg,train
18,0,18_0_0_20170105183259439.jpg,train
32,2,32_1_2_20170117134733341.jpg,train
26,1,26_1_1_20170113012239224.jpg,train
27,2,27_0_2_20170119193332498.jpg,train
2,2,2_0_2_20161219203126700.jpg,train
16,0,16_1_0_20170109213604149.jpg,train
18,0,18_1_0_20170109212756182.jpg,train
40,1,40_0_1_20170117170640870.jpg,train
29,0,29_0_0_20170116214300022.jpg,train
1,2,1_1_2_20161219212526926.jpg,train
29,3,29_0_3_20170119195344995.jpg,train
35,0,35_0_0_20170117130116812.jpg,train
42,0,42_0_0_20170117171631214.jpg,train
8,0,8_0_0_20170103210815996.jpg,train
1,2,1_1_2_20161219162113982.jpg,train
27,1,27_1_1_20170112234238832.jpg,train
2,2,2_1_2_20161219222249678.jpg,train
23,3,23_1_3_20170119164539192.jpg,train
85,0,85_1_0_20170110181324285.jpg,train
34,3,34_1_3_20170119200846595.jpg,train
3,4,3_1_4_20161221193538039.jpg,train
28,1,28_0_1_20170113145447677.jpg,train
23,1,23_0_1_20170114032011297.jpg,train
35,0,35_1_0_20170117191520420.jpg,train
10,0,10_0_0_20170103200522151.jpg,train
28,0,28_0_0_20170117180237845.jpg,train
35,3,35_1_3_20170117182841270.jpg,train
35,4,35_0_4_20170117132531670.jpg,train
21,3,21_0_3_20170104230524803.jpg,train
72,0,72_1_0_20170110142532852.jpg,train
28,3,28_0_3_20170119194514838.jpg,train
53,0,53_1_0_20170110122130739.jpg,train
32,0,32_1_0_20170117134801098.jpg,train
35,1,35_0_1_20170113134314369.jpg,train
25,3,25_1_3_20170117164722928.jpg,train
23,2,23_1_2_20170116173150921.jpg,train
35,2,35_1_2_20170116191223232.jpg,train
38,0,38_0_0_20170113210604697.jpg,train
28,0,28_0_0_20170117020854365.jpg,train
23,0,23_0_0_20170119163828336.jpg,train
22,2,22_1_2_20170103212729188.jpg,train
30,0,30_0_0_20170105164847516.jpg,train
22,1,22_0_1_20170113132532656.jpg,train
52,0,52_0_0_20170116233057278.jpg,train
45,0,45_1_0_20170120221126908.jpg,train
28,0,28_1_0_20170117144930395.jpg,train
24,1,24_1_1_20170115234948897.jpg,train
24,4,24_0_4_20170113151020448.jpg,train
30,1,30_0_1_20170113152824163.jpg,train
28,3,28_1_3_20170109134902771.jpg,train
35,0,35_0_0_20170117175758802.jpg,train
26,0,26_1_0_20170117191528652.jpg,train
26,4,26_0_4_20170117153449084.jpg,train
36,3,36_0_3_20170119181330668.jpg,train
13,0,13_0_0_20170110232519225.jpg,train
31,0,31_0_0_20170103183951893.jpg,train
23,0,23_1_0_20170116221815459.jpg,train
26,3,26_1_3_20170119193118067.jpg,train
27,1,27_1_1_20170117193211345.jpg,train
26,1,26_0_1_20170117170851628.jpg,train
21,0,21_1_0_20170112233610183.jpg,train
25,2,25_1_2_20170116175250125.jpg,train
1,3,1_1_3_20161219224951912.jpg,train
52,0,52_0_0_20170104170644217.jpg,train
21,1,21_0_1_20170120133601830.jpg,train
8,0,8_0_0_20170110225358551.jpg,train
26,3,26_1_3_20170119193105762.jpg,train
54,0,54_1_0_20170117171700979.jpg,train
40,0,40_1_0_20170105172927477.jpg,train
25,1,25_1_1_20170112193002220.jpg,train
29,1,29_0_1_20170116194210361.jpg,train
72,0,72_0_0_20170111222416133.jpg,train
50,0,50_0_0_20170120221409269.jpg,train
8,0,8_0_0_20170110225017437.jpg,train
23,1,23_1_1_20170114034152328.jpg,train
42,3,42_0_3_20170113142222564.jpg,train
38,1,38_1_1_20170113005614349.jpg,train
26,1,26_0_1_20170116224835545.jpg,train
32,3,32_0_3_20170119192340778.jpg,train
57,0,57_0_0_20170117195457344.jpg,train
66,0,66_1_0_20170110143321085.jpg,train
24,2,24_1_2_20170116165511429.jpg,train
26,1,26_0_1_20170116205012718.jpg,train
32,3,32_0_3_20170119162651590.jpg,train
7,0,7_0_0_20170110215648859.jpg,train
26,0,26_1_0_20170117003314278.jpg,train
51,0,51_0_0_20170109012545153.jpg,train
35,0,35_0_0_20170117134939473.jpg,train
53,0,53_1_0_20170104170652531.jpg,train
32,0,32_1_0_20170117203136983.jpg,train
56,3,56_1_3_20170109142113189.jpg,train
24,4,24_1_4_20170117194920763.jpg,train
54,3,54_0_3_20170119210215231.jpg,train
30,1,30_0_1_20170113133238257.jpg,train
5,2,5_1_2_20161219195123491.jpg,train
27,2,27_1_2_20170116162537496.jpg,train
8,0,8_1_0_20170109204756399.jpg,train
22,1,22_1_1_20170103180755073.jpg,train
25,0,25_0_0_20170119171141465.jpg,train
2,0,2_0_0_20170110212905173.jpg,train
26,3,26_1_3_20170119192843266.jpg,train
1,2,1_0_2_20161219204108580.jpg,train
1,4,1_0_4_20161221195425649.jpg,train
31,1,31_0_1_20170116203947826.jpg,train
3,3,3_1_3_20161219230259272.jpg,train
25,0,25_0_0_20170117203843296.jpg,train
80,0,80_1_0_20170110131552667.jpg,train
28,3,28_1_3_20170119154512882.jpg,train
1,3,1_1_3_20161220143219502.jpg,train
26,3,26_0_3_20170119162753492.jpg,train
8,0,8_1_0_20170109202434032.jpg,train
53,0,53_1_0_20170116200916159.jpg,train
1,3,1_0_3_20161219225241152.jpg,train
17,0,17_0_0_20170110231830374.jpg,train
12,0,12_0_0_20170110225330874.jpg,train
45,0,45_1_0_20170109221158465.jpg,train
4,0,4_1_0_20170109192248839.jpg,train
85,0,85_1_0_20170109151120998.jpg,train
8,0,8_0_0_20170110215640027.jpg,train
24,2,24_1_2_20161219201505604.jpg,train
28,2,28_1_2_20170116165514344.jpg,train
22,0,22_1_0_20170112233719345.jpg,train
26,0,26_1_0_20170116234828566.jpg,train
22,0,22_1_0_20170114025444380.jpg,train
32,3,32_0_3_20170104214518494.jpg,train
1,3,1_0_3_20161219224544080.jpg,train
1,0,1_1_0_20170109191709485.jpg,train
3,0,3_1_0_20170109190740324.jpg,train
9,0,9_0_0_20170110224838965.jpg,train
17,0,17_0_0_20170105183357879.jpg,train
33,0,33_1_0_20170105161501346.jpg,train
40,1,40_1_1_20170112205136114.jpg,train
17,1,17_0_1_20170116205618568.jpg,train
65,0,65_1_0_20170110131714147.jpg,train
26,1,26_0_1_20170113134249474.jpg,train
28,3,28_0_3_20170104230628769.jpg,train
8,0,8_1_0_20170109202316791.jpg,train
28,3,28_0_3_20170119194455730.jpg,train
26,0,26_0_0_20170116212048433.jpg,train
26,1,26_1_1_20170116224151345.jpg,train
50,0,50_0_0_20170117174607390.jpg,train
25,0,25_1_0_20170117135959687.jpg,train
26,1,26_0_1_20170117003204591.jpg,train
26,1,26_0_1_20170120134513055.jpg,train
64,0,64_0_0_20170109015151096.jpg,train
31,2,31_1_2_20170116191359803.jpg,train
26,1,26_1_1_20170117201147190.jpg,train
11,0,11_0_0_20170110225254975.jpg,train
32,1,32_0_1_20170113173419142.jpg,train
65,3,65_0_3_20170105180657742.jpg,train
24,2,24_0_2_20170116163417424.jpg,train
85,0,85_1_0_20170110184114479.jpg,train
20,0,20_0_0_20170120133547085.jpg,train
31,0,31_0_0_20170117133148137.jpg,train
80,0,80_1_0_20170110141723527.jpg,train
24,2,24_1_2_20170116164628750.jpg,train
26,1,26_1_1_20170116164358291.jpg,train
34,0,34_1_0_20170119151149436.jpg,train
76,0,76_0_0_20170111221823004.jpg,train
1,0,1_0_0_20170110213201721.jpg,train
36,3,36_0_3_20170117154320368.jpg,train
35,2,35_1_2_20170116180729528.jpg,train
26,1,26_0_1_20170116200714834.jpg,train
22,3,22_1_3_20170119163211532.jpg,train
20,0,20_1_0_20170109213411083.jpg,train
80,0,80_0_0_20170120225045833.jpg,train
32,0,32_0_0_20170117121829950.jpg,train
35,0,35_1_0_20170117185820075.jpg,train
27,2,27_0_2_20170104192852607.jpg,train
48,3,48_0_3_20170119192924313.jpg,train
45,1,45_0_1_20170113141830522.jpg,train
20,0,20_1_0_20170105183449767.jpg,train
26,3,26_0_3_20170119184256959.jpg,train
41,0,41_0_0_20170117131132677.jpg,train
26,0,26_1_0_20170117200909070.jpg,train
52,0,52_1_0_20170108235321768.jpg,train
25,3,25_1_3_20170117152026220.jpg,train
26,0,26_0_0_20170117172649700.jpg,train
26,1,26_0_1_20170113152847713.jpg,train
1,2,1_0_2_20161219203325644.jpg,train
51,0,51_0_0_20170117160749894.jpg,train
25,0,25_0_0_20170117191222353.jpg,train
42,0,42_0_0_20170113184108638.jpg,train
18,0,18_1_0_20170109212417557.jpg,train
3,0,3_1_0_20170109190525069.jpg,train
26,3,26_0_3_20170119180950828.jpg,train
31,2,31_1_2_20170117131205330.jpg,train
21,4,21_0_4_20161223214825003.jpg,train
1,2,1_0_2_20161219195737467.jpg,train
40,1,40_1_1_20170116231247019.jpg,train
75,0,75_0_0_20170111203722942.jpg,train
35,1,35_1_1_20170112213036050.jpg,train
28,2,28_1_2_20170109141410232.jpg,train
24,2,24_1_2_20170116174416603.jpg,train
26,0,26_0_0_20170117152804731.jpg,train
24,4,24_1_4_20170104005617062.jpg,train
2,0,2_0_0_20170109193359075.jpg,train
24,3,24_0_3_20170119164640918.jpg,train
29,3,29_0_3_20170119195115853.jpg,train
30,2,30_1_2_20170116165139757.jpg,train
43,1,43_0_1_20170116203818122.jpg,train
24,1,24_1_1_20170112231342878.jpg,train
37,3,37_0_3_20170119175010298.jpg,train
35,3,35_0_3_20170104220303838.jpg,train
26,1,26_1_1_20170112210330228.jpg,train
27,0,27_0_0_20170117202125551.jpg,train
55,3,55_1_3_20170119195255556.jpg,train
1,1,1_0_1_20170117130048013.jpg,train
34,3,34_0_3_20170119200817972.jpg,train
1,2,1_0_2_20161219200004228.jpg,train
15,0,15_1_0_20170109213427133.jpg,train
60,0,60_0_0_20170103182716210.jpg,train
26,3,26_1_3_20170104222922568.jpg,train
26,4,26_0_4_20170103235427740.jpg,train
75,0,75_0_0_20170111205932368.jpg,train
25,2,25_0_2_20170116165101483.jpg,train
61,0,61_0_0_20170117174635328.jpg,train
36,0,36_0_0_20170117105105170.jpg,train
36,1,36_0_1_20170116191931354.jpg,train
35,1,35_1_1_20170112210437469.jpg,train
8,3,8_1_3_20161220222531163.jpg,train
22,0,22_0_0_20170117140116351.jpg,train
24,1,24_1_1_20170116153804572.jpg,train
53,3,53_0_3_20170119205806352.jpg,train
20,0,20_0_0_20170117134248038.jpg,train
25,0,25_0_0_20170113174036233.jpg,train
48,0,48_0_0_20170120224756433.jpg,train
26,4,26_1_4_20170117200115644.jpg,train
28,4,28_1_4_20170104165215184.jpg,train
45,0,45_0_0_20170104202521936.jpg,train
43,3,43_0_3_20170119171523303.jpg,train
26,3,26_0_3_20170104230413577.jpg,train
23,2,23_1_2_20170116173240500.jpg,train
32,0,32_0_0_20170116214359024.jpg,train
35,0,35_0_0_20170113134346250.jpg,train
30,2,30_0_2_20170117142033818.jpg,train
27,0,27_0_0_20170117192017055.jpg,train
30,1,30_1_1_20170112210336469.jpg,train
26,1,26_0_1_20170116204952113.jpg,train
16,0,16_0_0_20170110232444834.jpg,train
26,2,26_1_2_20170116184020867.jpg,train
26,3,26_0_3_20170119180820501.jpg,train
32,0,32_1_0_20170120220940628.jpg,train
65,0,65_0_0_20170104213523774.jpg,train
25,2,25_1_2_20170116175317571.jpg,train
4,0,4_0_0_20170110212940437.jpg,train
46,1,46_1_1_20170116001928205.jpg,train
22,3,22_0_3_20170117143013435.jpg,train
45,1,45_1_1_20170113012310351.jpg,train
48,0,48_0_0_20170117183518783.jpg,train
40,0,40_0_0_20170117131221514.jpg,train
23,0,23_1_0_20170103234935189.jpg,train
26,1,26_1_1_20170116233051385.jpg,train
27,0,27_0_0_20170104170103608.jpg,train
31,0,31_0_0_20170104202003656.jpg,train
35,0,35_0_0_20170116222140420.jpg,train
25,0,25_0_0_20170116215601291.jpg,train
35,0,35_0_0_20170117171508484.jpg,train
55,0,55_0_0_20170117170523803.jpg,train
45,3,45_0_3_20170119195829723.jpg,train
5,0,5_1_0_20170109205316524.jpg,train
39,0,39_1_0_20170103181459801.jpg,train
40,1,40_1_1_20170113005623327.jpg,train
24,0,24_0_0_20170117145956618.jpg,train
49,0,49_1_0_20170109220855652.jpg,train
73,0,73_0_0_20170105173752749.jpg,train
70,0,70_1_0_20170110141008498.jpg,train
30,2,30_1_2_20170116191309887.jpg,train
26,1,26_0_1_20170113152819985.jpg,train
24,2,24_1_2_20170103212931444.jpg,train
21,2,21_1_2_20170116171702825.jpg,train
2,2,2_0_2_20161219203828132.jpg,train
30,4,30_1_4_20170117203004549.jpg,train
80,0,80_0_0_20170117175507859.jpg,train
55,0,55_0_0_20170117191852677.jpg,train
19,0,19_1_0_20170119145731470.jpg,train
2,0,2_0_0_20170110211504184.jpg,train
8,0,8_1_0_20170109202738358.jpg,train
26,4,26_0_4_20170117154033686.jpg,train
2,2,2_0_2_20161219142243497.jpg,train
32,0,32_1_0_20170103162938008.jpg,train
42,0,42_0_0_20170117154747738.jpg,train
26,1,26_1_1_20170116162105745.jpg,train
44,3,44_0_3_20170119200652604.jpg,train
27,1,27_1_1_20170112193026590.jpg,train
29,0,29_0_0_20170117020823000.jpg,train
32,0,32_0_0_20170117140230056.jpg,train
36,3,36_0_3_20170119183543230.jpg,train
4,0,4_0_0_20170110205414483.jpg,train
26,0,26_1_0_20170117173801797.jpg,train
36,1,36_1_1_20170117165628076.jpg,train
26,0,26_1_0_20170119192908266.jpg,train
56,0,56_0_0_20170104184554798.jpg,train
72,0,72_1_0_20170110183657201.jpg,train
29,0,29_1_0_20170116180417150.jpg,train
1,3,1_0_3_20161220222945883.jpg,train
28,1,28_1_1_20170105003322373.jpg,train
36,0,36_0_0_20170117163541966.jpg,train
1,3,1_1_3_20161220220045185.jpg,train
29,1,29_0_1_20170117105022445.jpg,train
28,0,28_1_0_20170117202621022.jpg,train
24,1,24_1_1_20170112234558855.jpg,train
26,1,26_0_1_20170116221029791.jpg,train
65,1,65_0_1_20170117194017535.jpg,train
50,3,50_0_3_20170119205544079.jpg,train
30,1,30_1_1_20170112215103998.jpg,train
26,1,26_0_1_20170113151639816.jpg,train
4,2,4_1_2_20161219154415701.jpg,train
25,0,25_1_0_20170116003458183.jpg,train
1,2,1_0_2_20161219200532811.jpg,train
28,1,28_0_1_20170113180628821.jpg,train
27,0,27_1_0_20170116201204900.jpg,train
30,0,30_0_0_20170113133232626.jpg,train
54,0,54_0_0_20170117204554999.jpg,train
28,0,28_0_0_20170113210605140.jpg,train
26,2,26_0_2_20170116175942111.jpg,train
26,3,26_1_3_20170119150012157.jpg,train
1,3,1_0_3_20161220222441595.jpg,train
53,0,53_0_0_20170111201629101.jpg,train
35,2,35_1_2_20170116191842610.jpg,train
28,1,28_0_1_20170113175442946.jpg,train
24,0,24_0_0_20170119151341215.jpg,train
47,3,47_0_3_20170119205121919.jpg,train
38,2,38_1_2_20170116153446750.jpg,train
24,3,24_0_3_20170119160307619.jpg,train
26,1,26_0_1_20170113174952963.jpg,train
25,1,25_1_1_20170117164610754.jpg,train
25,0,25_0_0_20170120222735442.jpg,train
26,0,26_0_0_20170117172157291.jpg,train
22,4,22_1_4_20170103223405215.jpg,train
23,0,23_1_0_20170103180703224.jpg,train
27,1,27_0_1_20170117010716859.jpg,train
28,1,28_0_1_20170116192206580.jpg,train
28,4,28_0_4_20170105163707258.jpg,train
24,1,24_1_1_20170116222611638.jpg,train
26,0,26_0_0_20170117172737876.jpg,train
21,0,21_1_0_20170105183522855.jpg,train
25,0,25_1_0_20170117140418545.jpg,train
4,0,4_0_0_20170110212545618.jpg,train
15,0,15_0_0_20170103201316167.jpg,train
25,0,25_1_0_20170103180311751.jpg,train
24,0,24_0_0_20170116215532270.jpg,train
3,0,3_1_0_20161219154514612.jpg,train
28,0,28_0_0_20170116211700944.jpg,train
29,0,29_0_0_20170119195119659.jpg,train
35,3,35_0_3_20170119200913517.jpg,train
7,0,7_0_0_20170110220014507.jpg,train
24,2,24_1_2_20170116170612853.jpg,train
40,1,40_1_1_20170113010421198.jpg,train
35,1,35_0_1_20170113134711160.jpg,train
26,1,26_0_1_20170113182414254.jpg,train
28,0,28_0_0_20170117120938226.jpg,train
29,0,29_0_0_20170117180936418.jpg,train
3,2,3_1_2_20161219155004341.jpg,train
20,1,20_1_1_20170112191230798.jpg,train
30,1,30_1_1_20170113011218830.jpg,train
1,0,1_0_0_20161219191012803.jpg,train
60,0,60_0_0_20170111204805716.jpg,train
27,4,27_0_4_20170104194349352.jpg,train
59,0,59_0_0_20170109010613005.jpg,train
31,0,31_1_0_20170117181737356.jpg,train
50,0,50_1_0_20170117181420604.jpg,train
22,1,22_1_1_20170112230707620.jpg,train
38,1,38_1_1_20170117170743869.jpg,train
58,0,58_0_0_20170117191926691.jpg,train
24,3,24_1_3_20170104223331567.jpg,train
1,4,1_0_4_20161221192552629.jpg,train
40,0,40_1_0_20170117092248467.jpg,train
24,0,24_1_0_20170111182452781.jpg,train
2,4,2_1_4_20161221195057952.jpg,train
23,0,23_1_0_20170103163120968.jpg,train
26,1,26_1_1_20170113193249379.jpg,train
20,0,20_0_0_20170116200755014.jpg,train
1,4,1_1_4_20161221193459566.jpg,train
35,2,35_1_2_20170117092216605.jpg,train
26,0,26_1_0_20170113180707130.jpg,train
45,3,45_0_3_20170119201940309.jpg,train
65,0,65_0_0_20170117134804749.jpg,train
54,0,54_1_0_20170117171651994.jpg,train
40,0,40_1_0_20170120133632861.jpg,train
45,0,45_1_0_20170117140127932.jpg,train
30,1,30_0_1_20170117191447948.jpg,train
28,1,28_0_1_20170113151917402.jpg,train
80,0,80_1_0_20170110183129402.jpg,train
16,0,16_1_0_20170109213003514.jpg,train
28,1,28_0_1_20170113161017373.jpg,train
25,3,25_1_3_20170117151955147.jpg,train
28,1,28_1_1_20170117165607911.jpg,train
12,0,12_1_0_20170109200926532.jpg,train
2,2,2_0_2_20161219203047420.jpg,train
30,0,30_0_0_20170119145357069.jpg,train
32,1,32_0_1_20170117140225687.jpg,train
52,0,52_1_0_20170110153654447.jpg,train
25,3,25_1_3_20170119154344723.jpg,train
25,1,25_1_1_20170112205156233.jpg,train
34,1,34_1_1_20170114033315738.jpg,train
26,1,26_1_1_20170116231925419.jpg,train
45,0,45_0_0_20170117182811973.jpg,train
33,3,33_0_3_20170119164235580.jpg,train
33,0,33_0_0_20170105164910285.jpg,train
56,3,56_0_3_20170119180731484.jpg,train
26,2,26_1_2_20170116180523022.jpg,train
65,1,65_1_1_20170113002051572.jpg,train
34,3,34_0_3_20170119200815092.jpg,train
26,3,26_1_3_20170104215610550.jpg,train
42,0,42_0_0_20170104204536019.jpg,train
1,3,1_1_3_20161219225245716.jpg,train
26,0,26_1_0_20170116153214587.jpg,train
6,0,6_1_0_20170109204822889.jpg,train
14,0,14_0_0_20170110225130741.jpg,train
35,2,35_0_2_20170116181056835.jpg,train
1,2,1_1_2_20161219195252187.jpg,train
27,0,27_1_0_20170114030815179.jpg,train
90,0,90_1_0_20170110155210772.jpg,train
2,3,2_1_3_20161220221639986.jpg,train
22,1,22_1_1_20170112192911566.jpg,train
22,2,22_1_2_20170116172657692.jpg,train
28,2,28_0_2_20170116164352558.jpg,train
26,1,26_0_1_20170113182433174.jpg,train
61,0,61_0_0_20170113185438888.jpg,train
26,0,26_1_0_20170117001121254.jpg,train
27,3,27_1_3_20170112220116952.jpg,train
26,3,26_1_3_20170117174443279.jpg,train
38,0,38_0_0_20170117125958451.jpg,train
35,0,35_1_0_20170113001111066.jpg,train
15,0,15_0_0_20170110232807958.jpg,train
31,1,31_1_1_20170117135046063.jpg,train
39,1,39_0_1_20170113151528768.jpg,train
35,0,35_1_0_20170103230424865.jpg,train
37,0,37_0_0_20170117140102778.jpg,train
49,0,49_1_0_20170104192623743.jpg,train
23,3,23_1_3_20170117144215201.jpg,train
2,0,2_0_0_20170110213507337.jpg,train
54,0,54_0_0_20170120223241564.jpg,train
50,0,50_0_0_20170111195423102.jpg,train
65,1,65_0_1_20170116204818030.jpg,train
30,0,30_1_0_20170117143123552.jpg,train
57,0,57_1_0_20170117135732680.jpg,train
52,0,52_0_0_20170104212319100.jpg,train
1,4,1_0_4_20161221201527169.jpg,train
34,3,34_0_3_20170117134903926.jpg,train
40,0,40_0_0_20170117134415492.jpg,train
26,1,26_1_1_20170116225222631.jpg,train
51,0,51_1_0_20170110125229594.jpg,train
2,2,2_1_2_20161219151151323.jpg,train
35,3,35_1_3_20170104231848138.jpg,train
40,1,40_0_1_20170113152055344.jpg,train
38,0,38_0_0_20170104184023164.jpg,train
48,1,48_1_1_20170117132631424.jpg,train
26,1,26_0_1_20170116201931711.jpg,train
58,0,58_0_0_20170117193911971.jpg,train
47,0,47_0_0_20170117160350201.jpg,train
26,3,26_0_3_20170119184335552.jpg,train
56,0,56_1_0_20170110141552560.jpg,train
27,3,27_1_3_20170109132133665.jpg,train
67,0,67_0_0_20170104213337429.jpg,train
40,0,40_0_0_20170120221643832.jpg,train
32,0,32_0_0_20170104201035977.jpg,train
88,0,88_0_0_20170111210626829.jpg,train
42,0,42_0_0_20170119204427263.jpg,train
36,0,36_1_0_20170105163423874.jpg,train
60,3,60_0_3_20170119205901832.jpg,train
10,0,10_0_0_20170116201328751.jpg,train
30,1,30_0_1_20170117120438367.jpg,train
20,0,20_0_0_20170117134042772.jpg,train
22,4,22_1_4_20170103212717246.jpg,train
45,1,45_1_1_20170117140432386.jpg,train
43,0,43_1_0_20170117155109008.jpg,train
1,4,1_0_4_20161221193041157.jpg,train
26,0,26_0_0_20170113210126366.jpg,train
60,0,60_0_0_20170117163630971.jpg,train
38,0,38_1_0_20170117165102494.jpg,train
26,1,26_0_1_20170113134653322.jpg,train
2,2,2_1_2_20161219162834654.jpg,train
85,0,85_1_0_20170110183455199.jpg,train
21,2,21_1_2_20170116170950166.jpg,train
22,2,22_1_2_20170116165023471.jpg,train
9,0,9_0_0_20170110220148443.jpg,train
2,4,2_1_4_20170103205101618.jpg,train
3,2,3_1_2_20161219140959953.jpg,train
35,2,35_0_2_20170116175138888.jpg,train
26,1,26_1_1_20170116232324000.jpg,train
50,0,50_0_0_20170117135334839.jpg,train
31,1,31_1_1_20170116023825964.jpg,train
24,2,24_1_2_20170116174415218.jpg,train
28,0,28_0_0_20170117021818299.jpg,train
1,2,1_0_2_20161219162726231.jpg,train
25,0,25_1_0_20170119172027811.jpg,train
55,0,55_0_0_20170117191602073.jpg,train
26,0,26_0_0_20170117171613595.jpg,train
29,0,29_0_0_20170105163908828.jpg,train
65,0,65_0_0_20170104184048158.jpg,train
26,2,26_1_2_20170116180234218.jpg,train
34,1,34_0_1_20170116003716387.jpg,train
26,0,26_1_0_20170117174119845.jpg,train
59,0,59_1_0_20170110132107674.jpg,train
58,0,58_0_0_20170117193904073.jpg,train
65,0,65_1_0_20170110132446063.jpg,train
26,3,26_0_3_20170104215431446.jpg,train
30,0,30_1_0_20170117170425322.jpg,train
27,2,27_1_2_20170104020913116.jpg,train
60,0,60_0_0_20170111205328800.jpg,train
23,2,23_1_2_20170104021026844.jpg,train
32,1,32_0_1_20170113141930308.jpg,train
36,0,36_0_0_20170117153823071.jpg,train
54,0,54_1_0_20170109142905822.jpg,train
38,1,38_0_1_20170113173111601.jpg,train
26,3,26_1_3_20170104235113586.jpg,train
75,0,75_0_0_20170117172928993.jpg,train
27,2,27_1_2_20170116184848621.jpg,train
35,2,35_1_2_20170117123949303.jpg,train
9,0,9_0_0_20170110220151722.jpg,train
27,0,27_0_0_20170116205604495.jpg,train
62,0,62_0_0_20170120134411415.jpg,train
59,0,59_0_0_20170113190732385.jpg,train
34,1,34_1_1_20170116164431637.jpg,train
34,0,34_1_0_20170105172659429.jpg,train
24,2,24_1_2_20170116171551289.jpg,train
26,1,26_1_1_20170117170654969.jpg,train
7,0,7_1_0_20170109204556280.jpg,train
28,0,28_0_0_20170117180516071.jpg,train
26,4,26_0_4_20170103224832945.jpg,train
30,3,30_0_3_20170117144310409.jpg,train
25,3,25_0_3_20170119171339224.jpg,train
35,1,35_0_1_20170113141713475.jpg,train
26,3,26_1_3_20170119192323474.jpg,train
32,2,32_1_2_20170104165117233.jpg,train
50,0,50_0_0_20170111181750464.jpg,train
46,0,46_1_0_20170117114910298.jpg,train
1,0,1_1_0_20170109193704430.jpg,train
28,2,28_1_2_20170116162435106.jpg,train
24,4,24_1_4_20170103230402800.jpg,train
30,2,30_1_2_20170104020133916.jpg,train
52,0,52_0_0_20170104165813945.jpg,train
2,3,2_1_3_20161219225526407.jpg,train
21,1,21_1_1_20170112193015117.jpg,train
20,4,20_1_4_20170103223117967.jpg,train
32,0,32_1_0_20170116200933417.jpg,train
35,3,35_0_3_20170119201448301.jpg,train
40,2,40_0_2_20170113190426313.jpg,train
26,1,26_0_1_20170113134255295.jpg,train
21,1,21_0_1_20170113133218153.jpg,train
56,0,56_0_0_20170104212131403.jpg,train
1,2,1_0_2_20161219222602319.jpg,train
26,2,26_1_2_20170116180511245.jpg,train
1,3,1_1_3_20161220143211359.jpg,train
54,0,54_0_0_20170105173413677.jpg,train
20,3,20_1_3_20170119153148521.jpg,train
40,0,40_0_0_20170117192150908.jpg,train
26,0,26_1_0_20170116225127693.jpg,train
9,0,9_0_0_20170110225608402.jpg,train
38,1,38_1_1_20170113183519287.jpg,train
36,3,36_0_3_20170119183728238.jpg,train
26,1,26_1_1_20170113000334730.jpg,train
22,2,22_0_2_20170116172455828.jpg,train
68,0,68_1_0_20170110122621083.jpg,train
35,2,35_0_2_20170116182214766.jpg,train
36,0,36_0_0_20170119201550109.jpg,train
24,1,24_0_1_20170115231442487.jpg,train
35,0,35_0_0_20170117121643525.jpg,train
32,1,32_0_1_20170113151013735.jpg,train
28,2,28_1_2_20170116171710952.jpg,train
1,2,1_0_2_20161219185955277.jpg,train
4,2,4_1_2_20161219142735921.jpg,train
54,0,54_0_0_20170117171109228.jpg,train
35,0,35_1_0_20170113005254692.jpg,train
20,0,20_1_0_20170109212842300.jpg,train
34,1,34_0_1_20170113190513145.jpg,train
56,0,56_0_0_20170111222411632.jpg,train
1,0,1_1_0_20170109191447766.jpg,train
60,0,60_1_0_20170110141610416.jpg,train
30,1,30_1_1_20170112234617032.jpg,train
45,0,45_0_0_20170117170038938.jpg,train
60,0,60_0_0_20170117160451902.jpg,train
26,0,26_1_0_20170105183649031.jpg,train
57,0,57_0_0_20170109003027076.jpg,train
27,0,27_0_0_20170120220108816.jpg,train
45,0,45_0_0_20170104212920676.jpg,train
65,0,65_1_0_20170110141013017.jpg,train
50,3,50_0_3_20170119203857710.jpg,train
26,0,26_1_0_20170117174848271.jpg,train
45,3,45_0_3_20170119202040629.jpg,train
24,4,24_1_4_20170103223158047.jpg,train
36,1,36_0_1_20170113135627331.jpg,train
26,0,26_1_0_20170117003247198.jpg,train
54,0,54_0_0_20170104212621156.jpg,train
24,0,24_1_0_20170119170936274.jpg,train
40,3,40_0_3_20170119183403621.jpg,train
30,2,30_1_2_20170116192313635.jpg,train
52,0,52_0_0_20170120222938778.jpg,train
1,0,1_1_0_20161219201307075.jpg,train
45,3,45_0_3_20170119201912421.jpg,train
22,3,22_1_3_20170117143722451.jpg,train
29,1,29_0_1_20170116001349353.jpg,train
26,0,26_1_0_20170117153217757.jpg,train
26,1,26_1_1_20170112211527323.jpg,train
37,0,37_0_0_20170119202217510.jpg,train
28,0,28_0_0_20170102233520314.jpg,train
26,2,26_0_2_20170116181246309.jpg,train
29,0,29_1_0_20170104023236006.jpg,train
55,3,55_0_3_20170119205329112.jpg,train
16,0,16_1_0_20170109204349968.jpg,train
85,0,85_1_0_20170120225733929.jpg,train
36,1,36_1_1_20170116155035948.jpg,train
40,0,40_1_0_20170117092211401.jpg,train
26,2,26_1_2_20170116184452642.jpg,train
30,1,30_1_1_20170113003552730.jpg,train
29,0,29_1_0_20170105172818813.jpg,train
29,0,29_1_0_20170117005833085.jpg,train
27,1,27_0_1_20170113133630265.jpg,train
27,0,27_1_0_20170119154437418.jpg,train
39,0,39_1_0_20170117154501002.jpg,train
49,0,49_0_0_20170104211525124.jpg,train
32,1,32_1_1_20170115235801065.jpg,train
41,1,41_0_1_20170117154304986.jpg,train
53,0,53_0_0_20170109012725288.jpg,train
24,4,24_0_4_20170117145152514.jpg,train
36,3,36_0_3_20170119201815957.jpg,train
90,0,90_0_0_20170111222418306.jpg,train
24,1,24_0_1_20170117145640546.jpg,train
2,2,2_1_2_20161219141220720.jpg,train
28,1,28_0_1_20170113134056728.jpg,train
52,0,52_1_0_20170110132411787.jpg,train
45,0,45_1_0_20170117175418025.jpg,train
58,0,58_0_0_20170104184709517.jpg,train
24,2,24_0_2_20170116192955075.jpg,train
26,0,26_1_0_20170117154814509.jpg,train
2,2,2_1_2_20161219151414451.jpg,train
1,2,1_0_2_20161219203310132.jpg,train
69,0,69_1_0_20170110141304032.jpg,train
45,3,45_0_3_20170119171701550.jpg,train
1,2,1_0_2_20161219220247471.jpg,train
76,0,76_1_0_20170110183026065.jpg,train
22,0,22_0_0_20170117134610684.jpg,train
56,0,56_1_0_20170109141855995.jpg,train
41,0,41_0_0_20170117185340114.jpg,train
58,0,58_1_0_20170113210319682.jpg,train
20,0,20_1_0_20170103175447799.jpg,train
55,0,55_0_0_20170104212747734.jpg,train
51,1,51_0_1_20170113142122196.jpg,train
1,3,1_0_3_20161220145223175.jpg,train
1,3,1_0_3_20161220215945524.jpg,train
26,1,26_0_1_20170116200945526.jpg,train
1,2,1_0_2_20170110213523297.jpg,train
27,1,27_1_1_20170117010422359.jpg,train
2,2,2_1_2_20161219160809142.jpg,train
45,0,45_1_0_20170104211742180.jpg,train
54,0,54_0_0_20170120223243212.jpg,train
28,3,28_0_3_20170119194936611.jpg,train
40,0,40_0_0_20170117135108861.jpg,train
2,2,2_0_2_20161219155636293.jpg,train
24,3,24_0_3_20170117144123778.jpg,train
13,0,13_1_0_20170109204439327.jpg,train
23,2,23_0_2_20170116172856091.jpg,train
40,3,40_0_3_20170117164228378.jpg,train
25,1,25_0_1_20170102233534138.jpg,train
26,2,26_0_2_20170116175955916.jpg,train
25,1,25_1_1_20170112231543709.jpg,train
56,0,56_0_0_20170105173129526.jpg,train
26,1,26_1_1_20170116222453317.jpg,train
38,0,38_0_0_20170116192041983.jpg,train
7,0,7_1_0_20170109205356415.jpg,train
28,0,28_1_0_20170116220243853.jpg,train
1,2,1_0_2_20161219155748349.jpg,train
2,2,2_1_2_20161219194411043.jpg,train
67,0,67_0_0_20170112205632732.jpg,train
36,0,36_0_0_20170113184113374.jpg,train
23,0,23_1_0_20170116221717766.jpg,train
72,0,72_1_0_20170110183029618.jpg,train
26,0,26_1_0_20170113210605337.jpg,train
65,0,65_1_0_20170110125535454.jpg,train
35,3,35_0_3_20170119150621966.jpg,train
28,3,28_0_3_20170119194508397.jpg,train
1,2,1_0_2_20161219191035251.jpg,train
37,1,37_0_1_20170117140332549.jpg,train
50,0,50_1_0_20170116222756898.jpg,train
26,3,26_1_3_20170104222933607.jpg,train
11,0,11_1_0_20170103200517422.jpg,train
1,2,1_1_2_20161219141703736.jpg,train
28,3,28_1_3_20170119164514645.jpg,train
52,0,52_0_0_20170109005553829.jpg,train
36,1,36_0_1_20170117175139438.jpg,train
16,0,16_0_0_20170110231645188.jpg,train
2,0,2_0_0_20170110213234033.jpg,train
25,1,25_0_1_20170117183525355.jpg,train
1,2,1_1_2_20161219200309555.jpg,train
24,3,24_1_3_20170119155454786.jpg,train
27,2,27_0_2_20170116163655761.jpg,train
32,1,32_1_1_20170112220414584.jpg,train
65,0,65_1_0_20170110135759710.jpg,train
49,0,49_0_0_20170104185354638.jpg,train
26,0,26_1_0_20170117105735230.jpg,train
26,4,26_1_4_20170117152504299.jpg,train
26,3,26_1_3_20170119180502866.jpg,train
40,2,40_1_2_20170116163713862.jpg,train
36,3,36_1_3_20170119202142021.jpg,train
47,0,47_0_0_20170117160014001.jpg,train
1,2,1_1_2_20161219155627605.jpg,train
45,1,45_0_1_20170116204403032.jpg,train
90,0,90_1_0_20170120230204074.jpg,train
13,0,13_0_0_20170104003724576.jpg,train
29,0,29_1_0_20170117202722702.jpg,train
39,1,39_1_1_20170104174036250.jpg,train
20,4,20_1_4_20170104005353062.jpg,train
61,0,61_0_0_20170117175110925.jpg,train
45,0,45_1_0_20170117174646542.jpg,train
58,0,58_0_0_20170104185324437.jpg,train
45,0,45_0_0_20170117174733520.jpg,train
4,0,4_0_0_20170110224413618.jpg,train
42,1,42_0_1_20170113150918448.jpg,train
1,0,1_1_0_20170109190710292.jpg,train
40,2,40_1_2_20170116183042122.jpg,train
25,0,25_1_0_20170103163054063.jpg,train
54,3,54_1_3_20170109150539338.jpg,train
26,2,26_1_2_20170116184247227.jpg,train
65,0,65_1_0_20170110154550300.jpg,train
1,0,1_0_0_20170110212733875.jpg,train
47,0,47_1_0_20170104235823851.jpg,train
26,3,26_0_3_20170104230427081.jpg,train
2,2,2_0_2_20161219204037716.jpg,train
32,0,32_1_0_20170117134803913.jpg,train
10,0,10_1_0_20170109203653735.jpg,train
24,3,24_0_3_20170117145631891.jpg,train
1,1,1_0_1_20170110213645409.jpg,train
1,2,1_0_2_20161219222609775.jpg,train
41,0,41_0_0_20170117154715268.jpg,train
29,0,29_0_0_20170116024240065.jpg,train
28,2,28_1_2_20170104020754708.jpg,train
53,0,53_1_0_20170117163708786.jpg,train
70,0,70_1_0_20170120220622170.jpg,train
25,2,25_1_2_20170116174831551.jpg,train
65,0,65_0_0_20170111201117758.jpg,train
29,1,29_0_1_20170117095814736.jpg,train
2,2,2_1_2_20161219151500019.jpg,train
36,0,36_1_0_20170105172639541.jpg,train
1,3,1_0_3_20161220220355890.jpg,train
27,1,27_0_1_20170117010034334.jpg,train
25,0,25_1_0_20170117141803697.jpg,train
28,3,28_0_3_20170119162805164.jpg,train
55,3,55_0_3_20170119181409916.jpg,train
20,4,20_0_4_20170117193424333.jpg,train
24,2,24_0_2_20170112192345078.jpg,train
17,0,17_0_0_20170120133328941.jpg,train
50,1,50_0_1_20170117173743345.jpg,train
26,4,26_0_4_20170117152758143.jpg,train
68,0,68_1_0_20170110140321752.jpg,train
52,0,52_0_0_20170104212243804.jpg,train
32,1,32_1_1_20170113001310242.jpg,train
26,0,26_0_0_20170117200149083.jpg,train
25,1,25_0_1_20170113132605095.jpg,train
26,3,26_0_3_20170119181042516.jpg,train
26,2,26_0_2_20170116183004847.jpg,train
1,2,1_0_2_20170110213415212.jpg,train
75,0,75_0_0_20170117204739711.jpg,train
37,2,37_0_2_20170116184948230.jpg,train
26,1,26_0_1_20170113135240994.jpg,train
1,2,1_1_2_20161219211002173.jpg,train
38,0,38_0_0_20170104170126057.jpg,train
5,0,5_1_0_20161219153649716.jpg,train
45,3,45_0_3_20170120221319813.jpg,train
26,2,26_1_2_20170116180008794.jpg,train
26,1,26_1_1_20170112205848764.jpg,train
10,0,10_1_0_20170109204435809.jpg,train
45,0,45_0_0_20170108231358834.jpg,train
26,2,26_1_2_20170116184045356.jpg,train
25,2,25_1_2_20170116170355441.jpg,train
32,0,32_0_0_20170117133447180.jpg,train
25,2,25_1_2_20170104200556817.jpg,train
1,2,1_1_2_20161219222504343.jpg,train
26,3,26_1_3_20170117154410734.jpg,train
30,0,30_0_0_20170120223905134.jpg,train
4,2,4_0_2_20170103210552842.jpg,train
29,0,29_1_0_20170104021759835.jpg,train
43,0,43_0_0_20170109005543475.jpg,train
41,0,41_0_0_20170117131137875.jpg,train
42,0,42_0_0_20170117154802826.jpg,train
26,0,26_0_0_20170117171714931.jpg,train
24,1,24_1_1_20170112234505777.jpg,train
29,2,29_1_2_20170116163331282.jpg,train
42,0,42_0_0_20170117185635954.jpg,train
72,0,72_1_0_20170110183814706.jpg,train
68,0,68_0_0_20170104185731268.jpg,train
26,3,26_1_3_20170117153151565.jpg,train
26,3,26_1_3_20170119193138609.jpg,train
38,1,38_0_1_20170117165211936.jpg,train
30,3,30_0_3_20170119195759283.jpg,train
34,0,34_1_0_20170104173038042.jpg,train
36,1,36_1_1_20170117133947127.jpg,train
30,1,30_0_1_20170117132535262.jpg,train
26,3,26_0_3_20170119180445972.jpg,train
24,2,24_1_2_20170116170642556.jpg,train
2,2,2_1_2_20161219161804134.jpg,train
20,1,20_0_1_20170116204110339.jpg,train
38,3,38_1_3_20170119202728862.jpg,train
37,1,37_1_1_20170117164315529.jpg,train
1,2,1_1_2_20161219194854052.jpg,train
1,4,1_0_4_20161221193531198.jpg,train
18,0,18_1_0_20170109214725387.jpg,train
23,4,23_0_4_20170102233413972.jpg,train
32,1,32_0_1_20170116194843970.jpg,train
37,0,37_1_0_20170109002419306.jpg,train
25,3,25_0_3_20170119153348729.jpg,train
35,3,35_0_3_20170119201258580.jpg,train
1,2,1_1_2_20170109193012478.jpg,train
55,0,55_0_0_20170117190748017.jpg,train
25,3,25_0_3_20170119162903181.jpg,train
26,3,26_1_3_20170117154416199.jpg,train
26,2,26_1_2_20170116234746730.jpg,train
28,0,28_0_0_20170117180506408.jpg,train
28,0,28_1_0_20170103180500095.jpg,train
28,1,28_0_1_20170116215621993.jpg,train
30,2,30_0_2_20170116170814123.jpg,train
30,0,30_1_0_20170105165034356.jpg,train
21,3,21_1_3_20170104233909843.jpg,train
70,0,70_0_0_20170117172220586.jpg,train
53,3,53_0_3_20170117171834099.jpg,train
1,2,1_0_2_20161219162424959.jpg,train
31,1,31_0_1_20170113142352298.jpg,train
27,1,27_0_1_20170113135622875.jpg,train
26,1,26_1_1_20170116233044289.jpg,train
45,3,45_0_3_20170119201729135.jpg,train
26,2,26_1_2_20170116184050204.jpg,train
40,0,40_0_0_20170117173051076.jpg,train
48,0,48_0_0_20170111201841425.jpg,train
29,1,29_0_1_20170117094755752.jpg,train
2,2,2_1_2_20161219142414913.jpg,train
1,4,1_1_4_20161221200113728.jpg,train
24,2,24_1_2_20170116174501132.jpg,train
14,0,14_0_0_20170110231657425.jpg,train
31,1,31_1_1_20170112231537686.jpg,train
22,3,22_1_3_20161220221656537.jpg,train
26,0,26_0_0_20170117003310493.jpg,train
75,0,75_0_0_20170117192054194.jpg,train
29,3,29_0_3_20170119195311707.jpg,train
38,0,38_0_0_20170116233110862.jpg,train
40,0,40_1_0_20170117091858010.jpg,train
26,1,26_1_1_20170112213354350.jpg,train
36,0,36_0_0_20170117135442285.jpg,train
24,3,24_0_3_20170120133910528.jpg,train
30,3,30_1_3_20170117181356814.jpg,train
25,1,25_1_1_20170117151909157.jpg,train
26,1,26_0_1_20170113151659634.jpg,train
21,1,21_1_1_20170112191219486.jpg,train
26,3,26_1_3_20170104223022663.jpg,train
28,2,28_0_2_20161219192654931.jpg,train
30,0,30_0_0_20170116182659652.jpg,train
21,2,21_1_2_20170116171653891.jpg,train
25,4,25_1_4_20170117123859839.jpg,train
26,0,26_0_0_20170120134035224.jpg,train
1,0,1_0_0_20170109193945281.jpg,train
1,2,1_0_2_20161219140744200.jpg,train
38,1,38_0_1_20170116203826805.jpg,train
32,0,32_1_0_20170117092300323.jpg,train
28,1,28_0_1_20170117164811684.jpg,train
60,0,60_1_0_20170110152933482.jpg,train
40,1,40_1_1_20170113012137831.jpg,train
36,0,36_0_0_20170117183121900.jpg,train
32,0,32_1_0_20170116222912224.jpg,train
26,0,26_0_0_20170113210604209.jpg,train
26,2,26_1_2_20170116180230472.jpg,train
26,4,26_0_4_20170117195713037.jpg,train
31,1,31_1_1_20170112210802028.jpg,train
25,1,25_1_1_20170117154035392.jpg,train
25,1,25_1_1_20170113011606928.jpg,train
8,0,8_1_0_20170109204836782.jpg,train
28,0,28_1_0_20170116165656582.jpg,train
2,2,2_0_2_20161219194455147.jpg,train
2,2,2_0_2_20161219163415222.jpg,train
35,2,35_1_2_20170116185947151.jpg,train
50,0,50_0_0_20170117153725428.jpg,train
24,1,24_1_1_20170112192919494.jpg,train
21,4,21_0_4_20161223214838473.jpg,train
38,3,38_0_3_20170119202601638.jpg,train
30,0,30_0_0_20170117001126198.jpg,train
34,1,34_0_1_20170116201940268.jpg,train
27,2,27_0_2_20170104011250152.jpg,train
60,0,60_1_0_20170110140725969.jpg,train
32,4,32_1_4_20170117203123744.jpg,train
17,0,17_1_0_20170109212920120.jpg,train
1,3,1_0_3_20161220143114408.jpg,train
40,1,40_1_1_20170113010444517.jpg,train
35,0,35_0_0_20170116182645394.jpg,train
3,2,3_1_2_20161219162324150.jpg,train
22,3,22_1_3_20170119163636742.jpg,train
20,3,20_1_3_20170104231456714.jpg,train
1,0,1_1_0_20170109191129918.jpg,train
32,1,32_1_1_20170112215208374.jpg,train
4,3,4_1_3_20161220221856138.jpg,train
29,0,29_0_0_20170117122025363.jpg,train
37,0,37_0_0_20170116204835653.jpg,train
50,0,50_0_0_20170104212118221.jpg,train
33,1,33_1_1_20170117014021084.jpg,train
70,0,70_0_0_20170120222625010.jpg,train
63,0,63_0_0_20170104213557957.jpg,train
31,1,31_0_1_20170113151857048.jpg,train
21,1,21_1_1_20170112231908781.jpg,train
1,0,1_1_0_20161219221127151.jpg,train
32,0,32_1_0_20170104164847153.jpg,train
61,1,61_1_1_20170120133757255.jpg,train
42,0,42_0_0_20170105173005714.jpg,train
1,2,1_0_2_20161219204515493.jpg,train
24,2,24_1_2_20170116171610481.jpg,train
28,0,28_1_0_20170117021234085.jpg,train
28,1,28_1_1_20170117022158414.jpg,train
4,3,4_0_3_20161220220754249.jpg,train
10,0,10_1_0_20170109203642966.jpg,train
28,1,28_0_1_20170113142412428.jpg,train
85,0,85_1_0_20170120225904889.jpg,train
14,0,14_0_0_20170104013338922.jpg,train
27,0,27_1_0_20170117175947237.jpg,train
24,3,24_1_3_20170104222526663.jpg,train
32,2,32_0_2_20170116165412041.jpg,train
2,0,2_0_0_20161219161714486.jpg,train
12,0,12_0_0_20170110225553717.jpg,train
70,0,70_1_0_20170117175535700.jpg,train
50,0,50_0_0_20170120222751913.jpg,train
1,0,1_0_0_20170109193052283.jpg,train
26,1,26_1_1_20170117134032319.jpg,train
26,3,26_0_3_20170119183851623.jpg,train
50,0,50_0_0_20170117135034485.jpg,train
26,3,26_0_3_20170119154215714.jpg,train
35,1,35_1_1_20170112211938516.jpg,train
65,1,65_1_1_20170112215403296.jpg,train
70,0,70_0_0_20170117160355895.jpg,train
24,4,24_0_4_20170116232936514.jpg,train
50,0,50_1_0_20170110143350447.jpg,train
28,3,28_0_3_20170119194816922.jpg,train
32,3,32_1_3_20170119200440516.jpg,train
35,0,35_0_0_20170113210127529.jpg,train
1,0,1_1_0_20161219222133615.jpg,train
23,2,23_1_2_20170116172843453.jpg,train
1,4,1_0_4_20170103205843434.jpg,train
60,0,60_0_0_20170117162820707.jpg,train
64,0,64_0_0_20170117164559526.jpg,train
1,2,1_0_2_20161219205758717.jpg,train
58,1,58_1_1_20170113012224304.jpg,train
35,1,35_1_1_20170112211404045.jpg,train
1,2,1_1_2_20161219202852780.jpg,train
35,1,35_0_1_20170117094513411.jpg,train
23,0,23_1_0_20170103180035647.jpg,train
26,2,26_1_2_20170116182406083.jpg,train
1,2,1_0_2_20161219200048084.jpg,train
26,1,26_1_1_20170113012032526.jpg,train
60,0,60_1_0_20170110141239841.jpg,train
22,2,22_1_2_20170104021303821.jpg,train
40,0,40_0_0_20170117185236098.jpg,train
12,0,12_1_0_20170117181943783.jpg,train
31,1,31_0_1_20170113141853748.jpg,train
26,4,26_1_4_20170117201855518.jpg,train
26,3,26_0_3_20170119183911734.jpg,train
1,0,1_1_0_20170109194143550.jpg,train
56,0,56_0_0_20170120223128947.jpg,train
28,1,28_0_1_20170117202351839.jpg,train
28,4,28_0_4_20170105163451675.jpg,train
16,1,16_0_1_20170110232035513.jpg,train
22,1,22_1_1_20170113010348670.jpg,train
39,0,39_1_0_20170105000920922.jpg,train
40,3,40_0_3_20170119210237376.jpg,train
12,0,12_0_0_20170110215606404.jpg,train
61,3,61_1_3_20170119211928409.jpg,train
4,2,4_1_2_20161219195237635.jpg,train
26,2,26_1_2_20170116184052021.jpg,train
1,4,1_1_4_20161221201836401.jpg,train
21,0,21_1_0_20170117142529474.jpg,train
29,0,29_0_0_20170116164921650.jpg,train
75,0,75_0_0_20170111205739880.jpg,train
60,0,60_0_0_20170111203914420.jpg,train
5,2,5_1_2_20161219142021464.jpg,train
1,2,1_0_2_20161219221912695.jpg,train
72,0,72_1_0_20170110131756405.jpg,train
27,2,27_1_2_20170104020523491.jpg,train
24,3,24_1_3_20170109131845240.jpg,train
38,1,38_0_1_20170117184650128.jpg,train
35,0,35_1_0_20170103181812617.jpg,train
56,0,56_0_0_20170117130657701.jpg,train
15,0,15_1_0_20170109214352795.jpg,train
65,0,65_1_0_20170110141104816.jpg,train
1,2,1_0_2_20161219162849078.jpg,train
67,0,67_0_0_20170117192237235.jpg,train
2,2,2_0_2_20161219141643337.jpg,train
26,3,26_0_3_20170119180541276.jpg,train
27,2,27_1_2_20161219192627707.jpg,train
31,0,31_0_0_20170120134310511.jpg,train
26,1,26_1_1_20170116024044126.jpg,train
36,3,36_0_3_20170119175557380.jpg,train
36,0,36_0_0_20170120134402762.jpg,train
25,1,25_0_1_20170116002531253.jpg,train
70,0,70_0_0_20170117190327764.jpg,train
52,1,52_1_1_20170113012458376.jpg,train
50,0,50_0_0_20170113210604690.jpg,train
24,0,24_1_0_20170119170930694.jpg,train
25,3,25_1_3_20170117152030871.jpg,train
25,0,25_0_0_20170105162443771.jpg,train
26,4,26_1_4_20170103214211386.jpg,train
16,0,16_1_0_20170109213948727.jpg,train
54,3,54_0_3_20170119210221456.jpg,train
30,2,30_1_2_20170104021619821.jpg,train
35,2,35_1_2_20170117183050262.jpg,train
26,1,26_0_1_20170116231231576.jpg,train
53,0,53_0_0_20170105172607885.jpg,train
28,2,28_1_2_20170116170937606.jpg,train
35,3,35_1_3_20170117154845502.jpg,train
2,2,2_1_2_20161219213559615.jpg,train
27,1,27_0_1_20170116194835214.jpg,train
26,0,26_0_0_20170103235702988.jpg,train
2,3,2_1_3_20161220144625342.jpg,train
36,1,36_0_1_20170116144540721.jpg,train
10,0,10_0_0_20170103200329407.jpg,train
40,1,40_1_1_20170113001356402.jpg,train
4,4,4_1_4_20161221193352350.jpg,train
26,3,26_1_3_20170104235019355.jpg,train
1,2,1_0_2_20161219162514182.jpg,train
19,0,19_1_0_20170109212458403.jpg,train
24,2,24_0_2_20170103223924087.jpg,train
36,1,36_0_1_20170117203439232.jpg,train
29,0,29_1_0_20170117130603900.jpg,train
3,0,3_0_0_20161219211053581.jpg,train
65,1,65_0_1_20170117190534925.jpg,train
35,3,35_0_3_20170119201446469.jpg,train
43,0,43_0_0_20170103183345633.jpg,train
42,2,42_0_2_20170112215219256.jpg,train
1,3,1_1_3_20161219225416559.jpg,train
26,0,26_0_0_20170117195505325.jpg,train
42,2,42_0_2_20170104192842031.jpg,train
22,3,22_1_3_20170119153416689.jpg,train
8,0,8_1_0_20170109205040140.jpg,train
27,0,27_0_0_20170104194530608.jpg,train
26,1,26_0_1_20170116235506865.jpg,train
26,1,26_1_1_20170116012157847.jpg,train
24,0,24_0_0_20170116214204433.jpg,train
34,0,34_0_0_20170116232429422.jpg,train
26,0,26_1_0_20170116220842573.jpg,train
28,2,28_1_2_20170116164719711.jpg,train
55,0,55_0_0_20170104204634819.jpg,train
26,1,26_0_1_20170113152056920.jpg,train
36,1,36_1_1_20170113011359152.jpg,train
18,0,18_1_0_20170117135802544.jpg,train
10,0,10_1_0_20170109202251032.jpg,train
55,1,55_0_1_20170117173626521.jpg,train
16,0,16_0_0_20170110232429214.jpg,train
26,0,26_0_0_20170117091437385.jpg,train
30,3,30_1_3_20170119204149215.jpg,train
26,0,26_1_0_20170117174933551.jpg,train
14,0,14_0_0_20170116211955846.jpg,train
26,2,26_0_2_20170116180859386.jpg,train
26,1,26_1_1_20170116175425484.jpg,train
25,1,25_1_1_20170116003258343.jpg,train
20,0,20_1_0_20170103201716816.jpg,train
40,2,40_1_2_20170117175140261.jpg,train
26,0,26_1_0_20170117152659255.jpg,train
34,1,34_0_1_20170112213542279.jpg,train
24,2,24_1_2_20170104015726796.jpg,train
30,0,30_0_0_20170120134248646.jpg,train
26,2,26_1_2_20170116183837275.jpg,train
28,3,28_0_3_20170104215712759.jpg,train
1,2,1_0_2_20161219155413397.jpg,train
26,2,26_1_2_20170116184840727.jpg,train
35,3,35_1_3_20170119152835120.jpg,train
53,0,53_1_0_20170110141608191.jpg,train
24,2,24_1_2_20170116174503300.jpg,train
40,0,40_0_0_20170109012159348.jpg,train
1,2,1_0_2_20161219212502046.jpg,train
27,1,27_0_1_20170117173208805.jpg,train
40,2,40_0_2_20170116181205807.jpg,train
61,0,61_0_0_20170117192040332.jpg,train
26,1,26_1_1_20170116225026009.jpg,train
3,0,3_1_0_20170109193351934.jpg,train
26,1,26_1_1_20170116153812488.jpg,train
24,2,24_0_2_20170116162912973.jpg,train
44,3,44_0_3_20170119195210483.jpg,train
28,1,28_1_1_20170116170856613.jpg,train
1,3,1_0_3_20161219225952240.jpg,train
4,4,4_0_4_20161221195021183.jpg,train
29,0,29_1_0_20170104022059373.jpg,train
58,0,58_0_0_20170120224656976.jpg,train
46,0,46_0_0_20170104205716579.jpg,train
26,2,26_1_2_20170109002657161.jpg,train
24,0,24_0_0_20170113210126406.jpg,train
4,2,4_1_2_20170109192334823.jpg,train
54,0,54_0_0_20170117163724762.jpg,train
24,0,24_0_0_20170117143518024.jpg,train
32,0,32_0_0_20170112202940706.jpg,train
45,0,45_0_0_20170117135056152.jpg,train
27,3,27_1_3_20170104222326719.jpg,train
69,0,69_1_0_20170110141818223.jpg,train
4,2,4_0_2_20170110225135002.jpg,train
26,2,26_1_2_20170116184448240.jpg,train
27,0,27_0_0_20170103182440137.jpg,train
28,0,28_0_0_20170117020856429.jpg,train
53,0,53_1_0_20170110141146441.jpg,train
55,3,55_0_3_20170119211431441.jpg,train
24,2,24_1_2_20170116173535191.jpg,train
16,0,16_0_0_20170110231720674.jpg,train
24,1,24_1_1_20170112234612457.jpg,train
58,3,58_0_3_20170119211701065.jpg,train
28,3,28_0_3_20170119211807137.jpg,train
26,3,26_1_3_20170119193114418.jpg,train
39,0,39_1_0_20170103182037472.jpg,train
1,2,1_0_2_20161219221118847.jpg,train
2,0,2_0_0_20170110213143544.jpg,train
12,0,12_1_0_20170103175441790.jpg,train
38,1,38_0_1_20170116003739269.jpg,train
30,3,30_0_3_20170117150038298.jpg,train
56,0,56_0_0_20170113150436903.jpg,train
25,0,25_0_0_20170116223144178.jpg,train
26,0,26_0_0_20170117090952435.jpg,train
35,0,35_0_0_20170117192319971.jpg,train
26,1,26_0_1_20170116205301942.jpg,train
24,2,24_1_2_20170116170758728.jpg,train
35,0,35_0_0_20170117150114482.jpg,train
36,1,36_0_1_20170115205919771.jpg,train
54,3,54_1_3_20170109142901150.jpg,train
30,4,30_1_4_20170103230152025.jpg,train
1,2,1_0_2_20161219192710259.jpg,train
4,0,4_1_0_20170110213431280.jpg,train
46,0,46_0_0_20170117173358796.jpg,train
1,0,1_1_0_20170109192755957.jpg,train
18,1,18_1_1_20170114030424059.jpg,train
54,0,54_0_0_20170104212353780.jpg,train
80,0,80_0_0_20170117175542908.jpg,train
26,2,26_1_2_20170116184246209.jpg,train
35,1,35_0_1_20170113195625995.jpg,train
17,1,17_1_1_20170114030037010.jpg,train
4,0,4_1_0_20170109191155398.jpg,train
26,0,26_1_0_20170117201757542.jpg,train
32,1,32_1_1_20170117194640746.jpg,train
26,2,26_1_2_20170116175341740.jpg,train
45,1,45_0_1_20170113154803466.jpg,train
26,0,26_1_0_20170117200248981.jpg,train
29,0,29_1_0_20170113000811442.jpg,train
42,0,42_0_0_20170109003533896.jpg,train
35,0,35_0_0_20170105164824674.jpg,train
50,0,50_0_0_20170116232754247.jpg,train
31,1,31_0_1_20170113174744610.jpg,train
27,0,27_1_0_20170117120644558.jpg,train
40,0,40_0_0_20170116233744337.jpg,train
29,2,29_0_2_20170116190156845.jpg,train
1,2,1_1_2_20161219200230867.jpg,train
28,3,28_1_3_20170117180631161.jpg,train
25,0,25_0_0_20170104011143168.jpg,train
26,2,26_1_2_20170116164549452.jpg,train
24,0,24_1_0_20170117145637012.jpg,train
40,0,40_0_0_20170120220807313.jpg,train
30,2,30_0_2_20170117144613825.jpg,train
46,0,46_0_0_20170104200811706.jpg,train
27,4,27_0_4_20170117150054594.jpg,train
1,0,1_0_0_20161219202455708.jpg,train
6,0,6_0_0_20170110215623387.jpg,train
61,3,61_0_3_20170119211819474.jpg,train
2,2,2_0_2_20161219151420756.jpg,train
15,0,15_1_0_20170103201844088.jpg,train
34,3,34_1_3_20170104235537715.jpg,train
50,0,50_0_0_20170120133622629.jpg,train
4,2,4_1_2_20161219162031294.jpg,train
1,0,1_1_0_20170109194137393.jpg,train
82,0,82_0_0_20170113184939024.jpg,train
16,0,16_1_0_20170109213456322.jpg,train
28,2,28_1_2_20170104023041166.jpg,train
85,0,85_1_0_20170110180531278.jpg,train
8,0,8_0_0_20170103210941483.jpg,train
27,2,27_1_2_20170116192014113.jpg,train
50,0,50_0_0_20170104210147596.jpg,train
18,0,18_1_0_20170109212921724.jpg,train
1,3,1_0_3_20161219230642504.jpg,train
57,0,57_0_0_20170113210319823.jpg,train
26,0,26_1_0_20170117094729864.jpg,train
1,2,1_0_2_20161219200619172.jpg,train
22,3,22_1_3_20170104223113527.jpg,train
52,0,52_0_0_20170117154823449.jpg,train
24,2,24_1_2_20170116173436330.jpg,train
32,1,32_1_1_20170114030220034.jpg,train
45,0,45_0_0_20170119200455965.jpg,train
26,1,26_1_1_20170112210636630.jpg,train
29,0,29_1_0_20170116221753436.jpg,train
3,0,3_1_0_20170109191527360.jpg,train
24,1,24_0_1_20170113181343686.jpg,train
39,3,39_1_3_20170104235854833.jpg,train
30,2,30_1_2_20170105161432042.jpg,train
10,0,10_0_0_20170110221714752.jpg,train
50,1,50_1_1_20170112215232959.jpg,train
9,0,9_0_0_20170110220110042.jpg,train
30,2,30_1_2_20170116162625578.jpg,train
32,0,32_0_0_20170117173203012.jpg,train
58,0,58_0_0_20170117191924885.jpg,train
1,3,1_0_3_20161219225615528.jpg,train
54,3,54_0_3_20170119210220552.jpg,train
24,2,24_1_2_20170116163052645.jpg,train
25,0,25_1_0_20170117195358981.jpg,train
34,3,34_0_3_20170119200635028.jpg,train
70,0,70_0_0_20170117174803325.jpg,train
28,1,28_1_1_20170117020409415.jpg,train
5,0,5_0_0_20170117192409274.jpg,train
1,2,1_1_2_20161219221943799.jpg,train
34,3,34_0_3_20170119200821564.jpg,train
26,4,26_1_4_20170117174310909.jpg,train
50,0,50_1_0_20170110141422320.jpg,train
26,3,26_1_3_20170119154424042.jpg,train
26,3,26_1_3_20170119180953860.jpg,train
28,2,28_1_2_20170116165553955.jpg,train
24,0,24_1_0_20170117150303070.jpg,train
23,1,23_1_1_20170114033443186.jpg,train
13,0,13_1_0_20170109201622416.jpg,train
30,1,30_1_1_20170113001440458.jpg,train
24,1,24_1_1_20170112192904237.jpg,train
26,2,26_1_2_20170116180346479.jpg,train
26,0,26_0_0_20170104170627658.jpg,train
26,4,26_0_4_20170104170011130.jpg,train
30,4,30_1_4_20170117092306526.jpg,train
21,0,21_1_0_20170104020509980.jpg,train
16,0,16_0_0_20170110232332618.jpg,train
51,0,51_0_0_20170117190820026.jpg,train
7,0,7_0_0_20170110215437740.jpg,train
42,0,42_0_0_20170117120422779.jpg,train
26,2,26_1_2_20170116184651548.jpg,train
27,3,27_0_3_20170119165911975.jpg,train
40,1,40_0_1_20170117170613429.jpg,train
57,0,57_0_0_20170109012720243.jpg,train
15,0,15_0_0_20170110232117349.jpg,train
82,0,82_0_0_20170111210901892.jpg,train
27,2,27_1_2_20170116163618474.jpg,train
1,2,1_0_2_20161219203918140.jpg,train
24,3,24_1_3_20170119171104024.jpg,train
45,3,45_0_3_20170119203950879.jpg,train
3,2,3_1_2_20161219211045069.jpg,train
33,0,33_1_0_20170103180737106.jpg,train
26,0,26_1_0_20170117174719206.jpg,train
50,0,50_1_0_20170109012444348.jpg,train
21,4,21_0_4_20170103223143358.jpg,train
25,1,25_1_1_20170117142659506.jpg,train
1,0,1_1_0_20170109194256082.jpg,train
21,1,21_1_1_20170112233357370.jpg,train
70,0,70_0_0_20170117174648902.jpg,train
25,1,25_1_1_20170112205151018.jpg,train
1,2,1_1_2_20161219195107011.jpg,train
27,3,27_0_3_20170104220227054.jpg,train
5,3,5_0_3_20161220220203409.jpg,train
1,2,1_0_2_20161219140913256.jpg,train
22,2,22_0_2_20170116220743409.jpg,train
1,2,1_1_2_20161219153335836.jpg,train
1,2,1_1_2_20161219205233581.jpg,train
36,0,36_0_0_20170117203443991.jpg,train
38,1,38_0_1_20170116232535514.jpg,train
56,0,56_1_0_20170110124233302.jpg,train
45,0,45_0_0_20170116224802992.jpg,train
32,2,32_0_2_20170116180704767.jpg,train
26,2,26_1_2_20170104022829221.jpg,train
15,0,15_0_0_20170110232338801.jpg,train
20,0,20_1_0_20170119153410801.jpg,train
65,0,65_0_0_20170117171434763.jpg,train
1,0,1_0_0_20161219204552941.jpg,train
45,0,45_1_0_20170103163311263.jpg,train
34,1,34_0_1_20170113142048204.jpg,train
10,0,10_1_0_20170109204338404.jpg,train
1,3,1_1_3_20161220144645535.jpg,train
26,3,26_0_3_20170119180639468.jpg,train
26,1,26_0_1_20170114033015053.jpg,train
1,0,1_0_0_20161219191041403.jpg,train
26,2,26_1_2_20170104022154229.jpg,train
57,0,57_0_0_20170105173447996.jpg,train
32,0,32_0_0_20170117000815389.jpg,train
26,1,26_1_1_20170113011825553.jpg,train
24,1,24_1_1_20170113005327119.jpg,train
60,0,60_1_0_20170110141759687.jpg,train
39,0,39_0_0_20170117184947657.jpg,train
32,0,32_0_0_20170116211639626.jpg,train
26,3,26_0_3_20170119183546909.jpg,train
28,3,28_1_3_20170119195053979.jpg,train
25,4,25_1_4_20170117195141428.jpg,train
24,2,24_1_2_20170104020359556.jpg,train
34,3,34_0_3_20170119200717205.jpg,train
25,0,25_0_0_20170117193011274.jpg,train
45,0,45_0_0_20170104205911974.jpg,train
35,1,35_0_1_20170116011302449.jpg,train
1,2,1_0_2_20161219211707638.jpg,train
1,4,1_0_4_20161221195419136.jpg,train
40,0,40_0_0_20170113135437140.jpg,train
35,1,35_1_1_20170116222717126.jpg,train
30,0,30_0_0_20170117151331469.jpg,train
20,0,20_1_0_20170117193616027.jpg,train
1,2,1_1_2_20161219200100707.jpg,train
28,1,28_1_1_20170113001655787.jpg,train
1,2,1_0_2_20161219142135209.jpg,train
17,0,17_0_0_20170110231233724.jpg,train
27,0,27_0_0_20170117175613066.jpg,train
1,3,1_1_3_20161220220708394.jpg,train
26,0,26_0_0_20170114034218562.jpg,train
30,3,30_0_3_20170119195653219.jpg,train
32,2,32_0_2_20170116162046640.jpg,train
24,2,24_1_2_20170116172609939.jpg,train
1,2,1_0_2_20161219195800652.jpg,train
30,1,30_0_1_20170117171354562.jpg,train
27,0,27_0_0_20170114034255912.jpg,train
35,0,35_0_0_20170108235715593.jpg,train
54,0,54_0_0_20170117171151227.jpg,train
30,3,30_1_3_20170119204403583.jpg,train
66,0,66_1_0_20170117175408412.jpg,train
34,0,34_1_0_20170117171540757.jpg,train
26,4,26_1_4_20170117174054694.jpg,train
29,2,29_1_2_20170116165524217.jpg,train
35,3,35_0_3_20170119181247523.jpg,train
18,3,18_1_3_20170104221936503.jpg,train
31,1,31_0_1_20170113135250690.jpg,train
29,0,29_1_0_20170116213445105.jpg,train
32,0,32_0_0_20170117182234772.jpg,train
3,0,3_1_0_20161220220147617.jpg,train
35,0,35_1_0_20170116222948039.jpg,train
25,3,25_1_3_20170104222509455.jpg,train
2,2,2_1_2_20161219151851452.jpg,train
8,0,8_1_0_20170109205426790.jpg,train
27,0,27_0_0_20170117175924156.jpg,train
18,1,18_0_1_20170114030410225.jpg,train
26,3,26_0_3_20170119192320961.jpg,train
65,0,65_1_0_20170110132512700.jpg,train
66,0,66_1_0_20170110141136857.jpg,train
26,2,26_1_2_20170116180913581.jpg,train
55,0,55_0_0_20170117145731147.jpg,train
39,0,39_0_0_20170111201500864.jpg,train
37,3,37_0_3_20170119202308661.jpg,train
24,3,24_1_3_20170119171037624.jpg,train
16,4,16_0_4_20170103233832570.jpg,train
26,0,26_1_0_20170104235143076.jpg,train
27,2,27_1_2_20170116163729639.jpg,train
29,1,29_1_1_20170112235043081.jpg,train
1,4,1_1_4_20161221201923657.jpg,train
28,4,28_0_4_20170105183852672.jpg,train
30,1,30_1_1_20170114024643760.jpg,train
22,2,22_1_2_20170104021444541.jpg,train
72,0,72_0_0_20170111210622013.jpg,train
30,3,30_0_3_20170117151144661.jpg,train
35,0,35_0_0_20170116232636326.jpg,train
26,0,26_1_0_20170117201814973.jpg,train
61,0,61_0_0_20170120225152569.jpg,train
26,0,26_1_0_20170117173532444.jpg,train
75,0,75_1_0_20170110182151180.jpg,train
28,3,28_0_3_20170119164109405.jpg,train
56,0,56_0_0_20170105173223037.jpg,train
29,1,29_0_1_20170113173051227.jpg,train
25,1,25_1_1_20170112191319941.jpg,train
30,0,30_0_0_20170117142917573.jpg,train
58,0,58_0_0_20170111200444658.jpg,train
50,1,50_0_1_20170117164310665.jpg,train
8,4,8_1_4_20170109201844552.jpg,train
45,0,45_0_0_20170117182725979.jpg,train
28,1,28_0_1_20170117020416787.jpg,train
25,3,25_1_3_20170117151149187.jpg,train
28,1,28_1_1_20170112235036823.jpg,train
80,0,80_1_0_20170109142913604.jpg,train
24,2,24_1_2_20170116175450531.jpg,train
26,1,26_1_1_20170112235057871.jpg,train
26,0,26_0_0_20170113210319406.jpg,train
40,0,40_0_0_20170116000712384.jpg,train
38,1,38_1_1_20170113001403081.jpg,train
18,0,18_1_0_20170109214216731.jpg,train
4,0,4_1_0_20170104005821656.jpg,train
54,0,54_0_0_20170111195806193.jpg,train
19,0,19_0_0_20170116220704294.jpg,train
22,2,22_1_2_20170116172700901.jpg,train
26,1,26_1_1_20170116170901103.jpg,train
30,3,30_1_3_20170117153305045.jpg,train
1,2,1_0_2_20161219142034545.jpg,train
1,2,1_0_2_20170110213009014.jpg,train
65,0,65_1_0_20170117092234692.jpg,train
32,3,32_0_3_20170119200338892.jpg,train
29,1,29_0_1_20170116205636712.jpg,train
85,0,85_0_0_20170117174438038.jpg,train
32,2,32_1_2_20170109141342355.jpg,train
16,0,16_1_0_20170109212513215.jpg,train
54,0,54_0_0_20170113184055047.jpg,train
20,0,20_1_0_20170109214618635.jpg,train
36,3,36_0_3_20170119180411476.jpg,train
24,2,24_1_2_20170116172607433.jpg,train
32,3,32_1_3_20170119200441164.jpg,train
25,0,25_0_0_20170116222920399.jpg,train
26,4,26_0_4_20170116183518793.jpg,train
21,4,21_0_4_20161223214834033.jpg,train
23,4,23_1_4_20170103224510895.jpg,train
32,1,32_0_1_20170113173627946.jpg,train
38,0,38_1_0_20170104202343507.jpg,train
27,1,27_1_1_20170112234549479.jpg,train
45,4,45_0_4_20170117194230527.jpg,train
23,1,23_1_1_20170117013843049.jpg,train
6,0,6_1_0_20170109202302115.jpg,train
62,1,62_0_1_20170113184846159.jpg,train
36,0,36_1_0_20170104171550313.jpg,train
1,2,1_0_2_20161219162546742.jpg,train
35,3,35_0_3_20170104214246948.jpg,train
36,3,36_0_3_20170119201915606.jpg,train
34,1,34_1_1_20170116012236821.jpg,train
35,0,35_0_0_20170117150935786.jpg,train
38,0,38_1_0_20170104201618841.jpg,train
42,0,42_1_0_20170117204000071.jpg,train
9,0,9_0_0_20170110220601810.jpg,train
34,1,34_1_1_20170114024710355.jpg,train
18,0,18_1_0_20170109213919463.jpg,train
40,2,40_0_2_20170116173555334.jpg,train
27,2,27_1_2_20170116163338293.jpg,train
60,0,60_0_0_20170117092311960.jpg,train
45,0,45_0_0_20170117183552230.jpg,train
25,2,25_1_2_20170104021412148.jpg,train
23,2,23_1_2_20170116172838237.jpg,train
1,0,1_1_0_20170109194152308.jpg,train
21,2,21_0_2_20170116170907317.jpg,train
13,0,13_0_0_20170103200856687.jpg,train
63,0,63_0_0_20170117195024577.jpg,train
26,1,26_1_1_20170116232325361.jpg,train
20,3,20_1_3_20170119153518449.jpg,train
7,0,7_1_0_20170109205404516.jpg,train
32,1,32_1_1_20170112213704768.jpg,train
37,1,37_0_1_20170116205022380.jpg,train
30,1,30_1_1_20170113000134250.jpg,train
26,1,26_0_1_20170117152417815.jpg,train
26,0,26_0_0_20170113210127410.jpg,train
26,0,26_1_0_20170113000527784.jpg,train
50,0,50_0_0_20170111181750459.jpg,train
33,0,33_0_0_20170104165103473.jpg,train
32,1,32_1_1_20170112210316260.jpg,train
40,3,40_1_3_20170117180026300.jpg,train
1,0,1_0_0_20170110212704144.jpg,train
43,0,43_0_0_20170117140802794.jpg,train
32,1,32_0_1_20170117182408963.jpg,train
9,0,9_0_0_20170120133317677.jpg,train
2,0,2_1_0_20170109194054994.jpg,train
35,1,35_0_1_20170117142753565.jpg,train
36,1,36_1_1_20170113193312243.jpg,train
36,1,36_0_1_20170117163412132.jpg,train
30,2,30_0_2_20170116172917302.jpg,train
44,0,44_0_0_20170117140036990.jpg,train
27,1,27_0_1_20170117175753874.jpg,train
24,1,24_1_1_20170116222821392.jpg,train
23,3,23_0_3_20170119163855005.jpg,train
26,1,26_1_1_20170116153816328.jpg,train
3,2,3_0_2_20161219160259510.jpg,train
30,0,30_0_0_20170116221914812.jpg,train
53,0,53_0_0_20170111200627419.jpg,train
20,2,20_0_2_20170103234745028.jpg,train
24,3,24_0_3_20170119165827320.jpg,train
26,3,26_1_3_20170104222813183.jpg,train
26,4,26_0_4_20170103235404028.jpg,train
3,2,3_0_2_20161219160753533.jpg,train
24,2,24_1_2_20170116171137985.jpg,train
23,0,23_0_0_20170117144555155.jpg,train
54,3,54_0_3_20170119202510190.jpg,train
54,0,54_0_0_20170119210011397.jpg,train
32,3,32_0_3_20170119200338100.jpg,train
55,0,55_0_0_20170117135625808.jpg,train
1,4,1_1_4_20161221195119295.jpg,train
1,0,1_1_0_20170109193017247.jpg,train
16,0,16_0_0_20170110231918043.jpg,train
1,0,1_1_0_20161219222653447.jpg,train
1,3,1_0_3_20161220145820446.jpg,train
11,0,11_0_0_20170110220657089.jpg,train
30,0,30_0_0_20170117000338422.jpg,train
26,0,26_0_0_20170117171759796.jpg,train
16,0,16_0_0_20170110231800697.jpg,train
24,0,24_1_0_20170104015931173.jpg,train
67,0,67_0_0_20170120224558687.jpg,train
29,0,29_1_0_20170103182353753.jpg,train
26,1,26_1_1_20170112213007903.jpg,train
38,1,38_1_1_20170116010511938.jpg,train
28,0,28_0_0_20170114024909834.jpg,train
26,0,26_0_0_20170117172146059.jpg,train
32,1,32_0_1_20170116003725128.jpg,train
35,1,35_1_1_20170112204654001.jpg,train
46,3,46_0_3_20170119183449213.jpg,train
47,0,47_0_0_20170104202550449.jpg,train
24,3,24_1_3_20170117145624635.jpg,train
32,3,32_1_3_20170109141349200.jpg,train
35,1,35_0_1_20170117190123993.jpg,train
14,0,14_1_0_20170104011720664.jpg,train
25,0,25_1_0_20170116002150531.jpg,train
60,0,60_0_0_20170113184242864.jpg,train
22,2,22_1_2_20170116162441662.jpg,train
15,0,15_1_0_20170109214523308.jpg,train
38,1,38_0_1_20170117022153861.jpg,train
24,0,24_1_0_20170111182452767.jpg,train
24,2,24_1_2_20170116165442037.jpg,train
3,2,3_1_2_20161219160905062.jpg,train
43,0,43_0_0_20170104210217699.jpg,train
16,0,16_0_0_20170110232208589.jpg,train
27,3,27_0_3_20170119194353171.jpg,train
26,0,26_0_0_20170117172222445.jpg,train
54,0,54_0_0_20170117171614274.jpg,train
29,0,29_1_0_20170103182249865.jpg,train
18,0,18_1_0_20170117140440920.jpg,train
53,0,53_1_0_20170117161107736.jpg,train
48,1,48_0_1_20170117172159893.jpg,train
26,3,26_1_3_20170104222745511.jpg,train
25,0,25_0_0_20170119171142840.jpg,train
1,0,1_0_0_20170109194225586.jpg,train
3,2,3_1_2_20161219153312836.jpg,train
37,1,37_0_1_20170117104624750.jpg,train
39,3,39_0_3_20170119203900686.jpg,train
60,0,60_1_0_20170110150258412.jpg,train
58,0,58_0_0_20170111204759653.jpg,train
27,2,27_0_2_20170116172522727.jpg,train
29,1,29_1_1_20170117193933170.jpg,train
30,1,30_1_1_20170113011704335.jpg,train
24,1,24_0_1_20170102233456210.jpg,train
9,0,9_0_0_20170110225229812.jpg,train
16,0,16_0_0_20170110232803098.jpg,train
28,3,28_0_3_20170119194719106.jpg,train
30,3,30_0_3_20170119195818732.jpg,train
36,0,36_1_0_20170109141845861.jpg,train
35,0,35_0_0_20170116223010997.jpg,train
23,1,23_1_1_20170113010457776.jpg,train
1,3,1_1_3_20161220145206031.jpg,train
53,0,53_0_0_20170111202020510.jpg,train
26,1,26_0_1_20170116025854980.jpg,train
2,4,2_1_4_20170103213317172.jpg,train
28,2,28_1_2_20170116165616595.jpg,train
58,3,58_0_3_20170119165822974.jpg,train
1,0,1_1_0_20170109193717283.jpg,train
35,4,35_0_4_20170117204532088.jpg,train
52,0,52_0_0_20170104212331895.jpg,train
10,0,10_1_0_20170103200654246.jpg,train
28,3,28_0_3_20170119194437893.jpg,train
1,4,1_0_4_20170103202356872.jpg,train
21,1,21_0_1_20170113180920187.jpg,train
54,0,54_1_0_20170110141340224.jpg,train
2,4,2_1_4_20170103211018347.jpg,train
52,0,52_1_0_20170109142345793.jpg,train
35,0,35_0_0_20170117151310138.jpg,train
26,0,26_1_0_20170117153116669.jpg,train
20,4,20_0_4_20170117203144623.jpg,train
28,0,28_0_0_20170120133921719.jpg,train
32,0,32_1_0_20170109132836606.jpg,train
34,0,34_0_0_20170117021640307.jpg,train
35,0,35_0_0_20170117192314819.jpg,train
67,0,67_0_0_20170104200734185.jpg,train
78,0,78_0_0_20170111222436497.jpg,train
28,1,28_0_1_20170113150719161.jpg,train
2,2,2_1_2_20161219142427449.jpg,train
32,0,32_1_0_20170117134813347.jpg,train
22,0,22_0_0_20170104230045815.jpg,train
2,4,2_1_4_20170103210335629.jpg,train
16,0,16_1_0_20170109213117588.jpg,train
2,2,2_1_2_20161219202547820.jpg,train
80,0,80_1_0_20170110131953974.jpg,train
26,1,26_0_1_20170116205014747.jpg,train
24,0,24_1_0_20170117194813077.jpg,train
26,3,26_1_3_20170104235406507.jpg,train
8,0,8_1_0_20170109205303856.jpg,train
42,1,42_1_1_20170113012009655.jpg,train
21,1,21_1_1_20170112192949478.jpg,train
27,1,27_1_1_20170116023622621.jpg,train
24,4,24_0_4_20170117145314932.jpg,train
23,2,23_0_2_20170116172840539.jpg,train
52,0,52_0_0_20170117161013430.jpg,train
55,0,55_1_0_20170109012617704.jpg,train
70,0,70_0_0_20170111205335191.jpg,train
35,1,35_1_1_20170112234952297.jpg,train
17,0,17_0_0_20170110231210547.jpg,train
59,0,59_0_0_20170105173441604.jpg,train
65,0,65_0_0_20170104185405486.jpg,train
1,2,1_0_2_20161219200342123.jpg,train
25,1,25_0_1_20170116003152620.jpg,train
26,3,26_0_3_20170117154834390.jpg,train
25,0,25_0_0_20170119145504925.jpg,train
29,3,29_1_3_20170104232621386.jpg,train
21,4,21_0_4_20161223214805057.jpg,train
64,0,64_0_0_20170117155540137.jpg,train
5,2,5_0_2_20161219192503459.jpg,train
76,0,76_1_0_20170112204943874.jpg,train
61,0,61_0_0_20170117174443309.jpg,train
70,0,70_1_0_20170117163559185.jpg,train
35,3,35_0_3_20170119151444959.jpg,train
21,4,21_1_4_20161223225837372.jpg,train
60,0,60_0_0_20170117173825225.jpg,train
55,3,55_0_3_20170119211432745.jpg,train
60,0,60_0_0_20170104212114820.jpg,train
60,3,60_0_3_20170119205502432.jpg,train
40,1,40_0_1_20170105164641662.jpg,train
40,0,40_0_0_20170117181213181.jpg,train
50,1,50_0_1_20170113184346534.jpg,train
22,3,22_0_3_20170119162807109.jpg,train
25,0,25_1_0_20170103180835288.jpg,train
24,2,24_1_2_20170116173512698.jpg,train
35,0,35_0_0_20170117150020867.jpg,train
54,0,54_0_0_20170105170040476.jpg,train
63,0,63_0_0_20170120225701457.jpg,train
24,2,24_1_2_20170116174534993.jpg,train
34,1,34_1_1_20170113001015235.jpg,train
34,0,34_0_0_20170104174028507.jpg,train
70,0,70_1_0_20170110122250867.jpg,train
36,0,36_0_0_20170116210422517.jpg,train
2,0,2_0_0_20170110212901886.jpg,train
1,3,1_1_3_20161220143222430.jpg,train
50,0,50_0_0_20170117091314400.jpg,train
38,1,38_0_1_20170117012906285.jpg,train
27,1,27_0_1_20170113155126130.jpg,train
29,2,29_1_2_20170116164937910.jpg,train
4,0,4_0_0_20161219203817325.jpg,train
28,3,28_1_3_20170104223510151.jpg,train
28,2,28_1_2_20170116170932358.jpg,train
28,3,28_0_3_20170104232432992.jpg,train
65,3,65_0_3_20170119203936910.jpg,train
35,0,35_0_0_20170119200935316.jpg,train
72,0,72_0_0_20170112205248988.jpg,train
22,0,22_0_0_20170117193916436.jpg,train
30,2,30_1_2_20170116164737724.jpg,train
23,3,23_1_3_20170104231800546.jpg,train
29,0,29_0_0_20170117180918673.jpg,train
25,3,25_0_3_20170104230440360.jpg,train
2,3,2_1_3_20161219225548704.jpg,train
2,3,2_0_3_20161219225440088.jpg,train
2,2,2_0_2_20161219142258121.jpg,train
32,0,32_1_0_20170104172647281.jpg,train
29,4,29_1_4_20170105171748652.jpg,train
21,0,21_0_0_20170114025137038.jpg,train
30,0,30_1_0_20170117183633526.jpg,train
23,4,23_1_4_20170117194314062.jpg,train
27,2,27_1_2_20170116184855653.jpg,train
16,0,16_0_0_20170110232611516.jpg,train
35,2,35_0_2_20170117191628620.jpg,train
54,0,54_0_0_20170117171526283.jpg,train
62,0,62_0_0_20170120224648431.jpg,train
1,2,1_0_2_20161219161822166.jpg,train
31,1,31_1_1_20170117135048675.jpg,train
58,0,58_0_0_20170104213209283.jpg,train
30,0,30_0_0_20170111181750341.jpg,train
1,4,1_1_4_20170103202738552.jpg,train
54,0,54_0_0_20170120223353260.jpg,train
30,0,30_1_0_20170116220635092.jpg,train
5,2,5_1_2_20170109193543217.jpg,train
51,1,51_0_1_20170117173409188.jpg,train
2,3,2_1_3_20161219225905168.jpg,train
55,0,55_1_0_20170110160643407.jpg,train
28,3,28_0_3_20170119194513211.jpg,train
35,4,35_0_4_20170104181306061.jpg,train
52,0,52_1_0_20170110152849848.jpg,train
2,0,2_0_0_20170110213051007.jpg,train
38,2,38_0_2_20170116175206365.jpg,train
58,0,58_0_0_20170111202848963.jpg,train
30,1,30_0_1_20170116010614771.jpg,train
22,2,22_1_2_20170114033415747.jpg,train
26,0,26_0_0_20170113210319024.jpg,train
23,2,23_0_2_20170114024549242.jpg,train
35,0,35_1_0_20170104201705201.jpg,train
34,0,34_1_0_20170116160755190.jpg,train
24,1,24_1_1_20170112204809364.jpg,train
22,2,22_1_2_20170116164534125.jpg,train
1,0,1_0_0_20170109194450082.jpg,train
26,1,26_1_1_20170117174116677.jpg,train
53,0,53_0_0_20170120223024866.jpg,train
26,1,26_0_1_20170117200127227.jpg,train
45,0,45_0_0_20170117135648206.jpg,train
2,2,2_0_2_20161219154627053.jpg,train
31,3,31_0_3_20170119200051395.jpg,train
50,0,50_0_0_20170111203719759.jpg,train
60,0,60_0_0_20170113184804864.jpg,train
26,2,26_1_2_20170116175511254.jpg,train
26,1,26_0_1_20170116185225854.jpg,train
1,2,1_0_2_20161219155405989.jpg,train
50,3,50_0_3_20170119205538583.jpg,train
70,0,70_0_0_20170117173225496.jpg,train
23,3,23_0_3_20170119164316726.jpg,train
29,0,29_1_0_20170104172544539.jpg,train
26,3,26_1_3_20170116184306842.jpg,train
26,3,26_1_3_20170117173915821.jpg,train
71,0,71_0_0_20170120225641832.jpg,train
1,2,1_1_2_20161219211944925.jpg,train
26,0,26_0_0_20170113210127487.jpg,train
9,0,9_0_0_20170110220535321.jpg,train
40,1,40_1_1_20170116211626424.jpg,train
4,0,4_0_0_20170110211454141.jpg,train
26,0,26_0_0_20170117172620391.jpg,train
1,2,1_0_2_20161219151035204.jpg,train
25,0,25_0_0_20170117134639822.jpg,train
40,4,40_0_4_20170104200459608.jpg,train
27,2,27_0_2_20170116184844591.jpg,train
16,0,16_0_0_20170110231215944.jpg,train
30,4,30_1_4_20170105165132148.jpg,train
10,0,10_1_0_20170109204244904.jpg,train
40,0,40_1_0_20170105164619947.jpg,train
22,1,22_0_1_20170113150443999.jpg,train
3,0,3_0_0_20170110213730328.jpg,train
24,1,24_0_1_20170117013644564.jpg,train
25,1,25_1_1_20170114030910094.jpg,train
26,1,26_1_1_20170117022253411.jpg,train
63,0,63_1_0_20170110122257987.jpg,train
26,1,26_1_1_20170116231532235.jpg,train
25,0,25_1_0_20170117134947430.jpg,train
2,0,2_1_0_20161219211753710.jpg,train
30,0,30_1_0_20170117154634082.jpg,train
26,4,26_1_4_20170116220414012.jpg,train
26,3,26_0_3_20170119181350932.jpg,train
30,1,30_0_1_20170113141654362.jpg,train
26,3,26_0_3_20170117153930604.jpg,train
35,1,35_0_1_20170116002219767.jpg,train
27,2,27_1_2_20170116165958195.jpg,train
28,0,28_1_0_20170117092254042.jpg,train
30,1,30_1_1_20170117123925997.jpg,train
60,0,60_0_0_20170120223110723.jpg,train
6,0,6_0_0_20170117201323444.jpg,train
24,1,24_1_1_20170115235044207.jpg,train
32,0,32_1_0_20170117134741526.jpg,train
26,1,26_0_1_20170117171618235.jpg,train
1,0,1_1_0_20170109191835969.jpg,train
24,0,24_0_0_20170115230945548.jpg,train
20,1,20_1_1_20170114030919655.jpg,train
29,1,29_0_1_20170113133331563.jpg,train
24,2,24_1_2_20170116171607480.jpg,train
29,0,29_1_0_20170117130629633.jpg,train
44,3,44_0_3_20170119200316171.jpg,train
23,0,23_0_0_20170114034609023.jpg,train
27,1,27_1_1_20170112213510151.jpg,train
1,2,1_1_2_20161219221237927.jpg,train
26,3,26_1_3_20170104223128119.jpg,train
27,1,27_0_1_20170117183610688.jpg,train
12,0,12_1_0_20170109200852145.jpg,train
46,0,46_0_0_20170116192656401.jpg,train
80,0,80_1_0_20170110154540002.jpg,train
26,2,26_1_2_20170116180753524.jpg,train
58,0,58_1_0_20170109015200826.jpg,train
40,1,40_0_1_20170120220605251.jpg,train
35,1,35_0_1_20170117005850627.jpg,train
24,0,24_1_0_20170117150817978.jpg,train
1,2,1_0_2_20161219162758303.jpg,train
38,3,38_1_3_20170105002639123.jpg,train
25,2,25_1_2_20170116175248545.jpg,train
1,3,1_1_3_20161219225543960.jpg,train
33,0,33_0_0_20170108224634529.jpg,train
40,3,40_1_3_20170109142008373.jpg,train
2,4,2_0_4_20170103202421392.jpg,train
75,0,75_0_0_20170111204348525.jpg,train
3,0,3_1_0_20170109190717071.jpg,train
68,0,68_0_0_20170104213011828.jpg,train
25,3,25_1_3_20170117142157226.jpg,train
24,0,24_0_0_20170117145733818.jpg,train
22,4,22_1_4_20170103233857003.jpg,train
32,1,32_0_1_20170117182406861.jpg,train
24,3,24_1_3_20170117150530668.jpg,train
34,1,34_0_1_20170117184804228.jpg,train
12,0,12_0_0_20170103201859385.jpg,train
26,1,26_1_1_20170112213135759.jpg,train
29,1,29_0_1_20170104220317630.jpg,train
18,0,18_1_0_20170109213130477.jpg,train
21,1,21_1_1_20170112193102422.jpg,train
45,3,45_0_3_20170119201255635.jpg,train
45,1,45_0_1_20170117173736387.jpg,train
35,1,35_0_1_20170117204330048.jpg,train
5,0,5_1_0_20170117184912795.jpg,train
1,2,1_1_2_20161219215716926.jpg,train
30,1,30_0_1_20170117130035831.jpg,train
47,0,47_0_0_20170111181750442.jpg,train
28,3,28_0_3_20170117020054178.jpg,train
50,0,50_1_0_20170117092157802.jpg,train
26,2,26_0_2_20170112205708403.jpg,train
35,3,35_1_3_20170117145058906.jpg,train
34,1,34_1_1_20170116234705929.jpg,train
32,1,32_1_1_20170113000450474.jpg,train
24,2,24_0_2_20170116165054448.jpg,train
25,3,25_1_3_20170117152000516.jpg,train
21,0,21_1_0_20170117142329848.jpg,train
29,0,29_1_0_20170103182130033.jpg,train
62,0,62_0_0_20170104184818725.jpg,train
26,1,26_1_1_20170116160247500.jpg,train
26,3,26_1_3_20170119193146097.jpg,train
66,0,66_1_0_20170110123225778.jpg,train
29,1,29_0_1_20170116205004542.jpg,train
6,3,6_1_3_20161220222556995.jpg,train
30,2,30_0_2_20170116192359839.jpg,train
26,3,26_1_3_20170104222600591.jpg,train
30,4,30_0_4_20170113133601952.jpg,train
11,0,11_1_0_20170109204833458.jpg,train
27,1,27_0_1_20170117010723234.jpg,train
1,3,1_1_3_20161219225515600.jpg,train
47,0,47_1_0_20170117140025374.jpg,train
6,0,6_0_0_20170110224301470.jpg,train
29,0,29_0_0_20170117120414669.jpg,train
27,1,27_0_1_20170113133402529.jpg,train
20,0,20_0_0_20170104230048181.jpg,train
11,0,11_0_0_20170110225327724.jpg,train
8,0,8_1_0_20170109203303253.jpg,train
32,0,32_0_0_20170116224855059.jpg,train
34,0,34_0_0_20170117182728950.jpg,train
26,1,26_0_1_20170113135547147.jpg,train
27,2,27_0_2_20170119193331714.jpg,train
21,4,21_1_4_20170103223249191.jpg,train
61,0,61_0_0_20170120225132849.jpg,train
5,2,5_1_2_20161219204056708.jpg,train
26,1,26_1_1_20170112230547118.jpg,train
30,1,30_1_1_20170112234716803.jpg,train
27,3,27_1_3_20170104232645690.jpg,train
12,0,12_1_0_20170109205104124.jpg,train
1,3,1_1_3_20161219224650392.jpg,train
50,0,50_0_0_20170104202616026.jpg,train
27,0,27_1_0_20170103163215342.jpg,train
50,0,50_1_0_20170117155921969.jpg,train
2,2,2_0_2_20161219141236632.jpg,train
26,2,26_1_2_20170116175503224.jpg,train
21,2,21_1_2_20170104015820531.jpg,train
42,0,42_0_0_20170116224637121.jpg,train
26,2,26_1_2_20170116184143860.jpg,train
90,0,90_0_0_20170120230038954.jpg,train
35,0,35_0_0_20170117203240562.jpg,train
7,0,7_0_0_20170110215736826.jpg,train
30,0,30_0_0_20170117130654291.jpg,train
28,1,28_0_1_20170113154949665.jpg,train
40,0,40_0_0_20170104201930209.jpg,train
26,4,26_1_4_20170103224820592.jpg,train
1,2,1_1_2_20161219220348151.jpg,train
30,2,30_0_2_20170116173645203.jpg,train
25,3,25_0_3_20170119171615136.jpg,train
20,0,20_0_0_20170110231653536.jpg,train
22,3,22_1_3_20170104222152991.jpg,train
18,1,18_0_1_20170117140107728.jpg,train
48,1,48_1_1_20170110120129624.jpg,train
4,2,4_0_2_20161219211434893.jpg,train
1,4,1_0_4_20161221201548713.jpg,train
68,0,68_0_0_20170111221712885.jpg,train
35,0,35_1_0_20170103182736051.jpg,train
1,2,1_0_2_20161219140525218.jpg,train
42,0,42_0_0_20170116221906957.jpg,train
39,0,39_0_0_20170105172311895.jpg,train
25,4,25_0_4_20170116001358842.jpg,train
48,0,48_1_0_20170109141729566.jpg,train
26,1,26_0_1_20170117170403771.jpg,train
24,3,24_1_3_20170119170901622.jpg,train
23,2,23_0_2_20170107213747034.jpg,train
3,4,3_1_4_20170103205114064.jpg,train
25,2,25_1_2_20170104020610884.jpg,train
26,1,26_0_1_20170117195832779.jpg,train
22,3,22_1_3_20170119163704869.jpg,train
25,3,25_1_3_20170109213212198.jpg,train
26,4,26_1_4_20170117200341157.jpg,train
35,0,35_0_0_20170117171756675.jpg,train
31,3,31_0_3_20170119195948571.jpg,train
36,3,36_0_3_20170117183319878.jpg,train
42,1,42_1_1_20170116153229826.jpg,train
53,0,53_1_0_20170110141003065.jpg,train
54,0,54_0_0_20170120223525741.jpg,train
24,3,24_1_3_20170117150632348.jpg,train
34,0,34_1_0_20170103230321513.jpg,train
55,0,55_1_0_20170104212854053.jpg,train
38,0,38_1_0_20170117184900263.jpg,train
30,0,30_0_0_20170117181207964.jpg,train
1,2,1_0_2_20161219202752764.jpg,train
26,1,26_1_1_20170116013104528.jpg,train
21,2,21_1_2_20170105002530429.jpg,train
21,2,21_1_2_20161219221949111.jpg,train
70,0,70_0_0_20170111205843899.jpg,train
9,0,9_0_0_20170110220240322.jpg,train
54,3,54_0_3_20170119210230016.jpg,train
1,2,1_1_2_20161219203424940.jpg,train
31,4,31_1_4_20170117203052559.jpg,train
90,0,90_1_0_20170110183401767.jpg,train
45,3,45_0_3_20170119201128901.jpg,train
29,1,29_1_1_20170112214952639.jpg,train
35,0,35_0_0_20170117130506374.jpg,train
26,2,26_1_2_20170116175506863.jpg,train
21,4,21_0_4_20161223214829361.jpg,train
1,3,1_0_3_20161219230455336.jpg,train
2,2,2_1_2_20161219203903148.jpg,train
28,1,28_0_1_20170117165412909.jpg,train
7,0,7_1_0_20170109201641541.jpg,train
65,0,65_0_0_20170120221835349.jpg,train
30,0,30_1_0_20170104170158777.jpg,train
42,0,42_0_0_20170103181301064.jpg,train
22,4,22_1_4_20170103223351703.jpg,train
26,0,26_1_0_20170117174641318.jpg,train
2,0,2_0_0_20170104011011896.jpg,train
40,1,40_0_1_20170117194506722.jpg,train
28,1,28_1_1_20170116234442332.jpg,train
26,0,26_1_0_20170120134215383.jpg,train
28,1,28_0_1_20170117021201719.jpg,train
39,0,39_1_0_20170105002727282.jpg,train
32,2,32_1_2_20170116180409929.jpg,train
26,1,26_1_1_20170103225852672.jpg,train
26,2,26_0_2_20170116180219752.jpg,train
2,2,2_0_2_20161219162317542.jpg,train
25,3,25_1_3_20170119172102729.jpg,train
24,0,24_1_0_20170103180549431.jpg,train
26,3,26_1_3_20170119193151218.jpg,train
32,0,32_1_0_20170117183907807.jpg,train
28,2,28_1_2_20170116165935678.jpg,train
25,1,25_0_1_20170113132636784.jpg,train
24,1,24_1_1_20170112203907818.jpg,train
26,4,26_1_4_20161221193703783.jpg,train
26,4,26_1_4_20170103235712113.jpg,train
2,2,2_1_2_20161220144859447.jpg,train
60,0,60_0_0_20170117160236104.jpg,train
31,0,31_1_0_20170103163445702.jpg,train
16,0,16_1_0_20170109212446278.jpg,train
26,2,26_1_2_20170116180016937.jpg,train
28,0,28_0_0_20170117202408999.jpg,train
23,0,23_1_0_20170116221713318.jpg,train
61,0,61_1_0_20170117174758733.jpg,train
29,1,29_0_1_20170117095002119.jpg,train
27,1,27_0_1_20170113133634568.jpg,train
47,0,47_1_0_20170111182452922.jpg,train
26,3,26_1_3_20170109134536902.jpg,train
24,3,24_1_3_20170119171107656.jpg,train
54,0,54_1_0_20170117191408330.jpg,train
28,3,28_1_3_20170104223603809.jpg,train
31,2,31_1_2_20161219201356940.jpg,train
56,0,56_1_0_20170110175738208.jpg,train
30,1,30_1_1_20170116160241839.jpg,train
37,0,37_1_0_20170103163508220.jpg,train
23,3,23_1_3_20170119164552438.jpg,train
48,0,48_0_0_20170117160506440.jpg,train
31,2,31_0_2_20170116193441821.jpg,train
34,3,34_0_3_20170119164730142.jpg,train
26,3,26_1_3_20170119192124129.jpg,train
26,2,26_1_2_20170116180325633.jpg,train
1,2,1_1_2_20161219141502337.jpg,train
35,0,35_1_0_20170104192826910.jpg,train
3,2,3_0_2_20161219151938084.jpg,train
3,0,3_1_0_20170110213238474.jpg,train
18,0,18_1_0_20170109212425897.jpg,train
4,0,4_0_0_20170110213211374.jpg,train
38,1,38_0_1_20170116205307165.jpg,train
34,3,34_1_3_20170109141950796.jpg,train
40,0,40_0_0_20170105172925445.jpg,train
53,0,53_0_0_20170104210640915.jpg,train
7,0,7_0_0_20170110215635827.jpg,train
65,0,65_0_0_20170117171624306.jpg,train
28,0,28_1_0_20170117022353982.jpg,train
28,0,28_1_0_20170117180706025.jpg,train
32,0,32_1_0_20170117093112387.jpg,train
32,3,32_0_3_20170119200351460.jpg,train
26,1,26_1_1_20170116232255273.jpg,train
24,1,24_0_1_20170116000614713.jpg,train
55,3,55_0_3_20170119181035677.jpg,train
26,3,26_1_3_20170104232435586.jpg,train
32,3,32_0_3_20170119200320269.jpg,train
51,0,51_0_0_20170111171747340.jpg,train
14,0,14_1_0_20170109214440556.jpg,train
33,0,33_1_0_20170117174803471.jpg,train
25,2,25_1_2_20170116174834599.jpg,train
1,2,1_0_2_20161219162429886.jpg,train
14,0,14_1_0_20170109213221821.jpg,train
25,1,25_1_1_20170113180645637.jpg,train
1,3,1_0_3_20161219224939056.jpg,train
37,0,37_0_0_20170117140050797.jpg,train
16,0,16_1_0_20170109214605824.jpg,train
63,0,63_0_0_20170117195020915.jpg,train
35,0,35_0_0_20170117172131883.jpg,train
68,0,68_0_0_20170109002614945.jpg,train
52,1,52_1_1_20170113000523249.jpg,train
58,0,58_0_0_20170117204710599.jpg,train
22,3,22_1_3_20170117183653190.jpg,train
55,0,55_0_0_20170113184515608.jpg,train
26,0,26_0_0_20170113134718713.jpg,train
1,2,1_1_2_20161219153429836.jpg,train
2,2,2_1_2_20161219142349633.jpg,train
29,2,29_1_2_20170116220903106.jpg,train
24,2,24_1_2_20170116172449090.jpg,train
28,0,28_0_0_20170117180622480.jpg,train
32,0,32_1_0_20170117001041422.jpg,train
26,2,26_1_2_20170116184639426.jpg,train
26,2,26_1_2_20170116183752068.jpg,train
1,3,1_1_3_20161220145230678.jpg,train
14,0,14_0_0_20170104012315465.jpg,train
55,0,55_0_0_20170113190612249.jpg,train
45,0,45_0_0_20170104211648292.jpg,train
18,0,18_1_0_20170109212936696.jpg,train
1,0,1_1_0_20161219204750596.jpg,train
22,4,22_1_4_20170103223330567.jpg,train
20,1,20_1_1_20170114030841465.jpg,train
48,1,48_1_1_20170117131013277.jpg,train
30,3,30_0_3_20170119195800379.jpg,train
26,1,26_0_1_20170113181814396.jpg,train
47,0,47_0_0_20170116214228124.jpg,train
26,2,26_1_2_20170116180313693.jpg,train
40,3,40_0_3_20170119154448251.jpg,train
1,2,1_1_2_20161219211948405.jpg,train
25,3,25_0_3_20170117134725751.jpg,train
63,0,63_0_0_20170120225657034.jpg,train
3,0,3_0_0_20170110213746269.jpg,train
30,3,30_1_3_20170119144121804.jpg,train
61,0,61_0_0_20170104213323109.jpg,train
35,1,35_1_1_20170113005402981.jpg,train
40,1,40_1_1_20170116223441453.jpg,train
39,0,39_0_0_20170104174303275.jpg,train
29,1,29_0_1_20170116011143078.jpg,train
1,3,1_1_3_20161220143111349.jpg,train
32,1,32_1_1_20170116030150291.jpg,train
34,1,34_1_1_20170104165020320.jpg,train
25,0,25_0_0_20170113181534141.jpg,train
56,0,56_1_0_20170110120821728.jpg,train
24,1,24_1_1_20170115235014974.jpg,train
35,0,35_1_0_20170117092559828.jpg,train
36,1,36_1_1_20170113001436331.jpg,train
1,2,1_0_2_20161219220503943.jpg,train
63,0,63_0_0_20170104171431363.jpg,train
55,3,55_0_3_20170119195128779.jpg,train
48,0,48_0_0_20170113190615656.jpg,train
65,0,65_0_0_20170111195233409.jpg,train
26,0,26_0_0_20170116203116520.jpg,train
80,0,80_0_0_20170117173919384.jpg,train
24,0,24_1_0_20170105183749799.jpg,train
35,1,35_1_1_20170113012818161.jpg,train
32,1,32_1_1_20170114024532411.jpg,train
24,4,24_1_4_20170117194845444.jpg,train
53,0,53_0_0_20170117191002777.jpg,train
24,1,24_1_1_20170116164334832.jpg,train
30,0,30_0_0_20170117130615780.jpg,train
27,1,27_1_1_20170116223029775.jpg,train
50,2,50_0_2_20170116175220841.jpg,train
47,0,47_1_0_20170117160425905.jpg,train
24,2,24_1_2_20170116173444326.jpg,train
50,0,50_1_0_20170117203951023.jpg,train
4,2,4_0_2_20161219200024691.jpg,train
75,0,75_1_0_20170110184033219.jpg,train
50,0,50_1_0_20170110143400936.jpg,train
26,0,26_0_0_20170116181050820.jpg,train
23,3,23_0_3_20170119152810247.jpg,train
28,0,28_0_0_20170116210101534.jpg,train
42,0,42_1_0_20170104174238714.jpg,train
4,4,4_1_4_20170103213350292.jpg,train
35,0,35_0_0_20170104201217450.jpg,train
52,0,52_0_0_20170104212238236.jpg,train
3,2,3_1_2_20161219195341196.jpg,train
53,0,53_0_0_20170113190631147.jpg,train
5,2,5_1_2_20161219204528892.jpg,train
30,0,30_0_0_20170117172014219.jpg,train
30,1,30_0_1_20170117202825454.jpg,train
1,3,1_1_3_20161220143335948.jpg,train
55,0,55_1_0_20170117173517533.jpg,train
26,3,26_0_3_20170119183458846.jpg,train
22,1,22_0_1_20170113133604687.jpg,train
8,0,8_1_0_20170109204516373.jpg,train
38,0,38_0_0_20170105172756958.jpg,train
16,0,16_1_0_20170109213440225.jpg,train
26,2,26_1_2_20170116184449316.jpg,train
28,2,28_1_2_20170116190033925.jpg,train
34,3,34_0_3_20170119165336734.jpg,train
25,3,25_1_3_20170116003315293.jpg,train
26,0,26_1_0_20170116231512359.jpg,train
3,2,3_1_2_20161219160304718.jpg,train
3,0,3_0_0_20170110213243664.jpg,train
24,3,24_1_3_20170119152746104.jpg,train
8,0,8_1_0_20170109203314749.jpg,train
40,3,40_0_3_20170104203137444.jpg,train
30,3,30_0_3_20170119195801779.jpg,train
1,0,1_0_0_20170110213508380.jpg,train
54,1,54_0_1_20170117143030074.jpg,train
26,0,26_1_0_20170113210605016.jpg,train
29,1,29_0_1_20170113134253537.jpg,train
32,1,32_0_1_20170116002309943.jpg,train
58,0,58_0_0_20170117191805986.jpg,train
25,1,25_1_1_20170116003230778.jpg,train
60,0,60_0_0_20170117135823609.jpg,train
68,0,68_0_0_20170111201847376.jpg,train
28,4,28_0_4_20170117020639219.jpg,train
37,3,37_0_3_20170119202236501.jpg,train
65,0,65_1_0_20170110122548648.jpg,train
8,2,8_1_2_20170109203855544.jpg,train
72,0,72_0_0_20170111210133115.jpg,train
24,4,24_0_4_20170117145354835.jpg,train
25,2,25_1_2_20170116175245111.jpg,train
30,0,30_0_0_20170104164938536.jpg,train
29,0,29_1_0_20170120133642078.jpg,train
28,4,28_1_4_20170117202604343.jpg,train
19,0,19_1_0_20170105183247775.jpg,train
25,1,25_1_1_20170112235005249.jpg,train
55,3,55_0_3_20170119205307824.jpg,train
29,0,29_0_0_20170117202647791.jpg,train
29,0,29_0_0_20170117105025711.jpg,train
73,0,73_0_0_20170111221751463.jpg,train
60,0,60_0_0_20170109013439834.jpg,train
23,1,23_1_1_20170112234139392.jpg,train
25,0,25_0_0_20170113181532013.jpg,train
28,3,28_0_3_20170119194818178.jpg,train
41,0,41_1_0_20170109141200997.jpg,train
25,1,25_0_1_20170116002332648.jpg,train
56,0,56_1_0_20170104203119691.jpg,train
8,0,8_0_0_20170110220309370.jpg,train
26,4,26_0_4_20170117195459004.jpg,train
59,0,59_0_0_20170105173420933.jpg,train
34,3,34_1_3_20170105002136348.jpg,train
16,0,16_0_0_20170110232245640.jpg,train
35,0,35_0_0_20170116214606934.jpg,train
35,2,35_1_2_20170116164706883.jpg,train
36,3,36_0_3_20170119181320605.jpg,train
78,0,78_0_0_20170111210105923.jpg,train
45,0,45_0_0_20170116203604318.jpg,train
18,0,18_1_0_20170109214608184.jpg,train
50,3,50_0_3_20170119205541880.jpg,train
34,0,34_1_0_20170117134932847.jpg,train
26,0,26_0_0_20170117173206140.jpg,train
65,0,65_1_0_20170110152931044.jpg,train
24,1,24_1_1_20170112230733998.jpg,train
28,3,28_1_3_20170104221016727.jpg,train
35,3,35_0_3_20170119171712116.jpg,train
1,3,1_1_3_20161219224454728.jpg,train
45,0,45_0_0_20170113183730823.jpg,train
45,0,45_1_0_20170110151448578.jpg,train
30,0,30_0_0_20170117130638578.jpg,train
35,0,35_0_0_20170117183007140.jpg,train
49,0,49_1_0_20170105173102837.jpg,train
29,1,29_1_1_20170117105204369.jpg,train
9,0,9_0_0_20170110220625994.jpg,train
24,3,24_1_3_20170104220232144.jpg,train
65,0,65_0_0_20170117204724913.jpg,train
45,1,45_0_1_20170117143253063.jpg,train
26,2,26_1_2_20170116184052988.jpg,train
35,1,35_1_1_20170117154240728.jpg,train
28,3,28_0_3_20170119194806419.jpg,train
26,1,26_0_1_20170116203607574.jpg,train
60,0,60_1_0_20170110143517260.jpg,train
26,3,26_0_3_20170119181349862.jpg,train
85,0,85_1_0_20170110181632797.jpg,train
34,0,34_0_0_20170117105018453.jpg,train
36,0,36_0_0_20170117183258406.jpg,train
38,1,38_0_1_20170113151753966.jpg,train
1,0,1_0_0_20170110211536519.jpg,train
26,2,26_1_2_20170116175458291.jpg,train
62,0,62_0_0_20170111200703518.jpg,train
31,1,31_1_1_20170116003404772.jpg,train
24,1,24_0_1_20170117145832554.jpg,train
28,3,28_0_3_20170104214745317.jpg,train
1,3,1_0_3_20161220220038618.jpg,train
47,0,47_0_0_20170108225958118.jpg,train
34,0,34_1_0_20170119170609560.jpg,train
26,3,26_0_3_20170117154516750.jpg,train
56,0,56_1_0_20170109220607828.jpg,train
1,0,1_0_0_20161219154909149.jpg,train
26,3,26_1_3_20170104232408872.jpg,train
8,0,8_1_0_20170117175940947.jpg,train
45,0,45_1_0_20170111182452911.jpg,train
36,1,36_1_1_20170113011647678.jpg,train
42,1,42_0_1_20170113184020904.jpg,train
30,3,30_1_3_20170117181341092.jpg,train
54,3,54_1_3_20170119211354201.jpg,train
59,0,59_1_0_20170110122554230.jpg,train
25,0,25_0_0_20170102233508810.jpg,train
21,1,21_1_1_20170114030239115.jpg,train
2,2,2_1_2_20161219211114077.jpg,train
23,1,23_0_1_20170117194030006.jpg,train
26,4,26_1_4_20170117201452666.jpg,train
44,0,44_0_0_20170120140310249.jpg,train
30,1,30_1_1_20170112212046598.jpg,train
39,0,39_1_0_20170109013531415.jpg,train
2,4,2_1_4_20161221201419633.jpg,train
37,2,37_0_2_20170116192041226.jpg,train
61,3,61_1_3_20170119211810610.jpg,train
55,0,55_1_0_20170117174812952.jpg,train
17,0,17_0_0_20170117193043124.jpg,train
39,3,39_0_3_20170119203939176.jpg,train
46,0,46_0_0_20170117190211346.jpg,train
9,0,9_0_0_20170110215453036.jpg,train
47,0,47_0_0_20170105173254709.jpg,train
27,3,27_0_3_20170104214439206.jpg,train
50,0,50_1_0_20170116235636514.jpg,train
25,1,25_1_1_20170112205157395.jpg,train
33,0,33_1_0_20170117134148014.jpg,train
27,0,27_1_0_20170104021653885.jpg,train
54,1,54_0_1_20170117190009561.jpg,train
18,4,18_1_4_20170103201320721.jpg,train
2,2,2_0_2_20161219161726454.jpg,train
56,0,56_0_0_20170111201143803.jpg,train
28,1,28_1_1_20170117022229804.jpg,train
25,2,25_1_2_20170116175255617.jpg,train
40,2,40_0_2_20170116180919548.jpg,train
28,1,28_0_1_20170117170153595.jpg,train
53,0,53_0_0_20170109012810348.jpg,train
28,2,28_1_2_20170116175834466.jpg,train
26,3,26_0_3_20170104230341769.jpg,train
50,1,50_1_1_20170120222821475.jpg,train
26,2,26_1_2_20170116180824329.jpg,train
26,1,26_1_1_20170113000003360.jpg,train
30,3,30_1_3_20170104235527578.jpg,train
24,1,24_0_1_20170113134042697.jpg,train
24,3,24_0_3_20170119165932823.jpg,train
36,3,36_1_3_20170119202210389.jpg,train
26,1,26_0_1_20170117195559692.jpg,train
25,0,25_0_0_20170117140932120.jpg,train
14,0,14_1_0_20170109204200483.jpg,train
26,2,26_1_2_20170116180548534.jpg,train
28,3,28_1_3_20170104220307950.jpg,train
26,0,26_1_0_20170103180649464.jpg,train
16,0,16_0_0_20170110232108336.jpg,train
20,0,20_1_0_20170117141220570.jpg,train
38,1,38_1_1_20170117184822384.jpg,train
1,2,1_1_2_20161219153514108.jpg,train
30,0,30_0_0_20170117181257163.jpg,train
60,0,60_1_0_20170110154325940.jpg,train
1,2,1_1_2_20161219211512447.jpg,train
40,0,40_0_0_20170117152243349.jpg,train
25,3,25_1_3_20170109134902771.jpg,train
29,1,29_1_1_20170117190506301.jpg,train
65,0,65_1_0_20170110141251497.jpg,train
40,0,40_1_0_20170117172242457.jpg,train
40,0,40_0_0_20170116232837710.jpg,train
56,0,56_0_0_20170109012058588.jpg,train
32,1,32_1_1_20170112235029546.jpg,train
58,3,58_0_3_20170113184919520.jpg,train
58,0,58_0_0_20170117173244401.jpg,train
8,0,8_0_0_20170110215559811.jpg,train
38,0,38_1_0_20170104200929513.jpg,train
11,0,11_1_0_20170109204614249.jpg,train
36,0,36_0_0_20170116011210805.jpg,train
26,2,26_0_2_20170116183022038.jpg,train
18,0,18_1_0_20170109214215051.jpg,train
1,2,1_0_2_20161219162118102.jpg,train
28,4,28_0_4_20170117202418494.jpg,train
26,0,26_1_0_20170116021541440.jpg,train
68,0,68_0_0_20170111203927639.jpg,train
37,0,37_1_0_20170117140111378.jpg,train
27,3,27_1_3_20170119194425057.jpg,train
30,0,30_1_0_20170117160402167.jpg,train
23,0,23_1_0_20170116221715630.jpg,train
3,2,3_1_2_20161219151448835.jpg,train
1,1,1_1_1_20170109192725012.jpg,train
40,3,40_0_3_20170119153228569.jpg,train
20,1,20_0_1_20170113132355967.jpg,train
29,1,29_1_1_20170117184351496.jpg,train
35,2,35_1_2_20170116181314698.jpg,train
54,0,54_0_0_20170117171455802.jpg,train
26,3,26_1_3_20170119193104905.jpg,train
3,0,3_0_0_20170110211516280.jpg,train
9,0,9_1_0_20170109202813775.jpg,train
28,1,28_0_1_20170116210106319.jpg,train
21,0,21_1_0_20170112233431458.jpg,train
28,3,28_0_3_20170119164001559.jpg,train
54,0,54_0_0_20170120223316292.jpg,train
35,1,35_0_1_20170108224707492.jpg,train
24,2,24_1_2_20170116173421517.jpg,train
1,2,1_1_2_20161219202514684.jpg,train
54,0,54_0_0_20170109010246118.jpg,train
21,0,21_1_0_20170105002525812.jpg,train
2,0,2_0_0_20170110213639642.jpg,train
26,4,26_1_4_20170117201501054.jpg,train
1,1,1_0_1_20170110213810856.jpg,train
35,0,35_0_0_20170117120128098.jpg,train
1,0,1_1_0_20170109194432489.jpg,train
60,0,60_0_0_20170120221813583.jpg,train
38,0,38_0_0_20170117135518125.jpg,train
80,0,80_0_0_20170111211508161.jpg,train
35,1,35_0_1_20170117130104546.jpg,train
32,0,32_1_0_20170117134818845.jpg,train
2,2,2_0_2_20161219212329726.jpg,train
28,2,28_1_2_20170116171149086.jpg,train
25,0,25_1_0_20170117141421609.jpg,train
37,0,37_0_0_20170117145704297.jpg,train
34,3,34_0_3_20170119171311776.jpg,train
32,2,32_1_2_20170116182311157.jpg,train
30,1,30_0_1_20170114033434587.jpg,train
30,0,30_1_0_20170117150420803.jpg,train
40,1,40_1_1_20170117022327672.jpg,train
55,0,55_0_0_20170117202731568.jpg,train
60,3,60_0_3_20170117174145046.jpg,train
1,3,1_1_3_20161220143234887.jpg,train
8,0,8_1_0_20170109202720967.jpg,train
24,0,24_1_0_20170117194749524.jpg,train
21,3,21_1_3_20170117141517632.jpg,train
75,0,75_0_0_20170111205314158.jpg,train
25,0,25_0_0_20170117140927352.jpg,train
24,0,24_1_0_20170105184011327.jpg,train
1,4,1_1_4_20170103212116187.jpg,train
37,1,37_1_1_20170116021920799.jpg,train
54,3,54_0_3_20170119210110894.jpg,train
26,4,26_0_4_20170103235609892.jpg,train
26,3,26_1_3_20170119192540907.jpg,train
29,0,29_0_0_20170119195323402.jpg,train
35,0,35_0_0_20170117191246180.jpg,train
2,0,2_1_0_20161219224527744.jpg,train
75,0,75_0_0_20170117192228563.jpg,train
34,3,34_0_3_20170119162817677.jpg,train
23,0,23_0_0_20170116221708213.jpg,train
4,2,4_0_2_20161219200030036.jpg,train
31,1,31_0_1_20170116220207245.jpg,train
35,2,35_1_2_20170116191815209.jpg,train
20,1,20_0_1_20170114030944485.jpg,train
18,0,18_1_0_20170109214248716.jpg,train
52,0,52_0_0_20170120222912410.jpg,train
90,0,90_1_0_20170110180120743.jpg,train
1,2,1_1_2_20161219222144951.jpg,train
16,0,16_1_0_20170109212413425.jpg,train
40,0,40_0_0_20170116211756148.jpg,train
54,0,54_1_0_20170110124214646.jpg,train
25,4,25_0_4_20170117195006460.jpg,train
32,2,32_0_2_20170116162354491.jpg,train
75,0,75_1_0_20170120230123756.jpg,train
50,0,50_1_0_20170110143454148.jpg,train
45,0,45_0_0_20170117185108392.jpg,train
29,1,29_0_1_20170116203358423.jpg,train
53,0,53_1_0_20170110143534851.jpg,train
1,2,1_0_2_20161219161919870.jpg,train
49,0,49_1_0_20170117160608302.jpg,train
24,4,24_0_4_20170117194540395.jpg,train
78,0,78_0_0_20170111200159377.jpg,train
28,3,28_1_3_20170104192939143.jpg,train
18,0,18_1_0_20170109212530499.jpg,train
30,2,30_0_2_20170104022125085.jpg,train
55,0,55_1_0_20170110160643547.jpg,train
26,1,26_1_1_20170112213102254.jpg,train
26,3,26_0_3_20170119181310597.jpg,train
26,0,26_1_0_20170116183936414.jpg,train
23,3,23_0_3_20170119164313321.jpg,train
16,0,16_1_0_20170117193255060.jpg,train
25,3,25_0_3_20170119171240216.jpg,train
56,0,56_0_0_20170111171747473.jpg,train
23,1,23_1_1_20170116234631549.jpg,train
80,0,80_0_0_20170111210305500.jpg,train
25,4,25_1_4_20170103210241074.jpg,train
26,1,26_0_1_20170116024617265.jpg,train
52,0,52_0_0_20170105173217669.jpg,train
34,0,34_0_0_20170104170338177.jpg,train
36,0,36_1_0_20170108224009217.jpg,train
26,3,26_1_3_20170119193141890.jpg,train
30,1,30_1_1_20170116012131745.jpg,train
85,0,85_1_0_20170110184027031.jpg,train
29,2,29_0_2_20170116163503418.jpg,train
54,0,54_0_0_20170120223256415.jpg,train
26,3,26_1_3_20170119193115082.jpg,train
25,3,25_1_3_20170119172143516.jpg,train
30,0,30_1_0_20170117181424196.jpg,train
85,0,85_0_0_20170112224320554.jpg,train
80,0,80_0_0_20170117204632601.jpg,train
50,0,50_0_0_20170111171747287.jpg,train
15,0,15_0_0_20170110232712547.jpg,train
80,0,80_0_0_20170105175505310.jpg,train
62,0,62_0_0_20170111203056771.jpg,train
26,4,26_1_4_20170116181035930.jpg,train
28,2,28_1_2_20170116162611736.jpg,train
42,0,42_0_0_20170117185757210.jpg,train
9,0,9_1_0_20170103212649164.jpg,train
32,3,32_1_3_20170109134440488.jpg,train
54,0,54_1_0_20170117191523029.jpg,train
25,2,25_0_2_20161219193843611.jpg,train
35,0,35_0_0_20170117180411944.jpg,train
4,2,4_1_2_20161219160945062.jpg,train
40,0,40_0_0_20170117135733872.jpg,train
56,0,56_1_0_20170110132132356.jpg,train
56,0,56_0_0_20170120222916505.jpg,train
35,1,35_1_1_20170117154115861.jpg,train
32,1,32_1_1_20170112213321285.jpg,train
22,3,22_1_3_20170104222830398.jpg,train
26,1,26_1_1_20170116011425192.jpg,train
23,0,23_1_0_20170112234124928.jpg,train
26,1,26_1_1_20170116162426080.jpg,train
9,0,9_0_0_20170110225609333.jpg,train
28,1,28_0_1_20170113151347800.jpg,train
54,0,54_0_0_20170117155530206.jpg,train
34,0,34_0_0_20170117120553243.jpg,train
24,1,24_1_1_20170115235804280.jpg,train
26,0,26_0_0_20170103181224784.jpg,train
26,3,26_1_3_20170119193146682.jpg,train
1,0,1_0_0_20170110213438385.jpg,train
28,0,28_0_0_20170117180153864.jpg,train
16,0,16_0_0_20170110232724382.jpg,train
8,0,8_1_0_20170109202748999.jpg,train
35,1,35_1_1_20170109132740903.jpg,train
30,0,30_0_0_20170109015231305.jpg,train
37,0,37_1_0_20170117160423705.jpg,train
30,2,30_1_2_20170116162552501.jpg,train
63,0,63_0_0_20170117194911622.jpg,train
47,0,47_1_0_20170117160238720.jpg,train
39,0,39_0_0_20170104204646508.jpg,train
54,0,54_0_0_20170120222512479.jpg,train
19,0,19_1_0_20170104012012331.jpg,train
47,0,47_0_0_20170119202349909.jpg,train
34,0,34_1_0_20170113000558603.jpg,train
29,1,29_1_1_20170116231920226.jpg,train
35,1,35_1_1_20170117142925468.jpg,train
36,0,36_1_0_20170108230047374.jpg,train
47,0,47_1_0_20170109011110873.jpg,train
5,2,5_1_2_20161219142641921.jpg,train
31,0,31_0_0_20170117181758364.jpg,train
35,0,35_0_0_20170117190418977.jpg,train
32,1,32_0_1_20170113001102379.jpg,train
9,0,9_0_0_20170110220623658.jpg,train
35,0,35_0_0_20170117190337506.jpg,train
1,2,1_1_2_20161219155909061.jpg,train
28,1,28_0_1_20170112211816014.jpg,train
26,1,26_0_1_20170116182622730.jpg,train
9,0,9_0_0_20170110215523228.jpg,train
36,0,36_0_0_20170104173002256.jpg,train
40,0,40_1_0_20170116211621237.jpg,train
43,0,43_0_0_20170105163903084.jpg,train
32,0,32_1_0_20170120220848324.jpg,train
54,0,54_0_0_20170120223411117.jpg,train
65,0,65_0_0_20170117204225231.jpg,train
18,0,18_1_0_20170109213137477.jpg,train
47,3,47_0_3_20170119205241615.jpg,train
54,3,54_1_3_20170119211351832.jpg,train
32,0,32_1_0_20170117134816396.jpg,train
58,0,58_0_0_20170117193913647.jpg,train
42,0,42_0_0_20170119204245311.jpg,train
35,0,35_0_0_20170117145856290.jpg,train
23,0,23_1_0_20170117145123986.jpg,train
26,1,26_0_1_20170113135516970.jpg,train
50,0,50_0_0_20170117185805681.jpg,train
80,0,80_0_0_20170111211335909.jpg,train
16,0,16_1_0_20170117133441179.jpg,train
26,3,26_1_3_20170119155121850.jpg,train
43,0,43_0_0_20170109002737188.jpg,train
56,0,56_0_0_20170109012151633.jpg,train
26,3,26_0_3_20170117190118385.jpg,train
30,1,30_1_1_20170113001206682.jpg,train
85,0,85_1_0_20170120230302610.jpg,train
62,1,62_1_1_20170113142332748.jpg,train
31,0,31_1_0_20170119150929511.jpg,train
35,3,35_0_3_20170117190400401.jpg,train
24,3,24_1_3_20170119164644510.jpg,train
53,0,53_1_0_20170110154604352.jpg,train
28,4,28_1_4_20170103182235849.jpg,train
45,0,45_0_0_20170117183226150.jpg,train
20,0,20_1_0_20170109214040024.jpg,train
69,0,69_0_0_20170104184543900.jpg,train
28,0,28_0_0_20170117180145941.jpg,train
24,1,24_0_1_20170113134105544.jpg,train
54,0,54_1_0_20170117204602160.jpg,train
28,1,28_0_1_20170113150932640.jpg,train
29,1,29_0_1_20170113151537906.jpg,train
1,2,1_0_2_20161219140811232.jpg,train
36,0,36_0_0_20170104170039505.jpg,train
14,0,14_0_0_20170110220621497.jpg,train
26,1,26_0_1_20170113152835192.jpg,train
8,0,8_1_0_20170103200353070.jpg,train
30,0,30_1_0_20170104185704638.jpg,train
32,1,32_0_1_20170113134657712.jpg,train
24,4,24_1_4_20170103224531167.jpg,train
20,0,20_1_0_20170105002441599.jpg,train
26,3,26_1_3_20170104214731389.jpg,train
36,3,36_1_3_20170109141816261.jpg,train
25,2,25_1_2_20170104020903060.jpg,train
18,0,18_1_0_20170117135753337.jpg,train
30,3,30_1_3_20170104232539161.jpg,train
23,1,23_0_1_20170114033438130.jpg,train
26,1,26_1_1_20170116164838750.jpg,train
2,0,2_1_0_20170110213605785.jpg,train
30,2,30_0_2_20170116165153226.jpg,train
40,1,40_0_1_20170113174431769.jpg,train
2,0,2_0_0_20161219204329404.jpg,train
20,0,20_0_0_20170113184350758.jpg,train
58,0,58_0_0_20170111222133830.jpg,train
56,0,56_0_0_20170105164901731.jpg,train
1,0,1_0_0_20170110211537870.jpg,train
58,3,58_0_3_20170119211543234.jpg,train
26,0,26_1_0_20170116234644899.jpg,train
26,3,26_1_3_20170104235016242.jpg,train
30,2,30_1_2_20170116191316723.jpg,train
26,0,26_1_0_20170104165807080.jpg,train
26,0,26_0_0_20170119184314895.jpg,train
14,0,14_1_0_20170109204846649.jpg,train
31,0,31_1_0_20170117164753761.jpg,train
3,0,3_0_0_20170110212729799.jpg,train
21,3,21_1_3_20170105000657779.jpg,train
19,0,19_1_0_20170109205400352.jpg,train
35,1,35_1_1_20170117022217421.jpg,train
80,0,80_1_0_20170110154553925.jpg,train
31,1,31_0_1_20170117130014250.jpg,train
35,0,35_0_0_20170116201412933.jpg,train
70,0,70_1_0_20170110122856556.jpg,train
37,0,37_0_0_20170109013431279.jpg,train
4,2,4_1_2_20161219141110241.jpg,train
36,3,36_0_3_20170117135523728.jpg,train
34,0,34_0_0_20170117121628625.jpg,train
5,2,5_1_2_20161219203519084.jpg,train
27,0,27_0_0_20170116205311022.jpg,train
65,0,65_1_0_20170110140917161.jpg,train
3,2,3_1_2_20161219160306229.jpg,train
42,1,42_0_1_20170116205000015.jpg,train
26,1,26_0_1_20170116210358725.jpg,train
30,0,30_0_0_20170117181320940.jpg,train
32,0,32_1_0_20170117134802979.jpg,train
39,0,39_0_0_20170116222959772.jpg,train
4,0,4_0_0_20170110213536030.jpg,train
26,2,26_1_2_20170116184147278.jpg,train
16,0,16_1_0_20170104011815680.jpg,train
22,2,22_0_2_20170116172135035.jpg,train
27,0,27_0_0_20170117195011835.jpg,train
26,0,26_0_0_20170116232725357.jpg,train
35,3,35_0_3_20170117145451366.jpg,train
3,0,3_1_0_20170109192805549.jpg,train
75,0,75_0_0_20170111205905746.jpg,train
26,3,26_1_3_20170119193149338.jpg,train
21,4,21_1_4_20170103230521217.jpg,train
26,3,26_0_3_20170119181351882.jpg,train
39,0,39_0_0_20170104204347174.jpg,train
21,2,21_1_2_20170116171706610.jpg,train
26,3,26_1_3_20170117174123429.jpg,train
60,0,60_0_0_20170104184751214.jpg,train
27,0,27_1_0_20170117120650933.jpg,train
1,2,1_1_2_20161219162243182.jpg,train
40,3,40_0_3_20170117131047444.jpg,train
32,0,32_0_0_20170116030520611.jpg,train
1,4,1_0_4_20161221201909505.jpg,train
25,3,25_0_3_20170119171147449.jpg,train
35,1,35_1_1_20170117154137390.jpg,train
22,1,22_1_1_20170114025927882.jpg,train
23,3,23_0_3_20170119163838933.jpg,train
21,3,21_0_3_20170119154042345.jpg,train
24,2,24_1_2_20170116163909292.jpg,train
50,0,50_0_0_20170116173610061.jpg,train
49,0,49_1_0_20170104185652921.jpg,train
22,1,22_0_1_20170113155002433.jpg,train
34,0,34_0_0_20170104204354155.jpg,train
26,2,26_1_2_20170116184636519.jpg,train
22,4,22_1_4_20170103223216583.jpg,train
1,0,1_1_0_20170109191226882.jpg,train
26,4,26_1_4_20170117200213443.jpg,train
34,0,34_1_0_20170120221017644.jpg,train
1,0,1_1_0_20170109191253730.jpg,train
25,0,25_1_0_20170103180911281.jpg,train
51,0,51_0_0_20170117172522285.jpg,train
52,3,52_0_3_20170119205639336.jpg,train
45,0,45_0_0_20170120220710500.jpg,train
26,0,26_1_0_20170117201918694.jpg,train
35,0,35_0_0_20170104172415386.jpg,train
32,3,32_1_3_20170119200442044.jpg,train
35,2,35_0_2_20170116191244597.jpg,train
35,0,35_0_0_20170117135013511.jpg,train
26,1,26_0_1_20170117194404976.jpg,train
32,0,32_0_0_20170116201315769.jpg,train
8,0,8_0_0_20170110220157082.jpg,train
18,1,18_0_1_20170113135429329.jpg,train
35,0,35_0_0_20170116223921881.jpg,train
20,0,20_0_0_20170117141002911.jpg,train
27,0,27_0_0_20170117175604992.jpg,train
22,0,22_0_0_20170117193852875.jpg,train
10,0,10_0_0_20170103233459275.jpg,train
58,0,58_1_0_20170110152944615.jpg,train
47,0,47_0_0_20170109012454632.jpg,train
24,0,24_0_0_20170117135702616.jpg,train
26,2,26_1_2_20170116184149022.jpg,train
24,3,24_0_3_20170120133949638.jpg,train
27,0,27_0_0_20170116182634081.jpg,train
45,1,45_1_1_20170112215205776.jpg,train
75,0,75_0_0_20170117174808021.jpg,train
34,0,34_0_0_20170117134908039.jpg,train
35,2,35_0_2_20170116172936477.jpg,train
60,0,60_1_0_20170110122608034.jpg,train
26,0,26_0_0_20170108235818665.jpg,train
26,1,26_1_1_20170116155758186.jpg,train
1,4,1_0_4_20161221192548675.jpg,train
16,0,16_0_0_20170116235030195.jpg,train
50,0,50_0_0_20170120222013757.jpg,train
43,3,43_0_3_20170119153259240.jpg,train
56,0,56_0_0_20170111195908482.jpg,train
54,0,54_0_0_20170117163722426.jpg,train
24,1,24_1_1_20170116022047558.jpg,train
24,0,24_0_0_20170117150120578.jpg,train
23,4,23_0_4_20170117194045437.jpg,train
35,3,35_0_3_20170104214512933.jpg,train
4,0,4_1_0_20161219153720476.jpg,train
58,1,58_0_1_20170117193000518.jpg,train
23,4,23_1_4_20170117144906730.jpg,train
70,0,70_1_0_20170117175349979.jpg,train
22,2,22_0_2_20170104021129925.jpg,train
18,0,18_1_0_20170109213102446.jpg,train
29,1,29_1_1_20170112214954671.jpg,train
73,0,73_1_0_20170110160644079.jpg,train
85,0,85_1_0_20170110183621661.jpg,train
26,1,26_1_1_20170116160509916.jpg,train
26,1,26_1_1_20170116153419888.jpg,train
7,0,7_1_0_20170104005639246.jpg,train
27,0,27_0_0_20170117175631490.jpg,train
36,3,36_0_3_20170119201742501.jpg,train
38,0,38_0_0_20170104165306497.jpg,train
1,4,1_1_4_20161221193741869.jpg,train
29,0,29_0_0_20170116221002399.jpg,train
29,2,29_1_2_20170116165527351.jpg,train
7,0,7_1_0_20170109194702900.jpg,train
2,2,2_0_2_20161219204927996.jpg,train
23,4,23_1_4_20170103223615095.jpg,train
25,0,25_1_0_20170116165420657.jpg,train
28,0,28_0_0_20170104022908893.jpg,train
32,1,32_1_1_20170113000027033.jpg,train
16,0,16_1_0_20170109214342165.jpg,train
24,2,24_1_2_20170116171158821.jpg,train
75,0,75_0_0_20170117191812939.jpg,train
26,0,26_0_0_20170117173239213.jpg,train
18,0,18_1_0_20170109214309566.jpg,train
50,0,50_0_0_20170117160625526.jpg,train
2,4,2_0_4_20161221202339874.jpg,train
26,0,26_1_0_20170116184604799.jpg,train
2,2,2_0_2_20161219222236983.jpg,train
63,0,63_0_0_20170120225659313.jpg,train
37,0,37_0_0_20170109004257626.jpg,train
25,1,25_1_1_20170116003155558.jpg,train
14,0,14_0_0_20170110224528797.jpg,train
28,1,28_0_1_20170109012501213.jpg,train
55,0,55_0_0_20170111202253255.jpg,train
36,0,36_1_0_20170117135848980.jpg,train
24,1,24_0_1_20170112204730931.jpg,train
1,0,1_1_0_20170109191440780.jpg,train
26,1,26_0_1_20170116024208336.jpg,train
26,0,26_0_0_20170120134635670.jpg,train
4,0,4_1_0_20170109190824547.jpg,train
85,0,85_1_0_20170110182858189.jpg,train
2,4,2_1_4_20161221202243153.jpg,train
1,2,1_0_2_20161219161616326.jpg,train
40,1,40_1_1_20170116162028041.jpg,train
26,3,26_1_3_20170104222736351.jpg,train
37,1,37_1_1_20170117014034055.jpg,train
26,3,26_1_3_20170117174445062.jpg,train
24,1,24_1_1_20170112192336718.jpg,train
38,0,38_0_0_20170117130651744.jpg,train
9,0,9_0_0_20170110220133114.jpg,train
29,1,29_0_1_20170116194416791.jpg,train
45,0,45_0_0_20170104194418815.jpg,train
28,2,28_1_2_20170116164552683.jpg,train
65,0,65_0_0_20170117191819572.jpg,train
3,0,3_0_0_20170110213041017.jpg,train
27,2,27_1_2_20170104020617357.jpg,train
1,3,1_0_3_20161220145156367.jpg,train
30,2,30_0_2_20170117181254308.jpg,train
58,0,58_0_0_20170113190620672.jpg,train
28,4,28_0_4_20170116210338902.jpg,train
61,0,61_0_0_20170109015526938.jpg,train
45,3,45_1_3_20170119194342179.jpg,train
23,3,23_0_3_20170119151313942.jpg,train
1,0,1_0_0_20170109194232519.jpg,train
43,0,43_1_0_20170105173019341.jpg,train
35,0,35_0_0_20170117201026397.jpg,train
24,4,24_1_4_20170117150727939.jpg,train
65,0,65_1_0_20170117173915503.jpg,train
32,1,32_0_1_20170113141038018.jpg,train
34,0,34_1_0_20170117134930254.jpg,train
2,0,2_1_0_20170109191720148.jpg,train
54,0,54_1_0_20170117171158860.jpg,train
24,3,24_1_3_20170117150638948.jpg,train
1,2,1_1_2_20161219204542005.jpg,train
8,0,8_1_0_20170109194048333.jpg,train
26,1,26_0_1_20170116204954485.jpg,train
28,0,28_0_0_20170117180609562.jpg,train
30,1,30_0_1_20170113195438285.jpg,train
1,2,1_0_2_20161219142357561.jpg,train
28,1,28_1_1_20170113002039715.jpg,train
30,1,30_0_1_20170113141846612.jpg,train
20,0,20_1_0_20170103175634288.jpg,train
26,1,26_1_1_20170112213016277.jpg,train
70,0,70_0_0_20170104185854046.jpg,train
40,0,40_0_0_20170117181809634.jpg,train
28,0,28_1_0_20170109141748286.jpg,train
35,4,35_0_4_20170117194507893.jpg,train
30,1,30_0_1_20170117181249594.jpg,train
39,0,39_1_0_20170116001012194.jpg,train
32,3,32_0_3_20170117120902726.jpg,train
32,0,32_1_0_20170105163404036.jpg,train
2,2,2_1_2_20161219151404675.jpg,train
57,0,57_1_0_20170104235338307.jpg,train
26,0,26_1_0_20170117174148184.jpg,train
53,0,53_0_0_20170116232802899.jpg,train
34,1,34_0_1_20170117141355339.jpg,train
40,2,40_0_2_20170116222054321.jpg,train
73,0,73_0_0_20170120224040208.jpg,train
25,4,25_0_4_20170114034244572.jpg,train
22,0,22_1_0_20170116220936851.jpg,train
36,1,36_1_1_20170117094930388.jpg,train
22,2,22_1_2_20170116165605354.jpg,train
35,0,35_0_0_20170117170852134.jpg,train
25,0,25_0_0_20170117140540912.jpg,train
31,1,31_0_1_20170117135549723.jpg,train
27,2,27_1_2_20170116165542007.jpg,train
50,0,50_0_0_20170120133257846.jpg,train
69,0,69_1_0_20170110132156065.jpg,train
25,3,25_1_3_20170119172028785.jpg,train
30,0,30_0_0_20170119180139147.jpg,train
32,1,32_1_1_20170116002032659.jpg,train
58,0,58_0_0_20170111223603548.jpg,train
30,2,30_1_2_20170116162446989.jpg,train
1,3,1_0_3_20161219225635520.jpg,train
2,3,2_0_3_20161220222446715.jpg,train
26,0,26_0_0_20170117172153925.jpg,train
29,2,29_1_2_20170104021748445.jpg,train
57,0,57_0_0_20170117172537601.jpg,train
25,0,25_0_0_20170117144403034.jpg,train
50,0,50_1_0_20170117160740015.jpg,train
36,1,36_1_1_20170109141849605.jpg,train
2,0,2_0_0_20170110211457583.jpg,train
50,1,50_1_1_20170117145027850.jpg,train
6,0,6_1_0_20170109204539812.jpg,train
26,1,26_0_1_20170113133114391.jpg,train
32,0,32_0_0_20170117120858247.jpg,train
45,0,45_1_0_20170117193323733.jpg,train
31,4,31_0_4_20170116214318093.jpg,train
72,0,72_1_0_20170110182012800.jpg,train
34,1,34_0_1_20170117014101849.jpg,train
27,4,27_1_4_20170117175508442.jpg,train
14,0,14_1_0_20170103200702463.jpg,train
24,0,24_1_0_20170104234624491.jpg,train
10,0,10_0_0_20170110224238891.jpg,train
35,0,35_1_0_20170117121936119.jpg,train
2,4,2_1_4_20161221202436617.jpg,train
1,4,1_1_4_20161221193821215.jpg,train
24,2,24_1_2_20170116163720881.jpg,train
54,3,54_0_3_20170119210231791.jpg,train
29,1,29_0_1_20170113173049224.jpg,train
26,2,26_1_2_20170116184553462.jpg,train
58,0,58_1_0_20170104212157395.jpg,train
26,2,26_0_2_20170104023216134.jpg,train
23,1,23_0_1_20170113195604509.jpg,train
1,0,1_1_0_20170109191156705.jpg,train
24,2,24_1_2_20170116165445234.jpg,train
30,1,30_1_1_20170112215101145.jpg,train
32,1,32_0_1_20170117140659728.jpg,train
26,1,26_0_1_20170113181413611.jpg,train
70,0,70_0_0_20170117173242519.jpg,train
53,0,53_0_0_20170109012709495.jpg,train
31,1,31_0_1_20170116003537510.jpg,train
45,1,45_0_1_20170117194133909.jpg,train
18,1,18_0_1_20170113151656761.jpg,train
21,3,21_0_3_20170119155412162.jpg,train
8,0,8_0_0_20170110215609467.jpg,train
63,0,63_0_0_20170104213529213.jpg,train
27,3,27_1_3_20170104220643526.jpg,train
65,0,65_0_0_20170111210002336.jpg,train
54,3,54_0_3_20170119210101042.jpg,train
30,0,30_1_0_20170105164713380.jpg,train
26,3,26_1_3_20170109134328289.jpg,train
37,0,37_0_0_20170117120612576.jpg,train
29,3,29_1_3_20170104232729436.jpg,train
14,0,14_1_0_20170104013351986.jpg,train
24,0,24_0_0_20170116221910075.jpg,train
42,1,42_1_1_20170113012041287.jpg,train
26,1,26_0_1_20170116210432431.jpg,train
50,1,50_0_1_20170120220929108.jpg,train
29,2,29_1_2_20170116161428854.jpg,train
44,3,44_0_3_20170119160244545.jpg,train
40,0,40_0_0_20170117182249476.jpg,train
32,1,32_1_1_20170116222946705.jpg,train
24,0,24_0_0_20170119150204399.jpg,train
29,2,29_1_2_20170116192058227.jpg,train
30,0,30_0_0_20170117181259219.jpg,train
61,1,61_0_1_20170113175415829.jpg,train
26,1,26_1_1_20170117172351702.jpg,train
1,0,1_0_0_20170103210905939.jpg,train
20,1,20_1_1_20170112230742277.jpg,train
24,1,24_0_1_20170113181434238.jpg,train
28,1,28_0_1_20170112211810813.jpg,train
37,1,37_0_1_20170117164236409.jpg,train
30,0,30_1_0_20170117114647665.jpg,train
35,0,35_0_0_20170117170113915.jpg,train
26,2,26_1_2_20170116180315571.jpg,train
47,0,47_0_0_20170104210353956.jpg,train
35,0,35_1_0_20170103182733994.jpg,train
4,2,4_1_2_20161219154653077.jpg,train
52,0,52_1_0_20170119202531405.jpg,train
40,0,40_1_0_20170117180655625.jpg,train
35,1,35_0_1_20170117143202320.jpg,train
32,0,32_0_0_20170116191447918.jpg,train
1,2,1_1_2_20161219202741628.jpg,train
50,0,50_0_0_20170117160733057.jpg,train
26,1,26_1_1_20170116014015136.jpg,train
28,2,28_1_2_20170116163407435.jpg,train
35,3,35_0_3_20170119201245052.jpg,train
17,0,17_1_0_20170109213929449.jpg,train
45,3,45_0_3_20170117154205339.jpg,train
35,1,35_1_1_20170117135357361.jpg,train
36,1,36_0_1_20170113184204256.jpg,train
27,4,27_0_4_20170104002159117.jpg,train
31,0,31_0_0_20170114031005703.jpg,train
80,0,80_0_0_20170111205541652.jpg,train
3,0,3_1_0_20170109193426320.jpg,train
36,1,36_1_1_20170117171355933.jpg,train
70,0,70_0_0_20170120223312220.jpg,train
26,3,26_0_3_20170119180621828.jpg,train
50,0,50_1_0_20170117174644414.jpg,train
24,0,24_1_0_20170117150642259.jpg,train
52,1,52_0_1_20170120222557074.jpg,train
1,2,1_0_2_20161219161625326.jpg,train
30,0,30_1_0_20170117134255854.jpg,train
1,3,1_0_3_20161219225121728.jpg,train
26,1,26_1_1_20170112204005344.jpg,train
60,0,60_0_0_20170104213241125.jpg,train
58,0,58_0_0_20170105173531229.jpg,train
10,0,10_1_0_20170109203917216.jpg,train
34,0,34_0_0_20170119180649883.jpg,train
30,1,30_0_1_20170117123915360.jpg,train
34,0,34_1_0_20170104170153185.jpg,train
28,1,28_0_1_20170116192538185.jpg,train
35,0,35_0_0_20170109002832784.jpg,train
53,0,53_1_0_20170110141355976.jpg,train
24,3,24_0_3_20170119164647197.jpg,train
65,0,65_1_0_20170110132559859.jpg,train
35,2,35_0_2_20170116172939892.jpg,train
27,1,27_1_1_20170116022001556.jpg,train
28,3,28_0_3_20170119211740328.jpg,train
24,2,24_1_2_20170116174520246.jpg,train
42,0,42_0_0_20170104172830274.jpg,train
32,0,32_0_0_20170117130014250.jpg,train
15,0,15_1_0_20170109213537150.jpg,train
39,1,39_0_1_20170113174638723.jpg,train
30,2,30_1_2_20170105170141222.jpg,train
37,0,37_0_0_20170109013120280.jpg,train
29,1,29_0_1_20170113134101015.jpg,train
3,0,3_0_0_20170110212707387.jpg,train
36,1,36_0_1_20170116010623450.jpg,train
26,0,26_0_0_20170117195612332.jpg,train
41,0,41_0_0_20170104205956308.jpg,train
32,0,32_1_0_20170104204331019.jpg,train
26,1,26_1_1_20170116223057328.jpg,train
2,3,2_1_3_20161219225435504.jpg,train
16,0,16_1_0_20170109214415828.jpg,train
40,0,40_0_0_20170117133705952.jpg,train
8,0,8_1_0_20170109205127726.jpg,train
24,4,24_1_4_20170103233659572.jpg,train
14,0,14_0_0_20170110224516539.jpg,train
29,1,29_0_1_20170114030901209.jpg,train
21,3,21_1_3_20170119150704613.jpg,train
28,0,28_1_0_20170117122009585.jpg,train
26,3,26_0_3_20170104230403674.jpg,train
35,0,35_0_0_20170117191345092.jpg,train
26,0,26_0_0_20170120134052839.jpg,train
27,2,27_0_2_20170119193327146.jpg,train
26,0,26_1_0_20170116214300865.jpg,train
50,0,50_1_0_20170117121926916.jpg,train
5,0,5_1_0_20161219153633244.jpg,train
26,0,26_0_0_20170103181004512.jpg,train
35,3,35_0_3_20170119201209708.jpg,train
26,3,26_0_3_20170119180328460.jpg,train
65,0,65_0_0_20170111210651348.jpg,train
48,3,48_0_3_20170109141132255.jpg,train
8,0,8_1_0_20170109205258890.jpg,train
26,1,26_0_1_20170116030153348.jpg,train
53,0,53_0_0_20170117161104318.jpg,train
67,0,67_1_0_20170110140452381.jpg,train
61,0,61_1_0_20170117192157499.jpg,train
27,2,27_0_2_20170116165457643.jpg,train
1,2,1_0_2_20161219204619652.jpg,train
24,2,24_1_2_20170116171024225.jpg,train
26,1,26_1_1_20170113011757664.jpg,train
35,0,35_0_0_20170117135217922.jpg,train
26,0,26_0_0_20170117200135805.jpg,train
62,0,62_0_0_20170111200849717.jpg,train
52,0,52_0_0_20170113183752750.jpg,train
1,2,1_0_2_20161219204845029.jpg,train
40,0,40_0_0_20170117000342028.jpg,train
34,3,34_1_3_20170105000852573.jpg,train
16,0,16_1_0_20170105000748206.jpg,train
30,2,30_1_2_20170116191236376.jpg,train
45,0,45_0_0_20170117204641954.jpg,train
37,1,37_0_1_20170116002833730.jpg,train
38,1,38_1_1_20170116020420048.jpg,train
20,3,20_1_3_20170104231832057.jpg,train
28,2,28_0_2_20170116190050357.jpg,train
30,0,30_1_0_20170117144955746.jpg,train
24,3,24_0_3_20170119165651324.jpg,train
9,0,9_0_0_20170110224611885.jpg,train
30,0,30_1_0_20170117181548404.jpg,train
36,0,36_0_0_20170117183118966.jpg,train
32,1,32_0_1_20170116030427547.jpg,train
36,1,36_0_1_20170120221302965.jpg,train
25,3,25_0_3_20170104214558568.jpg,train
2,2,2_0_2_20161219191202354.jpg,train
55,0,55_1_0_20170109220443515.jpg,train
55,0,55_0_0_20170109011808484.jpg,train
2,2,2_1_2_20170109194508114.jpg,train
2,2,2_1_2_20161219211300054.jpg,train
45,0,45_1_0_20170117175326912.jpg,train
58,0,58_0_0_20170117191839091.jpg,train
32,1,32_1_1_20170117140855418.jpg,train
54,3,54_0_3_20170104202315035.jpg,train
38,0,38_1_0_20170104184812557.jpg,train
21,2,21_0_2_20170112192931470.jpg,train
54,3,54_1_3_20170119202248869.jpg,train
28,3,28_1_3_20170109132749602.jpg,train
30,2,30_0_2_20170116172833941.jpg,train
1,2,1_0_2_20161219161948254.jpg,train
14,0,14_0_0_20170110224445654.jpg,train
4,0,4_1_0_20170109190928456.jpg,train
36,1,36_0_1_20170117163255045.jpg,train
28,1,28_0_1_20170117020911129.jpg,train
37,0,37_1_0_20170103181740689.jpg,train
2,4,2_1_4_20170117193349661.jpg,train
26,0,26_1_0_20170116234614748.jpg,train
26,2,26_0_2_20170116181236791.jpg,train
2,2,2_0_2_20161219151045020.jpg,train
22,3,22_0_3_20170119144723733.jpg,train
35,0,35_1_0_20170116222143959.jpg,train
7,0,7_1_0_20170109200858883.jpg,train
26,3,26_1_3_20170119180415252.jpg,train
29,0,29_1_0_20170113012617623.jpg,train
27,3,27_0_3_20170119193231250.jpg,train
32,1,32_1_1_20170116232547353.jpg,train
18,0,18_1_0_20170109214559082.jpg,train
24,1,24_1_1_20170112192317300.jpg,train
18,0,18_1_0_20170109213931089.jpg,train
1,2,1_0_2_20161219160107597.jpg,train
90,0,90_0_0_20170111211415063.jpg,train
58,0,58_0_0_20170120224627678.jpg,train
24,0,24_1_0_20170103163127424.jpg,train
24,2,24_1_2_20170116174531148.jpg,train
1,2,1_1_2_20161219222151847.jpg,train
24,4,24_1_4_20170117194848067.jpg,train
26,2,26_1_2_20170116184443484.jpg,train
2,4,2_1_4_20161221192821980.jpg,train
49,3,49_1_3_20170104231642491.jpg,train
26,1,26_0_1_20170113133259775.jpg,train
32,0,32_1_0_20170113001614997.jpg,train
2,4,2_0_4_20161221203017368.jpg,train
26,4,26_1_4_20170103234115237.jpg,train
24,2,24_1_2_20170116192946857.jpg,train
37,3,37_0_3_20170119202302736.jpg,train
85,0,85_1_0_20170110183935393.jpg,train
24,1,24_0_1_20170113180916549.jpg,train
2,2,2_0_2_20161219162438366.jpg,train
23,3,23_1_3_20170119164537949.jpg,train
1,3,1_0_3_20161220143046087.jpg,train
25,0,25_0_0_20170113210126947.jpg,train
1,2,1_0_2_20161219212535950.jpg,train
45,0,45_0_0_20170120220616729.jpg,train
4,0,4_1_0_20170109191412927.jpg,train
24,1,24_0_1_20170113151046472.jpg,train
58,0,58_0_0_20170117160230063.jpg,train
40,2,40_1_2_20170116191703413.jpg,train
22,1,22_1_1_20170114025247512.jpg,train
90,0,90_0_0_20170111210057456.jpg,train
30,3,30_1_3_20170117181345172.jpg,train
45,0,45_0_0_20170116224903727.jpg,train
37,0,37_1_0_20170117022104951.jpg,train
28,0,28_0_0_20170105162616443.jpg,train
1,0,1_0_0_20170110205418587.jpg,train
26,2,26_1_2_20170116175850875.jpg,train
30,1,30_0_1_20170117171808851.jpg,train
35,1,35_0_1_20170117185851939.jpg,train
23,0,23_0_0_20170117194023317.jpg,train
50,3,50_0_3_20170119203831751.jpg,train
26,3,26_1_3_20170104223130527.jpg,train
23,0,23_1_0_20170117144740562.jpg,train
2,4,2_1_4_20161221202428169.jpg,train
42,1,42_1_1_20170113135411027.jpg,train
2,2,2_0_2_20161219190509034.jpg,train
26,2,26_0_2_20170116175439275.jpg,train
12,0,12_1_0_20170109204815030.jpg,train
52,0,52_1_0_20170104210704511.jpg,train
30,2,30_1_2_20170116201553981.jpg,train
55,0,55_0_0_20170117155215077.jpg,train
16,0,16_0_0_20170110231218369.jpg,train
40,2,40_0_2_20170116192745755.jpg,train
2,3,2_1_3_20161219230741625.jpg,train
1,4,1_1_4_20161221192832972.jpg,train
3,2,3_1_2_20161219205457437.jpg,train
10,0,10_1_0_20170110220649364.jpg,train
36,0,36_1_0_20170103182848826.jpg,train
42,3,42_1_3_20170119155657771.jpg,train
29,0,29_0_0_20170104170538793.jpg,train
35,1,35_0_1_20170117172831584.jpg,train
22,1,22_1_1_20170105183837056.jpg,train
30,2,30_1_2_20170116164700568.jpg,train
18,0,18_1_0_20170109214241069.jpg,train
50,0,50_0_0_20170113184603160.jpg,train
26,3,26_1_3_20170104223100991.jpg,train
26,3,26_0_3_20170119184304215.jpg,train
26,0,26_1_0_20170116192554607.jpg,train
65,0,65_0_0_20170111200641250.jpg,train
26,2,26_0_2_20170116180352453.jpg,train
34,0,34_1_0_20170105001216267.jpg,train
26,2,26_1_2_20170116184132900.jpg,train
22,3,22_1_3_20170117143926531.jpg,train
21,4,21_1_4_20170103224438000.jpg,train
2,3,2_1_3_20161219225738912.jpg,train
32,1,32_1_1_20170112213013302.jpg,train
25,2,25_0_2_20170119145148646.jpg,train
32,0,32_1_0_20170116201719833.jpg,train
35,3,35_0_3_20170109132951262.jpg,train
36,0,36_1_0_20170104164857729.jpg,train
3,2,3_0_2_20161219190552779.jpg,train
21,3,21_1_3_20170104231633619.jpg,train
36,1,36_1_1_20170116173339947.jpg,train
26,0,26_1_0_20170117200517726.jpg,train
65,0,65_0_0_20170111205215087.jpg,train
53,0,53_1_0_20170109220957462.jpg,train
26,3,26_0_3_20170117154913436.jpg,train
28,0,28_1_0_20170116213524092.jpg,train
8,0,8_1_0_20170109202407288.jpg,train
58,0,58_0_0_20170104213007932.jpg,train
26,3,26_0_3_20170119180602948.jpg,train
24,0,24_0_0_20170116222146786.jpg,train
65,1,65_0_1_20170117191610001.jpg,train
32,0,32_0_0_20170104202207601.jpg,train
27,0,27_1_0_20170117010411661.jpg,train
65,0,65_0_0_20170117162833004.jpg,train
40,0,40_0_0_20170116232730548.jpg,train
35,1,35_0_1_20170115235553533.jpg,train
32,0,32_0_0_20170116192811043.jpg,train
50,0,50_0_0_20170111200954229.jpg,train
47,0,47_0_0_20170105173009578.jpg,train
65,1,65_0_1_20170113184825438.jpg,train
30,1,30_1_1_20170112235107208.jpg,train
30,0,30_1_0_20170104165043953.jpg,train
17,0,17_0_0_20170116182812470.jpg,train
35,0,35_1_0_20170105162234814.jpg,train
1,2,1_0_2_20161219212929702.jpg,train
26,1,26_0_1_20170113151515272.jpg,train
26,3,26_0_3_20170104214717941.jpg,train
26,1,26_1_1_20170103181931657.jpg,train
26,4,26_0_4_20170117195915493.jpg,train
57,0,57_1_0_20170109220740803.jpg,train
30,3,30_0_3_20170117130930922.jpg,train
29,0,29_0_0_20170104165947522.jpg,train
70,0,70_0_0_20170117174841157.jpg,train
37,1,37_0_1_20170117135940308.jpg,train
22,2,22_1_2_20170116172706771.jpg,train
32,2,32_0_2_20170116162322805.jpg,train
1,0,1_1_0_20170109193401456.jpg,train
26,0,26_1_0_20170103182026289.jpg,train
2,0,2_1_0_20161219154424381.jpg,train
56,0,56_1_0_20170104171527362.jpg,train
25,3,25_1_3_20170105000930603.jpg,train
35,1,35_0_1_20170113173010410.jpg,train
25,0,25_1_0_20170119172029833.jpg,train
30,0,30_1_0_20170116223846422.jpg,train
32,0,32_0_0_20170117123734515.jpg,train
35,0,35_0_0_20170117135252857.jpg,train
62,0,62_1_0_20170109142055018.jpg,train
43,1,43_0_1_20170117165517973.jpg,train
54,0,54_0_0_20170104212608413.jpg,train
50,0,50_1_0_20170117191742980.jpg,train
26,2,26_1_2_20170116182219997.jpg,train
8,0,8_0_0_20170110220246250.jpg,train
24,0,24_1_0_20170117120938226.jpg,train
29,0,29_1_0_20170103181157688.jpg,train
26,2,26_0_2_20170116165230359.jpg,train
26,0,26_1_0_20170117105747119.jpg,train
22,0,22_0_0_20170116220518146.jpg,train
26,1,26_1_1_20170112212048675.jpg,train
32,3,32_0_3_20170113190504936.jpg,train
31,1,31_0_1_20170117135654395.jpg,train
63,0,63_0_0_20170104212616357.jpg,train
1,0,1_0_0_20161219190621290.jpg,train
16,0,16_0_0_20170110232742700.jpg,train
45,1,45_0_1_20170113182926126.jpg,train
56,0,56_1_0_20170110141656511.jpg,train
4,0,4_0_0_20170110213530901.jpg,train
8,0,8_1_0_20170109203433105.jpg,train
1,2,1_1_2_20161219153531852.jpg,train
75,0,75_0_0_20170120225925506.jpg,train
65,0,65_0_0_20170117172707792.jpg,train
26,0,26_0_0_20170116210456112.jpg,train
26,2,26_0_2_20170116180330029.jpg,train
36,3,36_0_3_20170119194656666.jpg,train
3,2,3_1_2_20161219162002349.jpg,train
26,3,26_1_3_20170117174313937.jpg,train
26,1,26_1_1_20170116160229813.jpg,train
8,0,8_0_0_20170117175629731.jpg,train
26,1,26_1_1_20170112210240181.jpg,train
36,0,36_1_0_20170117183326086.jpg,train
28,3,28_0_3_20170119194919803.jpg,train
25,3,25_0_3_20170105175316102.jpg,train
26,1,26_1_1_20170116232808475.jpg,train
29,0,29_0_0_20170104165110771.jpg,train
50,0,50_1_0_20170105001410549.jpg,train
32,0,32_1_0_20170103182605514.jpg,train
4,0,4_0_0_20170110205422145.jpg,train
35,0,35_1_0_20170117203321066.jpg,train
23,4,23_1_4_20170117194317100.jpg,train
1,2,1_0_2_20161219154727981.jpg,train
32,0,32_1_0_20170105162521931.jpg,train
36,3,36_1_3_20170117183338262.jpg,train
37,1,37_1_1_20170117140121123.jpg,train
35,1,35_1_1_20170112215224384.jpg,train
26,3,26_1_3_20170117173617814.jpg,train
24,0,24_0_0_20170117150009388.jpg,train
23,0,23_1_0_20170116173236417.jpg,train
45,0,45_0_0_20170117182703981.jpg,train
56,3,56_0_3_20170117191908449.jpg,train
90,0,90_1_0_20170110143355280.jpg,train
24,2,24_1_2_20170116174456238.jpg,train
32,1,32_1_1_20170112223744219.jpg,train
25,0,25_1_0_20170117141726361.jpg,train
31,0,31_0_0_20170105164926876.jpg,train
34,0,34_1_0_20170116172016963.jpg,train
28,3,28_0_3_20170119194432235.jpg,train
24,3,24_1_3_20170119165528950.jpg,train
38,0,38_1_0_20170117154128620.jpg,train
23,1,23_0_1_20170114033518919.jpg,train
42,0,42_1_0_20170119204510263.jpg,train
32,2,32_0_2_20170104192811687.jpg,train
60,0,60_1_0_20170110135918382.jpg,train
39,1,39_1_1_20170116160927002.jpg,train
25,0,25_0_0_20170119171135792.jpg,train
24,3,24_1_3_20170104234808251.jpg,train
32,0,32_0_0_20170117120556801.jpg,train
26,1,26_1_1_20170113012012655.jpg,train
45,1,45_0_1_20170114033528807.jpg,train
1,0,1_0_0_20170110213412695.jpg,train
2,0,2_1_0_20170109193728905.jpg,train
30,0,30_0_0_20170117152404661.jpg,train
85,0,85_1_0_20170110182358244.jpg,train
30,0,30_1_0_20170103182254417.jpg,train
18,0,18_1_0_20170117140751537.jpg,train
22,2,22_1_2_20170116162522559.jpg,train
62,0,62_0_0_20170111171747583.jpg,train
26,4,26_0_4_20170117195657219.jpg,train
45,1,45_1_1_20170113005725568.jpg,train
72,0,72_0_0_20170111222516126.jpg,train
34,1,34_1_1_20170116172030437.jpg,train
32,0,32_0_0_20170104172409163.jpg,train
8,0,8_1_0_20170103200956895.jpg,train
28,0,28_1_0_20170108224157680.jpg,train
45,0,45_0_0_20170117171151786.jpg,train
65,1,65_1_1_20170110124227365.jpg,train
1,2,1_0_2_20161219222752047.jpg,train
52,0,52_1_0_20170110123106118.jpg,train
2,4,2_1_4_20170103202812009.jpg,train
29,0,29_1_0_20170104165932577.jpg,train
2,2,2_1_2_20161219152910484.jpg,train
34,0,34_0_0_20170105164139508.jpg,train
21,0,21_0_0_20170102233225196.jpg,train
8,0,8_1_0_20170109201536853.jpg,train
1,0,1_1_0_20170109191232555.jpg,train
63,0,63_0_0_20170111171747601.jpg,train
25,0,25_0_0_20170117175209600.jpg,train
85,0,85_0_0_20170111223921971.jpg,train
1,2,1_0_2_20161219211726005.jpg,train
16,0,16_1_0_20170109213357694.jpg,train
22,1,22_0_1_20170113133555880.jpg,train
26,2,26_0_2_20170116163925116.jpg,train
35,0,35_0_0_20170117200544166.jpg,train
45,0,45_1_0_20170109220540006.jpg,train
32,1,32_1_1_20170120220526706.jpg,train
11,0,11_0_0_20170110225435539.jpg,train
28,0,28_1_0_20170117174702574.jpg,train
35,0,35_1_0_20170103163357623.jpg,train
26,1,26_1_1_20170116153827997.jpg,train
63,0,63_0_0_20170102233622267.jpg,train
36,0,36_0_0_20170117135444550.jpg,train
54,0,54_1_0_20170104235918548.jpg,train
22,1,22_0_1_20170114033210195.jpg,train
26,3,26_0_3_20170119192402842.jpg,train
35,0,35_0_0_20170117134825736.jpg,train
1,2,1_0_2_20161219202914180.jpg,train
27,2,27_1_2_20170116163822402.jpg,train
26,1,26_1_1_20170116234835737.jpg,train
80,0,80_0_0_20170111222138149.jpg,train
21,2,21_0_2_20170116161452673.jpg,train
10,0,10_0_0_20161220222308131.jpg,train
30,0,30_0_0_20170116221939722.jpg,train
31,1,31_1_1_20170116173451354.jpg,train
27,1,27_1_1_20170114031455929.jpg,train
1,2,1_0_2_20161219211929574.jpg,train
25,1,25_1_1_20170116223020576.jpg,train
28,0,28_0_0_20170117180620153.jpg,train
26,0,26_1_0_20170117195825620.jpg,train
5,2,5_1_2_20161219193949523.jpg,train
23,3,23_1_3_20170116173248641.jpg,train
22,1,22_1_1_20170116000638538.jpg,train
8,0,8_1_0_20170109205030055.jpg,train
17,0,17_1_0_20170109212954942.jpg,train
40,0,40_0_0_20170116200949831.jpg,train
23,0,23_1_0_20170117144945297.jpg,train
65,0,65_1_0_20170110152814579.jpg,train
1,3,1_0_3_20161220145532127.jpg,train
28,2,28_1_2_20170116162143001.jpg,train
85,0,85_1_0_20170110183112103.jpg,train
35,1,35_0_1_20170113161253242.jpg,train
53,0,53_1_0_20170109220736654.jpg,train
50,3,50_1_3_20170109134207312.jpg,train
28,0,28_1_0_20170104171611673.jpg,train
58,0,58_0_0_20170109013800693.jpg,train
52,0,52_0_0_20170117161040990.jpg,train
48,0,48_0_0_20170117131143074.jpg,train
51,0,51_0_0_20170117160807782.jpg,train
1,4,1_0_4_20170103205312818.jpg,train
34,3,34_1_3_20170104235729572.jpg,train
1,3,1_0_3_20161219230749432.jpg,train
80,0,80_1_0_20170110131652409.jpg,train
8,0,8_0_0_20170110215511548.jpg,train
24,2,24_0_2_20170116170825869.jpg,train
48,0,48_0_0_20170104212017204.jpg,train
1,0,1_1_0_20170109194212472.jpg,train
26,3,26_1_3_20170117153041485.jpg,train
8,0,8_1_0_20170109205351904.jpg,train
33,0,33_1_0_20170103181937009.jpg,train
48,0,48_1_0_20170117173924359.jpg,train
10,0,10_1_0_20170109203759972.jpg,train
68,0,68_0_0_20170117172902192.jpg,train
26,1,26_1_1_20170112230519613.jpg,train
1,0,1_1_0_20161219203021180.jpg,train
1,2,1_0_2_20161219190740218.jpg,train
31,4,31_0_4_20170116191637408.jpg,train
36,1,36_1_1_20170117134015960.jpg,train
29,1,29_0_1_20170113154817089.jpg,train
29,1,29_1_1_20170116222109155.jpg,train
5,3,5_0_3_20170104230622017.jpg,train
3,0,3_1_0_20170109191344231.jpg,train
18,0,18_1_0_20170109213109287.jpg,train
39,0,39_0_0_20170104181509148.jpg,train
50,0,50_0_0_20170117155052592.jpg,train
28,1,28_1_1_20170117190456347.jpg,train
28,0,28_1_0_20170116220923600.jpg,train
60,0,60_0_0_20170120223345579.jpg,train
21,0,21_1_0_20170117142338224.jpg,train
32,1,32_0_1_20170113173617737.jpg,train
1,3,1_0_3_20161219230534953.jpg,train
36,0,36_1_0_20170103183422618.jpg,train
32,2,32_0_2_20170116182724023.jpg,train
54,0,54_0_0_20170113210127479.jpg,train
31,0,31_0_0_20170116195723154.jpg,train
1,2,1_0_2_20161219162846063.jpg,train
24,4,24_0_4_20170117194332787.jpg,train
35,0,35_0_0_20170117134938738.jpg,train
35,0,35_0_0_20170113142125523.jpg,train
47,0,47_0_0_20170117013717257.jpg,train
55,0,55_0_0_20170104201309249.jpg,train
38,0,38_0_0_20170117191429314.jpg,train
57,0,57_0_0_20170111203532804.jpg,train
27,1,27_1_1_20170112234451680.jpg,train
34,3,34_0_3_20170119200820917.jpg,train
17,0,17_1_0_20170111182452732.jpg,train
37,0,37_1_0_20170105184000017.jpg,train
50,0,50_0_0_20170117172638411.jpg,train
26,2,26_0_2_20170116181245176.jpg,train
28,3,28_0_3_20170119194512051.jpg,train
1,3,1_0_3_20161219230533840.jpg,train
35,0,35_1_0_20170116201420399.jpg,train
56,3,56_1_3_20170109132319407.jpg,train
43,3,43_0_3_20170119164253885.jpg,train
30,3,30_1_3_20170109141047511.jpg,train
70,0,70_1_0_20170110140931962.jpg,train
23,0,23_1_0_20170116221829199.jpg,train
2,2,2_1_2_20161219211744478.jpg,train
65,0,65_0_0_20170112222116553.jpg,train
40,0,40_1_0_20170116222643228.jpg,train
28,0,28_0_0_20170117180236154.jpg,train
1,2,1_0_2_20161219221744255.jpg,train
35,3,35_1_3_20170119162657708.jpg,train
35,2,35_0_2_20170116191223232.jpg,train
85,0,85_1_0_20170110184106700.jpg,train
1,3,1_0_3_20161219225820704.jpg,train
26,2,26_1_2_20170116184453651.jpg,train
32,3,32_1_3_20170109132040475.jpg,train
24,4,24_1_4_20170103235057348.jpg,train
24,2,24_0_2_20170104020029454.jpg,train
35,0,35_0_0_20170116201759726.jpg,train
3,0,3_0_0_20170109191321997.jpg,train
28,1,28_1_1_20170117020405380.jpg,train
50,0,50_1_0_20170105173205092.jpg,train
56,0,56_1_0_20170110123126617.jpg,train
23,0,23_1_0_20170104021538021.jpg,train
43,0,43_0_0_20170112220315153.jpg,train
26,4,26_0_4_20170117153320853.jpg,train
30,2,30_1_2_20170116170703197.jpg,train
17,0,17_0_0_20170104011408904.jpg,train
26,1,26_0_1_20170116214531552.jpg,train
30,2,30_1_2_20170116164657011.jpg,train
37,1,37_0_1_20170115234754124.jpg,train
28,2,28_1_2_20170116175308931.jpg,train
54,0,54_0_0_20170104212539965.jpg,train
26,0,26_0_0_20170113135451673.jpg,train
28,0,28_0_0_20170117180430030.jpg,train
47,0,47_0_0_20170104211830788.jpg,train
7,0,7_0_0_20170110224734661.jpg,train
50,3,50_0_3_20170113190323248.jpg,train
26,2,26_1_2_20170116183745463.jpg,train
23,0,23_1_0_20170116201840541.jpg,train
60,0,60_0_0_20170120221518539.jpg,train
27,0,27_0_0_20170117175615777.jpg,train
29,0,29_1_0_20170116205802552.jpg,train
26,0,26_0_0_20170117170940347.jpg,train
1,2,1_0_2_20161219205313061.jpg,train
1,2,1_1_2_20161219205644669.jpg,train
28,1,28_1_1_20170112233537928.jpg,train
32,1,32_0_1_20170117135739565.jpg,train
26,3,26_0_3_20170119183323670.jpg,train
43,1,43_1_1_20170116160506632.jpg,train
24,2,24_0_2_20170116165043828.jpg,train
42,1,42_1_1_20170112231620452.jpg,train
24,2,24_0_2_20170116161844819.jpg,train
5,0,5_1_0_20170109191741223.jpg,train
26,3,26_0_3_20170119184204318.jpg,train
25,0,25_0_0_20170117134757190.jpg,train
59,0,59_1_0_20170110180108013.jpg,train
55,0,55_0_0_20170117155100774.jpg,train
40,0,40_1_0_20170116235425418.jpg,train
31,0,31_0_0_20170113142314661.jpg,train
22,2,22_1_2_20170116220943302.jpg,train
26,4,26_1_4_20170117174529702.jpg,train
29,0,29_0_0_20170117122023099.jpg,train
1,0,1_1_0_20170109191822349.jpg,train
13,0,13_1_0_20170109214314841.jpg,train
26,4,26_1_4_20170103213051380.jpg,train
28,1,28_1_1_20170112211124102.jpg,train
24,4,24_1_4_20170103230137338.jpg,train
28,1,28_0_1_20170117020752716.jpg,train
36,3,36_0_3_20170117183126213.jpg,train
23,0,23_1_0_20170112234331591.jpg,train
24,0,24_1_0_20170117013808240.jpg,train
53,1,53_0_1_20170104172747354.jpg,train
36,1,36_1_1_20170116174213892.jpg,train
25,0,25_1_0_20170105000610412.jpg,train
13,0,13_0_0_20170104012531409.jpg,train
29,1,29_1_1_20170116001830007.jpg,train
29,1,29_0_1_20170117022435965.jpg,train
50,0,50_1_0_20170110154254311.jpg,train
30,2,30_1_2_20170116184317110.jpg,train
3,0,3_0_0_20170110212754904.jpg,train
28,1,28_0_1_20170117021342872.jpg,train
25,0,25_1_0_20170117142737553.jpg,train
36,1,36_1_1_20170112224156660.jpg,train
18,0,18_1_0_20170109213013086.jpg,train
55,3,55_0_3_20170104205819579.jpg,train
38,0,38_0_0_20170116211634643.jpg,train
54,0,54_0_0_20170104002216792.jpg,train
32,0,32_0_0_20170116192543457.jpg,train
26,1,26_1_1_20170112205853539.jpg,train
48,0,48_0_0_20170117165848844.jpg,train
75,0,75_0_0_20170111203916648.jpg,train
34,2,34_0_2_20170105172336996.jpg,train
8,0,8_0_0_20170117175635580.jpg,train
57,0,57_0_0_20170111171747492.jpg,train
1,2,1_0_2_20161219222555031.jpg,train
50,1,50_0_1_20170117001050081.jpg,train
26,0,26_0_0_20170116224934139.jpg,train
25,2,25_0_2_20170116170511407.jpg,train
3,2,3_1_2_20161219151426459.jpg,train
35,0,35_1_0_20170117154901227.jpg,train
1,2,1_1_2_20161219162021366.jpg,train
46,0,46_1_0_20170110151342799.jpg,train
22,1,22_1_1_20170114033220857.jpg,train
1,0,1_0_0_20170110213501282.jpg,train
26,1,26_0_1_20170113133950129.jpg,train
16,0,16_1_0_20170109213007401.jpg,train
16,0,16_1_0_20170104012333393.jpg,train
18,0,18_1_0_20170109213544430.jpg,train
26,3,26_0_3_20170119180445229.jpg,train
50,0,50_0_0_20170117204826505.jpg,train
62,0,62_0_0_20170111203239701.jpg,train
56,0,56_1_0_20170110153005989.jpg,train
26,2,26_0_2_20170116180708812.jpg,train
80,0,80_1_0_20170110141417728.jpg,train
32,2,32_1_2_20170109135928794.jpg,train
26,3,26_1_3_20170119193147306.jpg,train
1,0,1_0_0_20161219205817093.jpg,train
28,0,28_1_0_20170117122006023.jpg,train
57,0,57_0_0_20170109012626427.jpg,train
28,3,28_1_3_20170104222837663.jpg,train
35,1,35_0_1_20170117184758222.jpg,train
27,1,27_1_1_20170117013821300.jpg,train
54,0,54_0_0_20170105173228717.jpg,train
26,3,26_0_3_20170119175252145.jpg,train
36,1,36_0_1_20170117183213758.jpg,train
6,3,6_1_3_20161220222916667.jpg,train
4,2,4_1_2_20161219160314709.jpg,train
49,0,49_1_0_20170109221146542.jpg,train
30,4,30_1_4_20170117203012791.jpg,train
1,3,1_1_3_20161219224619703.jpg,train
35,3,35_0_3_20170119201122781.jpg,train
26,0,26_1_0_20170117091820820.jpg,train
26,1,26_0_1_20170113154903732.jpg,train
28,1,28_1_1_20170113001154099.jpg,train
68,0,68_1_0_20170110175703443.jpg,train
37,3,37_1_3_20170109141945326.jpg,train
28,0,28_0_0_20170117180137421.jpg,train
1,2,1_0_2_20161219211828974.jpg,train
12,0,12_1_0_20170109203709140.jpg,train
1,4,1_0_4_20170103202334544.jpg,train
31,1,31_1_1_20170116222848038.jpg,train
23,0,23_0_0_20170113210126449.jpg,train
26,0,26_1_0_20170117174638343.jpg,train
21,0,21_1_0_20170116220441404.jpg,train
20,0,20_1_0_20170104021334149.jpg,train
26,1,26_0_1_20170116182126537.jpg,train
50,3,50_0_3_20170119205201920.jpg,train
26,1,26_0_1_20170116142853699.jpg,train
67,0,67_0_0_20170111171747651.jpg,train
21,4,21_0_4_20161223214835183.jpg,train
8,3,8_0_3_20170104230744745.jpg,train
25,3,25_1_3_20170119172050673.jpg,train
85,0,85_1_0_20170111205811953.jpg,train
35,0,35_0_0_20170117152434773.jpg,train
28,4,28_1_4_20170103182238570.jpg,train
58,0,58_0_0_20170109013804013.jpg,train
32,1,32_0_1_20170116204750750.jpg,train
26,3,26_0_3_20170117154527678.jpg,train
52,0,52_0_0_20170119205643521.jpg,train
24,2,24_0_2_20170116165033311.jpg,train
29,4,29_1_4_20170117202704359.jpg,train
1,2,1_0_2_20161219141912009.jpg,train
32,0,32_1_0_20170109004650365.jpg,train
28,1,28_1_1_20170116225020910.jpg,train
18,0,18_1_0_20170109212554810.jpg,train
35,1,35_1_1_20170112213143485.jpg,train
48,0,48_0_0_20170111201220613.jpg,train
16,0,16_0_0_20170110231648820.jpg,train
21,3,21_1_3_20170104231613281.jpg,train
38,0,38_0_0_20170109011114784.jpg,train
16,0,16_0_0_20170104012305505.jpg,train
9,0,9_0_0_20170110225510191.jpg,train
39,0,39_1_0_20170105184017031.jpg,train
21,0,21_0_0_20170117142012992.jpg,train
2,2,2_1_2_20161219161934567.jpg,train
17,4,17_1_4_20170103233515202.jpg,train
26,1,26_0_1_20170113135301873.jpg,train
24,3,24_1_3_20170119171038711.jpg,train
5,2,5_1_2_20161219191310882.jpg,train
26,0,26_0_0_20170114032951327.jpg,train
31,0,31_0_0_20170113183712471.jpg,train
23,0,23_0_0_20170116221710870.jpg,train
26,1,26_0_1_20170113181829839.jpg,train
35,3,35_1_3_20170117183036190.jpg,train
34,1,34_0_1_20170113142138427.jpg,train
35,2,35_1_2_20170116181252040.jpg,train
52,0,52_0_0_20170111202347090.jpg,train
26,2,26_1_2_20170116175505151.jpg,train
22,2,22_1_2_20170116165447905.jpg,train
45,3,45_0_3_20170119195752949.jpg,train
26,3,26_1_3_20170104232413655.jpg,train
29,2,29_1_2_20170116162732878.jpg,train
1,2,1_0_2_20161219140748280.jpg,train
1,2,1_1_2_20161219205821918.jpg,train
30,3,30_1_3_20170104235542236.jpg,train
26,1,26_1_1_20170116183008326.jpg,train
23,0,23_1_0_20170104023208069.jpg,train
42,0,42_0_0_20170104203854642.jpg,train
30,1,30_0_1_20170116214710372.jpg,train
24,0,24_1_0_20170116222429652.jpg,train
9,0,9_0_0_20170110223916896.jpg,train
38,1,38_1_1_20170112205041100.jpg,train
26,4,26_0_4_20170117200446422.jpg,train
54,1,54_1_1_20170120223626558.jpg,train
40,0,40_0_0_20170117142017783.jpg,train
27,0,27_0_0_20170103181014215.jpg,train
38,1,38_0_1_20170117005920398.jpg,train
28,4,28_0_4_20170103235312020.jpg,train
20,0,20_0_0_20170116205821909.jpg,train
55,0,55_0_0_20170117183201893.jpg,train
26,3,26_1_3_20170119193117522.jpg,train
39,1,39_0_1_20170113135644306.jpg,train
1,2,1_0_2_20161219162431598.jpg,train
7,0,7_0_0_20170110225126086.jpg,train
2,4,2_1_4_20161221202842353.jpg,train
40,0,40_1_0_20170117152046787.jpg,train
25,0,25_0_0_20170117141931817.jpg,train
26,4,26_1_4_20170103225204177.jpg,train
26,2,26_0_2_20170116183002811.jpg,train
8,0,8_1_0_20170109202318713.jpg,train
26,1,26_1_1_20170116011422334.jpg,train
30,0,30_1_0_20170117143857490.jpg,train
24,3,24_1_3_20170119171108432.jpg,train
26,0,26_1_0_20170117201640750.jpg,train
52,0,52_0_0_20170105173214101.jpg,train
25,0,25_0_0_20170102233320979.jpg,train
66,0,66_1_0_20170110122210413.jpg,train
23,1,23_0_1_20170113195548821.jpg,train
22,1,22_1_1_20170112230530733.jpg,train
1,2,1_1_2_20161219162526135.jpg,train
36,3,36_0_3_20170119201947413.jpg,train
27,4,27_1_4_20170103183838762.jpg,train
5,2,5_1_2_20161219160858341.jpg,train
53,0,53_0_0_20170104212355436.jpg,train
35,2,35_0_2_20170117191648050.jpg,train
90,0,90_1_0_20170110182841384.jpg,train
16,0,16_1_0_20170102234708483.jpg,train
28,1,28_0_1_20170116190105438.jpg,train
24,0,24_1_0_20170116172723427.jpg,train
15,0,15_0_0_20170104012550546.jpg,train
26,1,26_1_1_20170117200948582.jpg,train
34,0,34_1_0_20170103163503653.jpg,train
28,3,28_0_3_20170119194457163.jpg,train
35,1,35_0_1_20170113185408776.jpg,train
40,0,40_0_0_20170104205324669.jpg,train
5,0,5_1_0_20161220220850074.jpg,train
58,0,58_0_0_20170117172932280.jpg,train
90,0,90_1_0_20170110172628748.jpg,train
29,1,29_1_1_20170112234045193.jpg,train
34,3,34_1_3_20170119165307574.jpg,train
26,0,26_1_0_20170116232337954.jpg,train
23,0,23_1_0_20170103163123528.jpg,train
32,1,32_0_1_20170113133956457.jpg,train
60,0,60_0_0_20170117001221298.jpg,train
23,1,23_1_1_20170114033629976.jpg,train
26,1,26_0_1_20170113135322642.jpg,train
32,1,32_0_1_20170116215755940.jpg,train
30,0,30_1_0_20170117150834483.jpg,train
54,3,54_0_3_20170119210200063.jpg,train
30,0,30_0_0_20170119195539771.jpg,train
23,2,23_1_2_20170102235032243.jpg,train
1,0,1_0_0_20170110213518456.jpg,train
22,2,22_1_2_20170116172137259.jpg,train
30,0,30_1_0_20170117181402899.jpg,train
37,0,37_1_0_20170117184728225.jpg,train
25,0,25_0_0_20170117190909786.jpg,train
37,0,37_0_0_20170104174218803.jpg,train
32,1,32_1_1_20170113001559035.jpg,train
40,0,40_0_0_20170104204711073.jpg,train
24,2,24_1_2_20170116174428658.jpg,train
35,3,35_1_3_20170104231728913.jpg,train
52,0,52_0_0_20170113141938690.jpg,train
24,1,24_0_1_20170113195713509.jpg,train
45,0,45_1_0_20170108224914419.jpg,train
26,3,26_0_3_20170119180530883.jpg,train
23,2,23_1_2_20170116173107723.jpg,train
50,2,50_0_2_20170116174343792.jpg,train
58,1,58_0_1_20170117193628506.jpg,train
35,0,35_1_0_20170117191417058.jpg,train
21,0,21_1_0_20170116214444473.jpg,train
36,0,36_0_0_20170117183317229.jpg,train
2,2,2_0_2_20161219142207513.jpg,train
53,0,53_0_0_20170113184910088.jpg,train
40,0,40_1_0_20170117091304525.jpg,train
2,2,2_1_2_20161219142657089.jpg,train
27,2,27_1_2_20170116163816775.jpg,train
6,0,6_0_0_20170117192243284.jpg,train
2,2,2_1_2_20161219141047001.jpg,train
27,0,27_0_0_20170116204851886.jpg,train
16,0,16_1_0_20170116204045849.jpg,train
14,0,14_1_0_20170117135203837.jpg,train
32,1,32_0_1_20170117021355678.jpg,train
27,3,27_0_3_20170119193205856.jpg,train
35,0,35_1_0_20170117134846646.jpg,train
25,0,25_1_0_20170117195321747.jpg,train
26,0,26_0_0_20170104194358449.jpg,train
26,3,26_1_3_20170104223054575.jpg,train
28,0,28_1_0_20170117122010726.jpg,train
28,1,28_0_1_20170113150754253.jpg,train
67,0,67_1_0_20170120224807800.jpg,train
45,0,45_1_0_20170117185215951.jpg,train
21,3,21_1_3_20170119154245353.jpg,train
26,3,26_1_3_20170117091754898.jpg,train
39,0,39_1_0_20170109012128721.jpg,train
16,0,16_0_0_20170110231909175.jpg,train
26,2,26_0_2_20170116182451477.jpg,train
38,0,38_1_0_20170117160605286.jpg,train
2,4,2_0_4_20161221201843169.jpg,train
48,0,48_0_0_20170104213027877.jpg,train
25,3,25_1_3_20170119163748638.jpg,train
26,1,26_0_1_20170116210505191.jpg,train
22,2,22_1_2_20170104022959942.jpg,train
56,0,56_1_0_20170103180159982.jpg,train
31,0,31_1_0_20170117181946996.jpg,train
40,0,40_0_0_20170104183456150.jpg,train
36,1,36_1_1_20170109132934818.jpg,train
26,3,26_0_3_20170119180327397.jpg,train
1,0,1_0_0_20170110213013468.jpg,train
1,0,1_1_0_20170109194117865.jpg,train
60,0,60_1_0_20170110153435061.jpg,train
35,1,35_1_1_20170113011001766.jpg,train
3,0,3_0_0_20170103210954356.jpg,train
32,1,32_0_1_20170113190349585.jpg,train
27,0,27_0_0_20170113210126713.jpg,train
26,1,26_1_1_20170112213129055.jpg,train
65,0,65_0_0_20170113190804729.jpg,train
7,0,7_0_0_20170110215711115.jpg,train
78,0,78_0_0_20170111210454101.jpg,train
17,0,17_0_0_20170110232438939.jpg,train
32,3,32_0_3_20170119162959965.jpg,train
52,3,52_0_3_20170119204331863.jpg,train
25,3,25_0_3_20170119171834776.jpg,train
26,2,26_0_2_20170116180203819.jpg,train
27,1,27_0_1_20170117013657018.jpg,train
28,1,28_0_1_20170117020126509.jpg,train
26,1,26_1_1_20170116153807471.jpg,train
32,1,32_0_1_20170113173613939.jpg,train
24,0,24_0_0_20170117145927468.jpg,train
85,0,85_1_0_20170110182028892.jpg,train
36,1,36_0_1_20170117194044752.jpg,train
25,3,25_1_3_20170119172136505.jpg,train
9,0,9_0_0_20170110222903669.jpg,train
30,4,30_0_4_20170117154305388.jpg,train
26,4,26_0_4_20170117195754045.jpg,train
31,0,31_1_0_20170103180729440.jpg,train
25,0,25_1_0_20170116220238281.jpg,train
18,0,18_1_0_20170109213938695.jpg,train
26,0,26_0_0_20170116204056556.jpg,train
9,0,9_0_0_20170110224545102.jpg,train
26,2,26_1_2_20170116184528621.jpg,train
35,3,35_1_3_20170117183045293.jpg,train
28,1,28_0_1_20170113173600097.jpg,train
55,0,55_0_0_20170117190804738.jpg,train
40,0,40_0_0_20170117141444172.jpg,train
32,3,32_1_3_20170104172955993.jpg,train
63,0,63_1_0_20170117175251077.jpg,train
24,2,24_0_2_20170116164343289.jpg,train
21,0,21_0_0_20170104230103695.jpg,train
35,0,35_0_0_20170117191315042.jpg,train
70,0,70_0_0_20170117174910845.jpg,train
65,0,65_1_0_20170110160643938.jpg,train
35,0,35_0_0_20170117135012246.jpg,train
18,0,18_1_0_20170109214044181.jpg,train
30,2,30_0_2_20170116172532435.jpg,train
28,0,28_0_0_20170117202618479.jpg,train
1,2,1_0_2_20161219204951309.jpg,train
27,0,27_1_0_20170116205911682.jpg,train
1,0,1_0_0_20170110212601951.jpg,train
37,3,37_0_3_20170119202343501.jpg,train
9,0,9_1_0_20170109204754719.jpg,train
54,1,54_0_1_20170117194908404.jpg,train
24,3,24_1_3_20161220221743058.jpg,train
26,0,26_1_0_20170116180117686.jpg,train
26,4,26_1_4_20170103225117416.jpg,train
27,2,27_1_2_20170116163742635.jpg,train
25,0,25_1_0_20170119172023545.jpg,train
55,0,55_0_0_20170113184836584.jpg,train
36,3,36_0_3_20170119201834796.jpg,train
62,0,62_0_0_20170111204505433.jpg,train
2,2,2_1_2_20161219151457883.jpg,train
32,1,32_0_1_20170117121017975.jpg,train
29,2,29_1_2_20170116162958843.jpg,train
54,1,54_0_1_20170120223426436.jpg,train
38,1,38_1_1_20170116175444213.jpg,train
35,1,35_0_1_20170113145434605.jpg,train
26,3,26_0_3_20170104232129634.jpg,train
28,1,28_0_1_20170117121804732.jpg,train
29,1,29_1_1_20170115235359510.jpg,train
58,3,58_0_3_20170119211718370.jpg,train
8,0,8_1_0_20170117195424950.jpg,train
29,0,29_0_0_20170107212101093.jpg,train
22,1,22_1_1_20170112231734479.jpg,train
26,1,26_0_1_20170113155008827.jpg,train
45,3,45_0_3_20170119200136571.jpg,train
2,2,2_0_2_20161219155959781.jpg,train
32,3,32_0_3_20170119184229278.jpg,train
19,0,19_0_0_20170117140550401.jpg,train
45,0,45_0_0_20170117155728441.jpg,train
21,2,21_0_2_20170116165220655.jpg,train
23,2,23_1_2_20170116173058804.jpg,train
29,3,29_1_3_20170109135815848.jpg,train
21,1,21_1_1_20170116214444631.jpg,train
36,0,36_1_0_20170104234532883.jpg,train
48,0,48_1_0_20170110154357405.jpg,train
58,0,58_1_0_20170104185710750.jpg,train
30,3,30_0_3_20170117144301762.jpg,train
35,0,35_1_0_20170116235649559.jpg,train
11,0,11_1_0_20170109203422194.jpg,train
1,4,1_0_4_20170103202412648.jpg,train
26,3,26_0_3_20170117154604988.jpg,train
38,0,38_1_0_20170117184855295.jpg,train
30,3,30_1_3_20170104222919855.jpg,train
85,0,85_1_0_20170110181606198.jpg,train
22,2,22_1_2_20170104021940541.jpg,train
28,0,28_1_0_20170117180716305.jpg,train
28,3,28_0_3_20170119194507123.jpg,train
29,1,29_0_1_20170114034635292.jpg,train
60,0,60_1_0_20170110152948921.jpg,train
21,2,21_1_2_20161219211717693.jpg,train
29,1,29_0_1_20170113175509613.jpg,train
6,0,6_1_0_20170104005857767.jpg,train
42,0,42_1_0_20170109220451027.jpg,train
35,0,35_1_0_20170105162358962.jpg,train
4,0,4_0_0_20170109192342033.jpg,train
26,2,26_1_2_20170116175323304.jpg,train
30,2,30_1_2_20170116161303257.jpg,train
26,0,26_0_0_20170113210127510.jpg,train
42,2,42_1_2_20170116182210072.jpg,train
26,1,26_1_1_20170116222824108.jpg,train
37,0,37_0_0_20170104205709259.jpg,train
22,1,22_1_1_20170103175340561.jpg,train
85,0,85_1_0_20170110183522560.jpg,train
5,0,5_1_0_20170109193852084.jpg,train
40,0,40_0_0_20170117173334842.jpg,train
8,0,8_0_0_20170110222913531.jpg,train
29,0,29_0_0_20170104230319649.jpg,train
39,0,39_1_0_20170104210047180.jpg,train
26,1,26_1_1_20170113003743101.jpg,train
26,0,26_1_0_20170116232646294.jpg,train
24,0,24_1_0_20170104022030117.jpg,train
26,2,26_1_2_20170116180307033.jpg,train
32,0,32_0_0_20170111181750357.jpg,train
2,4,2_1_4_20161221201717930.jpg,train
72,0,72_1_0_20170120224942952.jpg,train
26,1,26_1_1_20170116223404554.jpg,train
1,0,1_1_0_20170109193932015.jpg,train
26,2,26_1_2_20170116180246581.jpg,train
59,0,59_0_0_20170111203940975.jpg,train
24,2,24_0_2_20170104020112732.jpg,train
24,3,24_1_3_20170104222402975.jpg,train
21,2,21_1_2_20170116171705211.jpg,train
39,2,39_1_2_20170117154228051.jpg,train
22,1,22_1_1_20170112230703798.jpg,train
68,0,68_1_0_20170110143529881.jpg,train
30,2,30_0_2_20170116173655735.jpg,train
45,0,45_0_0_20170119204119581.jpg,train
62,1,62_0_1_20170111204710125.jpg,train
35,1,35_1_1_20170116233126804.jpg,train
27,0,27_0_0_20170117114920473.jpg,train
22,1,22_1_1_20170114033236159.jpg,train
1,0,1_1_0_20170109191225850.jpg,train
26,3,26_0_3_20170119192418265.jpg,train
26,3,26_1_3_20170104232510106.jpg,train
8,0,8_1_0_20170109204935187.jpg,train
24,0,24_1_0_20170116215632635.jpg,train
53,0,53_0_0_20170117182542501.jpg,train
50,0,50_1_0_20170110151434231.jpg,train
49,3,49_1_3_20170109141810902.jpg,train
53,0,53_1_0_20170110122634608.jpg,train
10,0,10_1_0_20170103175323250.jpg,train
28,1,28_0_1_20170113155330532.jpg,train
33,0,33_1_0_20170116205749382.jpg,train
33,0,33_1_0_20170104165723873.jpg,train
16,0,16_0_0_20170104003740977.jpg,train
26,3,26_1_3_20170104222740327.jpg,train
30,0,30_1_0_20170117131116466.jpg,train
54,0,54_0_0_20170119201455775.jpg,train
52,3,52_0_3_20170120140320609.jpg,train
22,1,22_0_1_20170113150439151.jpg,train
24,2,24_0_2_20170116170622672.jpg,train
48,0,48_1_0_20170120222703841.jpg,train
31,0,31_0_0_20170104201726242.jpg,train
4,2,4_1_2_20161219153752980.jpg,train
38,2,38_1_2_20170116162028800.jpg,train
38,0,38_1_0_20170109002805707.jpg,train
23,3,23_0_3_20170119163843478.jpg,train
1,3,1_1_3_20161220143239294.jpg,train
20,3,20_0_3_20170117140659809.jpg,train
30,3,30_1_3_20170117142506618.jpg,train
68,0,68_0_0_20170117172721512.jpg,train
28,2,28_0_2_20170116214450969.jpg,train
3,0,3_1_0_20170109191823943.jpg,train
28,0,28_1_0_20170116211814489.jpg,train
45,0,45_1_0_20170103181133961.jpg,train
2,0,2_1_0_20170109191752762.jpg,train
24,2,24_1_2_20170116171627787.jpg,train
4,0,4_0_0_20170110213557125.jpg,train
35,0,35_1_0_20170116201540728.jpg,train
24,0,24_0_0_20170116222408305.jpg,train
35,1,35_0_1_20170113141519546.jpg,train
78,0,78_1_0_20170120224727472.jpg,train
2,2,2_0_2_20161219152009555.jpg,train
57,0,57_0_0_20170109001651801.jpg,train
29,3,29_0_3_20170117180819737.jpg,train
56,1,56_0_1_20170117175154108.jpg,train
27,0,27_0_0_20170117012806890.jpg,train
26,2,26_1_2_20170116180658254.jpg,train
68,0,68_0_0_20170111200645876.jpg,train
23,0,23_1_0_20170116221819522.jpg,train
26,2,26_0_2_20170116181322065.jpg,train
1,0,1_1_0_20170109191023360.jpg,train
1,2,1_0_2_20161219195639772.jpg,train
26,3,26_1_3_20170119193112441.jpg,train
34,0,34_0_0_20170117182746110.jpg,train
26,1,26_0_1_20170113152156561.jpg,train
27,1,27_1_1_20170117120629605.jpg,train
48,1,48_0_1_20170113142055436.jpg,train
21,4,21_1_4_20170103223208902.jpg,train
28,0,28_0_0_20170116214501624.jpg,train
37,0,37_1_0_20170119180110066.jpg,train
28,3,28_0_3_20170119194509691.jpg,train
28,4,28_0_4_20170103235818508.jpg,train
26,0,26_1_0_20170117003240286.jpg,train
30,0,30_1_0_20170117143824841.jpg,train
27,0,27_0_0_20170116194225517.jpg,train
26,2,26_0_2_20170116233100347.jpg,train
47,3,47_1_3_20170119202200788.jpg,train
3,0,3_1_0_20170104010100263.jpg,train
29,0,29_0_0_20170116221741960.jpg,train
1,2,1_0_2_20161219201312292.jpg,train
26,0,26_1_0_20170105183644799.jpg,train
28,1,28_0_1_20170117015458481.jpg,train
34,0,34_0_0_20170117134906182.jpg,train
54,0,54_1_0_20170117171446412.jpg,train
24,3,24_1_3_20170119171007670.jpg,train
50,0,50_0_0_20170111181750470.jpg,train
40,0,40_1_0_20170116222704229.jpg,train
29,2,29_1_2_20170116164953746.jpg,train
22,1,22_0_1_20170113195509981.jpg,train
48,1,48_0_1_20170117020834578.jpg,train
35,1,35_0_1_20170109002946255.jpg,train
35,0,35_0_0_20170119201414564.jpg,train
25,3,25_0_3_20170104214444117.jpg,train
32,1,32_0_1_20170113141523611.jpg,train
54,3,54_0_3_20170119210127256.jpg,train
28,2,28_1_2_20170116165530274.jpg,train
50,3,50_0_3_20170119204603807.jpg,train
28,3,28_1_3_20170109133054332.jpg,train
2,2,2_0_2_20161219202644971.jpg,train
26,3,26_1_3_20170119155639573.jpg,train
26,0,26_1_0_20170116180349689.jpg,train
60,0,60_0_0_20170111201520536.jpg,train
1,2,1_1_2_20161219204430596.jpg,train
1,2,1_1_2_20161219195916355.jpg,train
28,0,28_0_0_20170117021400330.jpg,train
1,2,1_0_2_20161219204848341.jpg,train
23,2,23_1_2_20170116172902847.jpg,train
1,0,1_1_0_20170109193644121.jpg,train
1,2,1_1_2_20161219202106997.jpg,train
1,4,1_1_4_20161221200103831.jpg,train
32,1,32_0_1_20170113145227206.jpg,train
60,0,60_0_0_20170104212943692.jpg,train
1,2,1_0_2_20161219161428895.jpg,train
12,0,12_1_0_20170109203606169.jpg,train
2,0,2_0_0_20170109194104628.jpg,train
5,2,5_0_2_20161219142128680.jpg,train
30,0,30_1_0_20170117193827524.jpg,train
1,3,1_0_3_20161220220317465.jpg,train
26,2,26_1_2_20170116175508654.jpg,train
58,0,58_0_0_20170113142246036.jpg,train
55,0,55_1_0_20170110160643391.jpg,train
54,0,54_0_0_20170117171516004.jpg,train
26,3,26_0_3_20170119175417539.jpg,train
56,0,56_1_0_20170109220552870.jpg,train
35,2,35_0_2_20170116161354789.jpg,train
60,0,60_1_0_20170110153047755.jpg,train
27,1,27_0_1_20170114031440930.jpg,train
1,3,1_1_3_20161220145200632.jpg,train
24,2,24_1_2_20170116173353160.jpg,train
24,0,24_0_0_20170114032026665.jpg,train
78,0,78_0_0_20170111223343146.jpg,train
38,4,38_1_4_20170117203738528.jpg,train
26,1,26_0_1_20170113151713536.jpg,train
32,3,32_1_3_20170119200439598.jpg,train
40,0,40_1_0_20170117130551448.jpg,train
55,0,55_0_0_20170117190253859.jpg,train
36,1,36_0_1_20170113161345795.jpg,train
31,0,31_0_0_20170105165008674.jpg,train
36,0,36_0_0_20170117163601353.jpg,train
2,2,2_1_2_20161219153759916.jpg,train
52,0,52_0_0_20170111204457405.jpg,train
30,2,30_0_2_20170116163100468.jpg,train
1,3,1_0_3_20161219225559648.jpg,train
49,0,49_1_0_20170109013132704.jpg,train
26,3,26_1_3_20170119155434898.jpg,train
14,0,14_1_0_20170109212926958.jpg,train
26,1,26_0_1_20170114032944348.jpg,train
27,2,27_0_2_20170119193328922.jpg,train
2,2,2_0_2_20161219222109319.jpg,train
19,0,19_1_0_20170109193136416.jpg,train
90,0,90_0_0_20170111205428761.jpg,train
34,3,34_1_3_20170119152656528.jpg,train
9,0,9_0_0_20170110220411186.jpg,train
40,2,40_1_2_20170116183756243.jpg,train
3,4,3_1_4_20161221195312639.jpg,train
30,2,30_1_2_20170116192341274.jpg,train
25,2,25_1_2_20170116175320721.jpg,train
1,3,1_0_3_20161219224513831.jpg,train
26,2,26_1_2_20170116180404568.jpg,train
25,3,25_1_3_20170119172101233.jpg,train
56,0,56_0_0_20170117191631748.jpg,train
34,1,34_1_1_20170113011632864.jpg,train
12,0,12_0_0_20170117190914091.jpg,train
25,1,25_1_1_20170112230805931.jpg,train
26,4,26_0_4_20170117200626708.jpg,train
26,1,26_1_1_20170112230436478.jpg,train
29,0,29_0_0_20170104192430041.jpg,train
23,0,23_1_0_20170116221811019.jpg,train
54,0,54_0_0_20170117171240755.jpg,train
1,2,1_0_2_20161219203148028.jpg,train
25,0,25_1_0_20170117145650515.jpg,train
59,0,59_1_0_20170110141538799.jpg,train
26,2,26_1_2_20170116163914678.jpg,train
24,2,24_1_2_20170116173442433.jpg,train
40,2,40_0_2_20170116191432618.jpg,train
52,0,52_0_0_20170111205535761.jpg,train
34,3,34_0_3_20170119200729796.jpg,train
4,2,4_0_2_20161219153822276.jpg,train
24,2,24_1_2_20170116172739067.jpg,train
28,2,28_1_2_20170105162338411.jpg,train
26,1,26_1_1_20170117183713316.jpg,train
2,2,2_0_2_20161219222006136.jpg,train
13,0,13_0_0_20170110224531616.jpg,train
35,4,35_1_4_20170117200255252.jpg,train
60,0,60_0_0_20170104185553854.jpg,train
28,1,28_1_1_20170113010410263.jpg,train
55,0,55_0_0_20170111201201679.jpg,train
29,2,29_0_2_20170116162155755.jpg,train
39,3,39_0_3_20170104220721736.jpg,train
61,0,61_1_0_20170103184132186.jpg,train
55,3,55_1_3_20170119180703420.jpg,train
24,2,24_1_2_20170116164813386.jpg,train
25,4,25_1_4_20170103230211911.jpg,train
23,3,23_1_3_20170119152429983.jpg,train
28,2,28_0_2_20170116190109349.jpg,train
43,0,43_1_0_20170117155107368.jpg,train
53,0,53_0_0_20170111171747432.jpg,train
29,0,29_1_0_20170116003521569.jpg,train
1,0,1_1_0_20170109190844250.jpg,train
23,3,23_0_3_20170119164331517.jpg,train
26,0,26_1_0_20170117003136628.jpg,train
26,0,26_1_0_20170103180946896.jpg,train
30,4,30_1_4_20170117143606826.jpg,train
2,3,2_1_3_20161219224614064.jpg,train
55,0,55_1_0_20170117152514923.jpg,train
22,2,22_0_2_20170104021125111.jpg,train
2,4,2_0_4_20170103202407440.jpg,train
18,0,18_1_0_20170105002457379.jpg,train
46,3,46_1_3_20170119204838888.jpg,train
1,0,1_1_0_20170109194413813.jpg,train
24,4,24_1_4_20170103230420760.jpg,train
12,0,12_0_0_20170117145849076.jpg,train
26,1,26_0_1_20170116210257827.jpg,train
36,3,36_0_3_20170104220654654.jpg,train
22,2,22_1_2_20170116172718234.jpg,train
21,1,21_1_1_20170112233421128.jpg,train
28,2,28_1_2_20170116165503355.jpg,train
64,0,64_0_0_20170120223405252.jpg,train
26,4,26_0_4_20170117201113262.jpg,train
48,0,48_0_0_20170104182220669.jpg,train
56,0,56_0_0_20170111202842202.jpg,train
35,1,35_1_1_20170112231632006.jpg,train
10,0,10_0_0_20170110220503946.jpg,train
53,0,53_0_0_20170111202035978.jpg,train
28,4,28_0_4_20170117202327093.jpg,train
24,0,24_1_0_20170104234820025.jpg,train
59,0,59_1_0_20170113184300134.jpg,train
26,2,26_0_2_20170117201336782.jpg,train
20,3,20_0_3_20170119153211097.jpg,train
24,2,24_1_2_20170116171604159.jpg,train
26,1,26_1_1_20170117152602749.jpg,train
6,0,6_1_0_20170109201859697.jpg,train
32,1,32_1_1_20170117134811472.jpg,train
26,1,26_1_1_20170117183916995.jpg,train
24,0,24_1_0_20170105000720347.jpg,train
35,1,35_0_1_20170113190521337.jpg,train
32,1,32_0_1_20170113151844984.jpg,train
29,0,29_0_0_20170117180725353.jpg,train
1,2,1_0_2_20161219203724580.jpg,train
26,2,26_1_2_20170116163008149.jpg,train
28,0,28_0_0_20170117180233918.jpg,train
29,3,29_0_3_20170119171739135.jpg,train
54,0,54_1_0_20170117155551876.jpg,train
31,1,31_1_1_20170116234434494.jpg,train
50,0,50_0_0_20170120222405224.jpg,train
26,0,26_0_0_20170113210127170.jpg,train
16,0,16_0_0_20170110231700274.jpg,train
26,0,26_0_0_20170116203343708.jpg,train
22,3,22_0_3_20170119160342147.jpg,train
12,0,12_1_0_20170109203306886.jpg,train
26,1,26_1_1_20170116222916879.jpg,train
10,0,10_0_0_20170110220546177.jpg,train
27,3,27_0_3_20170117175425208.jpg,train
21,1,21_1_1_20170112233528728.jpg,train
8,0,8_1_0_20170109202305645.jpg,train
26,0,26_0_0_20170113210319790.jpg,train
67,0,67_0_0_20170120230048298.jpg,train
17,0,17_0_0_20170104011953696.jpg,train
25,3,25_1_3_20161220221512186.jpg,train
22,3,22_1_3_20170109131950179.jpg,train
45,3,45_0_3_20170119201135740.jpg,train
2,3,2_1_3_20161220145346192.jpg,train
30,0,30_1_0_20170116220523530.jpg,train
12,0,12_1_0_20170109201553786.jpg,train
39,0,39_0_0_20170104204706825.jpg,train
50,3,50_0_3_20170119195757652.jpg,train
45,0,45_1_0_20170119192452937.jpg,train
36,0,36_0_0_20170104173019797.jpg,train
70,0,70_0_0_20170117160051432.jpg,train
26,3,26_1_3_20170116184646017.jpg,train
27,2,27_1_2_20170116165932169.jpg,train
31,3,31_0_3_20170119195952148.jpg,train
24,2,24_0_2_20170116174552100.jpg,train
63,0,63_1_0_20170110132501568.jpg,train
35,0,35_1_0_20170109132412553.jpg,train
35,0,35_0_0_20170119201459165.jpg,train
28,2,28_1_2_20170116192600926.jpg,train
26,3,26_0_3_20170117154708157.jpg,train
90,0,90_0_0_20170111210151491.jpg,train
60,0,60_1_0_20170110141351728.jpg,train
25,1,25_1_1_20170113011541030.jpg,train
40,1,40_1_1_20170116165523668.jpg,train
37,0,37_1_0_20170103183009635.jpg,train
29,1,29_0_1_20170117204407433.jpg,train
24,1,24_0_1_20170120133915911.jpg,train
28,3,28_1_3_20170119144214613.jpg,train
53,3,53_0_3_20170119205830000.jpg,train
65,0,65_1_0_20170110123555351.jpg,train
39,1,39_1_1_20170116224149881.jpg,train
53,0,53_1_0_20170109012819625.jpg,train
28,2,28_0_2_20170116162117606.jpg,train
36,1,36_0_1_20170116030200366.jpg,train
16,0,16_0_0_20170110232218902.jpg,train
1,2,1_1_2_20161219221253335.jpg,train
30,2,30_0_2_20170116180136075.jpg,train
45,0,45_0_0_20170120134450959.jpg,train
28,3,28_1_3_20170119194448739.jpg,train
30,2,30_1_2_20170116180519798.jpg,train
38,0,38_0_0_20170105171807556.jpg,train
24,4,24_1_4_20170117150615516.jpg,train
23,0,23_0_0_20170117144618155.jpg,train
27,1,27_1_1_20170117165225648.jpg,train
20,0,20_1_0_20170109212911927.jpg,train
80,0,80_1_0_20170110183156137.jpg,train
45,0,45_0_0_20170117172543924.jpg,train
47,0,47_0_0_20170113210126541.jpg,train
90,0,90_1_0_20170120221550509.jpg,train
27,2,27_1_2_20170116170654971.jpg,train
68,0,68_0_0_20170120224541303.jpg,train
22,0,22_0_0_20170104003957078.jpg,train
60,0,60_1_0_20170110141826799.jpg,train
24,2,24_0_2_20170116001001063.jpg,train
54,0,54_0_0_20170105164001139.jpg,train
36,0,36_0_0_20170119194752299.jpg,train
53,0,53_0_0_20170111201139891.jpg,train
26,3,26_1_3_20170104231407282.jpg,train
25,3,25_0_3_20170119171550208.jpg,train
27,1,27_1_1_20170116000504802.jpg,train
11,0,11_0_0_20170110224606036.jpg,train
39,0,39_1_0_20170117154454831.jpg,train
40,0,40_0_0_20170104204609691.jpg,train
29,1,29_1_1_20170116161645150.jpg,train
26,1,26_1_1_20170116231923179.jpg,train
38,0,38_1_0_20170104235617475.jpg,train
55,3,55_0_3_20170119201009922.jpg,train
17,1,17_0_1_20170113132556480.jpg,train
35,1,35_0_1_20170117191454763.jpg,train
32,2,32_0_2_20170116163341710.jpg,train
22,4,22_1_4_20161221195925096.jpg,train
25,0,25_1_0_20170117141719089.jpg,train
53,0,53_1_0_20170110122530359.jpg,train
7,0,7_1_0_20170109202312260.jpg,train
29,1,29_1_1_20170114030852380.jpg,train
28,0,28_0_0_20170117145726220.jpg,train
1,3,1_0_3_20161219225633088.jpg,train
34,0,34_1_0_20170117182752390.jpg,train
4,0,4_1_0_20170109193404863.jpg,train
20,3,20_1_3_20170119153755113.jpg,train
24,3,24_1_3_20170119171016977.jpg,train
24,1,24_0_1_20170113175213491.jpg,train
28,2,28_0_2_20170116191256645.jpg,train
4,3,4_0_3_20161220220759066.jpg,train
52,0,52_0_0_20170103183604970.jpg,train
1,3,1_0_3_20161219230601296.jpg,train
54,0,54_1_0_20170117171154110.jpg,train
9,0,9_0_0_20170110224425000.jpg,train
36,3,36_0_3_20170119201732293.jpg,train
26,3,26_1_3_20170104214715278.jpg,train
31,2,31_1_2_20170104022004181.jpg,train
30,1,30_0_1_20170113141818644.jpg,train
30,2,30_1_2_20170116192334382.jpg,train
58,0,58_0_0_20170111205913082.jpg,train
45,1,45_0_1_20170117170533401.jpg,train
26,0,26_1_0_20170113210127505.jpg,train
10,0,10_0_0_20170110221719390.jpg,train
40,0,40_0_0_20170104170254385.jpg,train
16,0,16_0_0_20170110232817061.jpg,train
26,0,26_0_0_20170119180222692.jpg,train
23,4,23_1_4_20170103223410718.jpg,train
32,1,32_1_1_20170113011625824.jpg,train
26,0,26_1_0_20170117174948312.jpg,train
26,1,26_1_1_20170116232703010.jpg,train
26,2,26_0_2_20170117172733502.jpg,train
70,0,70_1_0_20170117172444338.jpg,train
36,1,36_1_1_20170113011437606.jpg,train
26,2,26_1_2_20170116161912952.jpg,train
35,1,35_0_1_20170117135003701.jpg,train
24,1,24_0_1_20170117150107644.jpg,train
26,0,26_1_0_20170117173257366.jpg,train
28,2,28_1_2_20170116161950375.jpg,train
30,0,30_1_0_20170117171117386.jpg,train
26,1,26_1_1_20170113135610650.jpg,train
55,0,55_0_0_20170120223714006.jpg,train
25,3,25_1_3_20170104222315121.jpg,train
28,1,28_1_1_20170109132733613.jpg,train
29,0,29_0_0_20170103182336026.jpg,train
58,0,58_0_0_20170109010225320.jpg,train
32,3,32_0_3_20170104214152870.jpg,train
32,0,32_1_0_20170117134826702.jpg,train
26,0,26_1_0_20170116235045805.jpg,train
22,1,22_1_1_20170112230505525.jpg,train
32,0,32_0_0_20170113183737287.jpg,train
8,0,8_1_0_20170109202308260.jpg,train
31,1,31_1_1_20170116154733116.jpg,train
28,3,28_0_3_20170117020056667.jpg,train
23,3,23_0_3_20170119164159892.jpg,train
39,0,39_1_0_20170103163234408.jpg,train
28,0,28_1_0_20170105162552899.jpg,train
35,0,35_1_0_20170103183207120.jpg,train
56,0,56_1_0_20170110122147365.jpg,train
45,0,45_0_0_20170117180830778.jpg,train
16,0,16_0_0_20170110232647979.jpg,train
36,1,36_1_1_20170113195419453.jpg,train
37,3,37_0_3_20170119194717603.jpg,train
24,4,24_1_4_20170116220449622.jpg,train
29,2,29_0_2_20170116162050789.jpg,train
26,3,26_0_3_20170119180459012.jpg,train
27,0,27_0_0_20170116205304488.jpg,train
1,0,1_0_0_20170110211535352.jpg,train
55,3,55_0_3_20170119171117830.jpg,train
13,0,13_1_0_20170109203322570.jpg,train
1,0,1_0_0_20170110213327766.jpg,train
4,0,4_0_0_20170105183540567.jpg,train
36,1,36_1_1_20170113000900081.jpg,train
47,0,47_0_0_20170119175343739.jpg,train
21,3,21_1_3_20170104222121713.jpg,train
30,1,30_1_1_20170112231459398.jpg,train
32,0,32_0_0_20170117123747212.jpg,train
2,2,2_1_2_20161219211255317.jpg,train
26,0,26_0_0_20170113210126743.jpg,train
30,0,30_0_0_20170117130634587.jpg,train
26,0,26_0_0_20170113210126924.jpg,train
28,0,28_1_0_20170116173054767.jpg,train
30,0,30_0_0_20170117151539963.jpg,train
26,2,26_1_2_20170117154425237.jpg,train
35,2,35_1_2_20170109010122762.jpg,train
36,1,36_1_1_20170112231430536.jpg,train
21,2,21_1_2_20170116171712885.jpg,train
45,3,45_0_3_20170119195643531.jpg,train
30,0,30_0_0_20170117123740914.jpg,train
26,4,26_1_4_20170103230455729.jpg,train
85,0,85_1_0_20170110183728036.jpg,train
24,1,24_1_1_20170116225255798.jpg,train
33,0,33_1_0_20170117175140175.jpg,train
2,3,2_0_3_20161219224627007.jpg,train
24,4,24_1_4_20170103234050620.jpg,train
36,0,36_1_0_20170113182833573.jpg,train
4,0,4_1_0_20170109192031317.jpg,train
2,0,2_0_0_20170110224730142.jpg,train
18,0,18_0_0_20170110232030603.jpg,train
62,0,62_1_0_20170110122421679.jpg,train
54,0,54_0_0_20170105173411309.jpg,train
30,0,30_0_0_20170120220656642.jpg,train
32,3,32_0_3_20170117182343614.jpg,train
18,0,18_1_0_20170109213550274.jpg,train
74,0,74_1_0_20170110131502622.jpg,train
6,3,6_1_3_20170119152913753.jpg,train
35,4,35_0_4_20170116191747403.jpg,train
65,1,65_0_1_20170120223219484.jpg,train
40,0,40_0_0_20170117135602850.jpg,train
61,0,61_0_0_20170120225137492.jpg,train
58,0,58_0_0_20170120224926808.jpg,train
54,3,54_0_3_20170104212519197.jpg,train
39,3,39_0_3_20170119203753135.jpg,train
2,0,2_1_0_20170109194426114.jpg,train
26,2,26_1_2_20170103181524137.jpg,train
30,0,30_0_0_20170117171547706.jpg,train
26,1,26_1_1_20170112211652677.jpg,train
67,0,67_1_0_20170110140843433.jpg,train
4,0,4_1_0_20161219230409176.jpg,train
24,2,24_1_2_20170116173412953.jpg,train
25,1,25_1_1_20170103182259857.jpg,train
28,2,28_1_2_20170116190142300.jpg,train
45,1,45_0_1_20170113184105455.jpg,train
63,0,63_0_0_20170104185626214.jpg,train
25,3,25_1_3_20170117180220918.jpg,train
40,0,40_0_0_20170104205218667.jpg,train
60,0,60_0_0_20170111202416395.jpg,train
65,1,65_0_1_20170120222944643.jpg,train
65,0,65_0_0_20170117172713976.jpg,train
24,3,24_1_3_20170104215645565.jpg,train
1,2,1_1_2_20170109192046767.jpg,train
8,0,8_0_0_20170110215618155.jpg,train
63,0,63_0_0_20170104213259957.jpg,train
48,0,48_1_0_20170117154722170.jpg,train
1,2,1_1_2_20161219203318222.jpg,train
53,0,53_1_0_20170117191014323.jpg,train
3,0,3_1_0_20170109193421750.jpg,train
2,2,2_1_2_20161219141231552.jpg,train
85,0,85_1_0_20170110181745563.jpg,train
1,2,1_0_2_20161219151123435.jpg,train
26,3,26_1_3_20170119152455872.jpg,train
50,3,50_0_3_20170119205530376.jpg,train
1,4,1_1_4_20170103204825447.jpg,train
1,0,1_0_0_20170110213042997.jpg,train
26,2,26_1_2_20170116220824205.jpg,train
1,3,1_0_3_20161219225611272.jpg,train
57,0,57_1_0_20170110120843929.jpg,train
24,0,24_0_0_20170113210127140.jpg,train
23,1,23_0_1_20170117144346825.jpg,train
28,3,28_0_3_20170119194937372.jpg,train
22,1,22_1_1_20170112202834858.jpg,train
50,0,50_0_0_20170104212134308.jpg,train
39,0,39_1_0_20170117190455571.jpg,train
29,0,29_0_0_20170116214417558.jpg,train
54,0,54_1_0_20170109010202728.jpg,train
1,4,1_0_4_20170103210037042.jpg,train
26,1,26_1_1_20170117200332549.jpg,train
59,0,59_0_0_20170109012750162.jpg,train
21,0,21_0_0_20170117142009042.jpg,train
1,2,1_0_2_20161219222035808.jpg,train
26,3,26_1_3_20170113011802678.jpg,train
28,0,28_0_0_20170117121808358.jpg,train
56,0,56_1_0_20170110152839709.jpg,train
32,3,32_0_3_20170119200339548.jpg,train
18,0,18_0_0_20170110231625906.jpg,train
24,3,24_1_3_20170119170559575.jpg,train
31,1,31_0_1_20170116010511938.jpg,train
40,3,40_0_3_20170116233105322.jpg,train
26,2,26_1_2_20170117154930236.jpg,train
59,0,59_0_0_20170104212234005.jpg,train
5,2,5_0_2_20161219222736055.jpg,train
26,1,26_1_1_20170116231915148.jpg,train
67,0,67_1_0_20170120225003182.jpg,train
22,1,22_1_1_20170113011834360.jpg,train
18,0,18_1_0_20170109213149718.jpg,train
25,3,25_1_3_20170119164527886.jpg,train
4,3,4_0_3_20161220220934786.jpg,train
52,0,52_0_0_20170104205512484.jpg,train
50,1,50_0_1_20170113182107886.jpg,train
50,0,50_1_0_20170111182452943.jpg,train
28,2,28_1_2_20170104022917342.jpg,train
45,3,45_1_3_20170119144758533.jpg,train
40,3,40_1_3_20170119204008588.jpg,train
35,2,35_1_2_20170116233432190.jpg,train
37,0,37_0_0_20170104205841436.jpg,train
42,2,42_0_2_20170104210407684.jpg,train
28,4,28_0_4_20170116182445736.jpg,train
60,0,60_1_0_20170117130514218.jpg,train
9,0,9_0_0_20170110220559873.jpg,train
2,0,2_0_0_20161219163517871.jpg,train
2,2,2_0_2_20161219152914700.jpg,train
28,0,28_0_0_20170117134849833.jpg,train
36,1,36_1_1_20170117183237374.jpg,train
37,0,37_1_0_20170117160416815.jpg,train
32,0,32_0_0_20170117182416733.jpg,train
37,3,37_0_3_20170119202500878.jpg,train
38,0,38_0_0_20170104202333304.jpg,train
75,0,75_1_0_20170120225350768.jpg,train
31,0,31_0_0_20170104170131913.jpg,train
26,3,26_1_3_20170119144411037.jpg,train
55,0,55_1_0_20170120222035182.jpg,train
27,0,27_1_0_20170117173155398.jpg,train
16,0,16_0_0_20170104012325066.jpg,train
49,0,49_0_0_20170103182824970.jpg,train
26,4,26_1_4_20170103225928346.jpg,train
34,0,34_0_0_20170117135123537.jpg,train
42,0,42_1_0_20170117154806950.jpg,train
54,3,54_0_3_20170117155453576.jpg,train
41,0,41_0_0_20170116010754652.jpg,train
17,0,17_0_0_20170116201003399.jpg,train
28,2,28_1_2_20170105000553851.jpg,train
58,0,58_0_0_20170111204009616.jpg,train
17,0,17_0_0_20170110232257182.jpg,train
31,1,31_0_1_20170117021212992.jpg,train
28,2,28_1_2_20170116164637415.jpg,train
40,0,40_0_0_20170116235455068.jpg,train
1,2,1_1_2_20161219161757030.jpg,train
27,1,27_1_1_20170116162433766.jpg,train
50,0,50_0_0_20170104202456587.jpg,train
26,1,26_0_1_20170113152216521.jpg,train
22,0,22_1_0_20170117193908380.jpg,train
35,1,35_0_1_20170117142612894.jpg,train
57,0,57_1_0_20170109132244248.jpg,train
40,0,40_0_0_20170117170900892.jpg,train
26,3,26_1_3_20170119180229629.jpg,train
31,0,31_0_0_20170117012336960.jpg,train
25,3,25_0_3_20170119171618146.jpg,train
22,2,22_1_2_20170116172549492.jpg,train
9,0,9_1_0_20170109200846880.jpg,train
26,0,26_0_0_20170117091440776.jpg,train
37,3,37_1_3_20170109131834447.jpg,train
6,0,6_0_0_20170110215531428.jpg,train
24,4,24_1_4_20170117150626732.jpg,train
28,1,28_0_1_20170113142308413.jpg,train
30,2,30_1_2_20170104020408339.jpg,train
54,3,54_0_3_20170119180958035.jpg,train
24,2,24_1_2_20170116174646221.jpg,train
28,3,28_1_3_20170119194616045.jpg,train
33,1,33_0_1_20170114034227427.jpg,train
90,0,90_0_0_20170111222149759.jpg,train
9,0,9_0_0_20170110215516060.jpg,train
16,0,16_1_0_20170109212959831.jpg,train
25,0,25_1_0_20170104023032454.jpg,train
25,0,25_1_0_20170117134837758.jpg,train
29,3,29_0_3_20170117180751226.jpg,train
26,1,26_1_1_20170116160253328.jpg,train
26,3,26_1_3_20170119180813956.jpg,train
14,0,14_1_0_20170109213635068.jpg,train
38,1,38_0_1_20170113142213931.jpg,train
46,1,46_0_1_20170113152154248.jpg,train
27,1,27_1_1_20170112203947771.jpg,train
27,1,27_1_1_20170112213555559.jpg,train
24,3,24_1_3_20170119164720463.jpg,train
50,0,50_0_0_20170116183942841.jpg,train
36,3,36_1_3_20170117183328934.jpg,train
39,1,39_0_1_20170116010441172.jpg,train
58,0,58_0_0_20170117173108249.jpg,train
16,1,16_0_1_20170110231713914.jpg,train
24,0,24_1_0_20170112204907819.jpg,train
26,1,26_1_1_20170116232352844.jpg,train
37,3,37_0_3_20170117183422120.jpg,train
20,0,20_1_0_20170117141358391.jpg,train
54,0,54_0_0_20170105163714131.jpg,train
22,1,22_0_1_20170114033213586.jpg,train
8,0,8_1_0_20170109205218680.jpg,train
24,0,24_1_0_20170117150517123.jpg,train
58,0,58_0_0_20170120224028072.jpg,train
36,0,36_0_0_20170116210312217.jpg,train
25,1,25_1_1_20170116003320107.jpg,train
1,4,1_1_4_20161221201957481.jpg,train
30,0,30_1_0_20170117154138315.jpg,train
24,1,24_0_1_20170113132717504.jpg,train
31,3,31_1_3_20170119200101732.jpg,train
29,0,29_0_0_20170105164610203.jpg,train
68,0,68_0_0_20170111205855178.jpg,train
60,0,60_1_0_20170110143505801.jpg,train
35,0,35_1_0_20170117154643574.jpg,train
36,0,36_1_0_20170103182854050.jpg,train
26,3,26_1_3_20170117173750790.jpg,train
27,0,27_1_0_20170117175942220.jpg,train
1,0,1_1_0_20170109192451846.jpg,train
26,0,26_1_0_20170105183657951.jpg,train
30,1,30_0_1_20170116214526846.jpg,train
26,4,26_1_4_20170103230004440.jpg,train
2,2,2_1_2_20161219154604597.jpg,train
35,1,35_1_1_20170114024724202.jpg,train
65,0,65_0_0_20170111224012460.jpg,train
75,0,75_0_0_20170111210552235.jpg,train
31,1,31_1_1_20170116222926118.jpg,train
4,0,4_1_0_20161219225102680.jpg,train
33,0,33_1_0_20170105003407044.jpg,train
45,3,45_0_3_20170119194832939.jpg,train
56,0,56_0_0_20170111211431463.jpg,train
24,3,24_1_3_20170119171103008.jpg,train
52,0,52_1_0_20170110151437658.jpg,train
33,0,33_0_0_20170117155210391.jpg,train
27,3,27_0_3_20170104230231577.jpg,train
34,0,34_1_0_20170105164157515.jpg,train
24,2,24_1_2_20170116165947925.jpg,train
30,1,30_0_1_20170117123914245.jpg,train
23,3,23_1_3_20170119164542581.jpg,train
26,1,26_0_1_20170116192106714.jpg,train
32,0,32_0_0_20170116205924224.jpg,train
39,0,39_0_0_20170117185132049.jpg,train
25,2,25_1_2_20170116175148849.jpg,train
54,3,54_0_3_20170119210114392.jpg,train
40,1,40_0_1_20170116011202811.jpg,train
1,0,1_1_0_20161219212106493.jpg,train
24,1,24_1_1_20170113001636241.jpg,train
23,0,23_1_0_20170112234244982.jpg,train
26,1,26_1_1_20170116223229525.jpg,train
60,0,60_0_0_20170120222339215.jpg,train
55,0,55_0_0_20170117190606570.jpg,train
29,1,29_1_1_20170116003347103.jpg,train
6,0,6_0_0_20170110213600515.jpg,train
26,0,26_0_0_20170113210126726.jpg,train
1,3,1_1_3_20161220222128210.jpg,train
24,1,24_1_1_20170112230626278.jpg,train
30,1,30_0_1_20170117123820956.jpg,train
1,3,1_0_3_20161220223225003.jpg,train
1,3,1_0_3_20161219225021361.jpg,train
40,0,40_1_0_20170117135417615.jpg,train
54,0,54_0_0_20170104170659826.jpg,train
40,0,40_0_0_20170105172450332.jpg,train
26,3,26_1_3_20170119193110266.jpg,train
53,0,53_1_0_20170105173239309.jpg,train
23,3,23_1_3_20170119164532542.jpg,train
38,0,38_1_0_20170111182452859.jpg,train
1,0,1_1_0_20170109191144250.jpg,train
18,0,18_1_0_20170109214116215.jpg,train
54,0,54_0_0_20170104184100878.jpg,train
23,1,23_1_1_20170114030641409.jpg,train
28,1,28_0_1_20170116143149179.jpg,train
38,0,38_0_0_20170117120851677.jpg,train
3,0,3_1_0_20161219204203028.jpg,train
36,3,36_0_3_20170119201741572.jpg,train
32,0,32_1_0_20170116191618394.jpg,train
18,0,18_0_0_20170110232058918.jpg,train
75,0,75_1_0_20170120221956669.jpg,train
35,1,35_1_1_20170113001650939.jpg,train
46,0,46_0_0_20170104203859666.jpg,train
20,3,20_1_3_20170104222029447.jpg,train
26,4,26_0_4_20170117153648990.jpg,train
45,0,45_0_0_20170111181750431.jpg,train
48,0,48_0_0_20170119205302120.jpg,train
3,2,3_0_2_20161219192725995.jpg,train
22,3,22_0_3_20170119160226043.jpg,train
65,3,65_0_3_20170119203933382.jpg,train
22,4,22_1_4_20170117193954085.jpg,train
1,0,1_0_0_20170109193647852.jpg,train
34,0,34_0_0_20170113142058154.jpg,train
26,2,26_1_2_20170105163925349.jpg,train
45,0,45_0_0_20170117180911771.jpg,train
24,1,24_0_1_20170117170559987.jpg,train
46,0,46_0_0_20170117190127107.jpg,train
68,0,68_0_0_20170111222231920.jpg,train
22,3,22_0_3_20170119162922591.jpg,train
36,0,36_0_0_20170104201829601.jpg,train
18,1,18_0_1_20170113132626633.jpg,train
26,3,26_0_3_20170119180341844.jpg,train
34,0,34_1_0_20170116180053899.jpg,train
53,0,53_0_0_20170105173248910.jpg,train
55,0,55_0_0_20170111194750534.jpg,train
34,3,34_0_3_20170119154527314.jpg,train
47,0,47_0_0_20170109010730191.jpg,train
38,0,38_1_0_20170117154127675.jpg,train
45,0,45_0_0_20170117182436373.jpg,train
20,1,20_1_1_20170113005339990.jpg,train
1,3,1_0_3_20170104230640081.jpg,train
4,2,4_1_2_20161219141837833.jpg,train
12,0,12_0_0_20170110225028524.jpg,train
29,1,29_0_1_20170117095000746.jpg,train
55,0,55_1_0_20170110160643438.jpg,train
29,3,29_0_3_20170117180741530.jpg,train
28,4,28_1_4_20170117202544912.jpg,train
23,1,23_0_1_20170113133721489.jpg,train
56,0,56_0_0_20170113182756438.jpg,train
26,3,26_1_3_20170104222627929.jpg,train
26,1,26_1_1_20170113000717466.jpg,train
36,1,36_0_1_20170113175738212.jpg,train
57,0,57_0_0_20170120223915670.jpg,train
24,2,24_1_2_20170116165633882.jpg,train
26,4,26_1_4_20170117174527047.jpg,train
26,1,26_1_1_20170116234738082.jpg,train
26,1,26_0_1_20170116024646322.jpg,train
1,0,1_1_0_20161219204130316.jpg,train
35,0,35_0_0_20170116212002051.jpg,train
40,0,40_0_0_20170117145838179.jpg,train
45,3,45_0_3_20170119202720533.jpg,train
26,0,26_1_0_20170113210604325.jpg,train
41,0,41_1_0_20170104170026513.jpg,train
30,0,30_0_0_20170117152309069.jpg,train
22,1,22_1_1_20170113193237676.jpg,train
21,3,21_1_3_20170119154352346.jpg,train
44,0,44_0_0_20170113184633535.jpg,train
4,2,4_0_2_20161219162919806.jpg,train
18,0,18_1_0_20170109212849263.jpg,train
28,2,28_0_2_20170116191441850.jpg,train
45,3,45_0_3_20170119171336179.jpg,train
32,0,32_1_0_20170117134820910.jpg,train
25,1,25_1_1_20170112191300605.jpg,train
31,0,31_1_0_20170117133433345.jpg,train
24,3,24_0_3_20170117145945091.jpg,train
29,0,29_0_0_20170117180854265.jpg,train
60,0,60_0_0_20170117091256462.jpg,train
54,0,54_0_0_20170104212619757.jpg,train
26,1,26_0_1_20170113175136531.jpg,train
30,2,30_1_2_20170104021318733.jpg,train
37,0,37_0_0_20170109003623296.jpg,train
32,0,32_0_0_20170120220945196.jpg,train
3,0,3_1_0_20170104005119728.jpg,train
5,2,5_1_2_20161219185946638.jpg,train
21,0,21_1_0_20170116215627769.jpg,train
48,0,48_0_0_20170117153924476.jpg,train
28,0,28_1_0_20170112203956699.jpg,train
59,0,59_0_0_20170104184923262.jpg,train
60,1,60_1_1_20170113185146864.jpg,train
35,0,35_0_0_20170105163921171.jpg,train
28,1,28_0_1_20170113155301388.jpg,train
40,0,40_0_0_20170116224847395.jpg,train
1,2,1_0_2_20161219211407518.jpg,train
2,2,2_0_2_20161219211913310.jpg,train
21,0,21_1_0_20170116214341701.jpg,train
26,1,26_1_1_20170116182045931.jpg,train
50,0,50_1_0_20170120222828266.jpg,train
45,3,45_0_3_20170119194520650.jpg,train
26,0,26_1_0_20170117170011666.jpg,train
12,0,12_1_0_20170109193530060.jpg,train
24,2,24_0_2_20170116163855503.jpg,train
52,3,52_0_3_20170104202143258.jpg,train
41,0,41_1_0_20170109010103671.jpg,train
60,0,60_0_0_20170104185423670.jpg,train
34,3,34_0_3_20170119200814036.jpg,train
50,0,50_1_0_20170117135347887.jpg,train
26,0,26_0_0_20170113210126312.jpg,train
56,1,56_1_1_20170116234821191.jpg,train
41,0,41_0_0_20170117185454480.jpg,train
27,0,27_0_0_20170116220641348.jpg,train
6,0,6_1_0_20170109204600139.jpg,train
4,3,4_1_3_20161219224906705.jpg,train
33,0,33_0_0_20170117145924419.jpg,train
42,0,42_0_0_20170117185621339.jpg,train
36,0,36_0_0_20170113183241454.jpg,train
56,0,56_0_0_20170111200016066.jpg,train
47,0,47_1_0_20170110123140034.jpg,train
26,2,26_0_2_20170117172630501.jpg,train
30,2,30_0_2_20170116173731692.jpg,train
30,2,30_1_2_20170117092239284.jpg,train
25,0,25_1_0_20170117140138784.jpg,train
40,0,40_0_0_20170103182925914.jpg,train
35,2,35_0_2_20170116172921158.jpg,train
26,0,26_0_0_20170119184315753.jpg,train
2,4,2_0_4_20161221202515441.jpg,train
40,2,40_0_2_20170116181234709.jpg,train
23,0,23_1_0_20170112234126720.jpg,train
24,0,24_1_0_20170116220210491.jpg,train
29,1,29_1_1_20170120134001948.jpg,train
26,3,26_1_3_20170119180600308.jpg,train
1,0,1_0_0_20161219140627985.jpg,train
4,2,4_1_2_20161219142742801.jpg,train
24,3,24_1_3_20170109132534202.jpg,train
35,0,35_0_0_20170105162448427.jpg,train
1,0,1_0_0_20161219205145821.jpg,train
3,2,3_1_2_20161219205359589.jpg,train
35,1,35_0_1_20170117135244149.jpg,train
48,0,48_0_0_20170104210544269.jpg,train
26,2,26_0_2_20170116175516176.jpg,train
57,0,57_1_0_20170110120935648.jpg,train
26,2,26_1_2_20170103184117683.jpg,train
37,0,37_1_0_20170117184458864.jpg,train
25,0,25_0_0_20170116223149525.jpg,train
26,3,26_1_3_20170117140013800.jpg,train
25,0,25_1_0_20170117142815331.jpg,train
26,3,26_1_3_20170112212035747.jpg,train
35,0,35_0_0_20170117134934676.jpg,train
31,1,31_0_1_20170116203409947.jpg,train
36,1,36_1_1_20170112204442403.jpg,train
60,0,60_0_0_20170120223121330.jpg,train
35,0,35_0_0_20170116233057278.jpg,train
35,0,35_1_0_20170117121850341.jpg,train
26,0,26_0_0_20170120134358310.jpg,train
22,0,22_0_0_20170117140026568.jpg,train
1,0,1_0_0_20161219162630727.jpg,train
26,0,26_1_0_20170119192656049.jpg,train
2,2,2_0_2_20161219200316835.jpg,train
55,3,55_0_3_20170119171706159.jpg,train
1,2,1_0_2_20161219213454832.jpg,train
18,0,18_0_0_20170117140132816.jpg,train
35,0,35_0_0_20170117151327234.jpg,train
1,0,1_0_0_20170109191432590.jpg,train
26,0,26_1_0_20170117173639429.jpg,train
31,1,31_1_1_20170112213126246.jpg,train
26,1,26_0_1_20170117200408766.jpg,train
32,0,32_1_0_20170117094855375.jpg,train
26,0,26_0_0_20170117172830773.jpg,train
80,0,80_0_0_20170117174524277.jpg,train
2,2,2_1_2_20161219192142308.jpg,train
65,0,65_0_0_20170117171238997.jpg,train
1,3,1_0_3_20161219224423280.jpg,train
32,1,32_1_1_20170112210310963.jpg,train
36,0,36_0_0_20170117175602121.jpg,train
1,4,1_1_4_20161221202026104.jpg,train
26,1,26_0_1_20170117200138532.jpg,train
69,0,69_1_0_20170110153451295.jpg,train
27,3,27_1_3_20170119194407555.jpg,train
26,2,26_1_2_20170116184704425.jpg,train
27,0,27_0_0_20170117192029218.jpg,train
39,1,39_0_1_20170113174626658.jpg,train
29,1,29_0_1_20170117190315384.jpg,train
26,1,26_0_1_20170113175359836.jpg,train
2,2,2_1_2_20161219222430327.jpg,train
23,2,23_1_2_20170104020318141.jpg,train
65,0,65_1_0_20170110122721426.jpg,train
3,2,3_1_2_20161219190200060.jpg,train
16,0,16_0_0_20170104003750790.jpg,train
2,2,2_0_2_20161219202702788.jpg,train
2,2,2_0_2_20161219161440095.jpg,train
25,1,25_0_1_20170116001340216.jpg,train
34,3,34_1_3_20170119200614779.jpg,train
76,0,76_0_0_20170111201015692.jpg,train
28,1,28_0_1_20170116005324543.jpg,train
1,2,1_0_2_20161219205111061.jpg,train
32,3,32_0_3_20170119200432788.jpg,train
28,1,28_1_1_20170116152550099.jpg,train
1,0,1_0_0_20170109193440113.jpg,train
42,0,42_0_0_20170113182201676.jpg,train
40,0,40_0_0_20170116221022897.jpg,train
30,0,30_1_0_20170117134355934.jpg,train
1,0,1_1_0_20170110212647258.jpg,train
1,2,1_0_2_20161219161640358.jpg,train
24,2,24_1_2_20170116173417614.jpg,train
24,3,24_1_3_20170104234737428.jpg,train
27,1,27_0_1_20170116010418660.jpg,train
1,3,1_0_3_20161220220116873.jpg,train
48,0,48_1_0_20170105000634011.jpg,train
39,1,39_0_1_20170117142622304.jpg,train
18,3,18_0_3_20170117153126523.jpg,train
80,0,80_0_0_20170117173059810.jpg,train
34,0,34_0_0_20170119180157900.jpg,train
52,0,52_0_0_20170113184049447.jpg,train
21,0,21_0_0_20170104230059401.jpg,train
26,2,26_1_2_20170116163413372.jpg,train
1,2,1_0_2_20161219195703108.jpg,train
18,0,18_1_0_20170109213856511.jpg,train
82,0,82_0_0_20170111210604164.jpg,train
45,3,45_0_3_20170119194525986.jpg,train
24,0,24_0_0_20170113210127326.jpg,train
23,2,23_1_2_20170116172816125.jpg,train
45,1,45_0_1_20170117171914289.jpg,train
24,2,24_1_2_20170116173430041.jpg,train
58,0,58_0_0_20170117160331768.jpg,train
1,2,1_1_2_20161219212611880.jpg,train
25,1,25_0_1_20170117195010460.jpg,train
35,1,35_0_1_20170113183124869.jpg,train
26,0,26_1_0_20170110173815028.jpg,train
27,2,27_1_2_20170109132133665.jpg,train
28,0,28_0_0_20170117120912350.jpg,train
24,0,24_1_0_20170116205746244.jpg,train
28,0,28_1_0_20170116220300753.jpg,train
32,1,32_0_1_20170113175620388.jpg,train
32,1,32_1_1_20170116023841155.jpg,train
54,3,54_0_3_20170119210115904.jpg,train
37,3,37_1_3_20170119163035788.jpg,train
58,0,58_1_0_20170109015222209.jpg,train
24,0,24_0_0_20170117170357643.jpg,train
38,0,38_0_0_20170116214350647.jpg,train
42,1,42_1_1_20170113010938703.jpg,train
35,0,35_0_0_20170117104544995.jpg,train
30,2,30_1_2_20170117154700223.jpg,train
2,0,2_0_0_20170110212819281.jpg,train
73,0,73_1_0_20170120230408787.jpg,train
56,3,56_1_3_20170119211416888.jpg,train
75,0,75_0_0_20170111210835093.jpg,train
45,1,45_0_1_20170116022112213.jpg,train
50,0,50_0_0_20170111171747253.jpg,train
1,2,1_0_2_20161219162850150.jpg,train
30,0,30_0_0_20170103181149464.jpg,train
26,1,26_0_1_20170117200522916.jpg,train
24,1,24_1_1_20170112234416328.jpg,train
32,1,32_0_1_20170117140805502.jpg,train
1,3,1_1_3_20161220143345775.jpg,train
5,3,5_1_3_20170119154358954.jpg,train
1,4,1_0_4_20161221192554517.jpg,train
26,4,26_1_4_20170117174505182.jpg,train
67,0,67_1_0_20170110154623389.jpg,train
60,1,60_1_1_20170110123215950.jpg,train
5,2,5_1_2_20161219160435701.jpg,train
2,2,2_1_2_20161219205100213.jpg,train
26,4,26_1_4_20170117154047070.jpg,train
30,1,30_0_1_20170117123839619.jpg,train
6,0,6_1_0_20170119155357730.jpg,train
37,3,37_0_3_20170119202212805.jpg,train
1,0,1_0_0_20170110213403723.jpg,train
67,0,67_0_0_20170104185241950.jpg,train
24,0,24_1_0_20170111182452774.jpg,train
5,2,5_0_2_20161219192745531.jpg,train
32,0,32_0_0_20170117120941859.jpg,train
8,3,8_1_3_20170104222635007.jpg,train
35,0,35_0_0_20170117204518056.jpg,train
1,0,1_0_0_20161219222101551.jpg,train
23,2,23_1_2_20170116173049386.jpg,train
38,3,38_1_3_20170104235012233.jpg,train
26,3,26_0_3_20170119180511092.jpg,train
5,3,5_1_3_20161219225406048.jpg,train
29,2,29_1_2_20170116162317216.jpg,train
28,2,28_1_2_20170116164519017.jpg,train
45,3,45_0_3_20170119204725919.jpg,train
1,4,1_1_4_20161221201846817.jpg,train
9,0,9_0_0_20170110220515721.jpg,train
80,0,80_0_0_20170111200927317.jpg,train
38,1,38_0_1_20170116010930406.jpg,train
39,1,39_0_1_20170104204530028.jpg,train
36,3,36_0_3_20170119202056149.jpg,train
3,2,3_1_2_20161219140825328.jpg,train
58,1,58_0_1_20170117193633529.jpg,train
27,1,27_0_1_20170113181236631.jpg,train
60,0,60_0_0_20170120222250991.jpg,train
1,2,1_1_2_20161219204304845.jpg,train
4,3,4_1_3_20161219230310713.jpg,train
27,2,27_1_2_20170116162057519.jpg,train
26,3,26_0_3_20170119180528140.jpg,train
1,0,1_1_0_20161219204702517.jpg,train
26,2,26_1_2_20170116182201405.jpg,train
85,0,85_1_0_20170110183700308.jpg,train
72,0,72_1_0_20170110153242401.jpg,train
1,2,1_1_2_20161219205522365.jpg,train
16,0,16_0_0_20170110232113589.jpg,train
35,0,35_0_0_20170117000310436.jpg,train
28,1,28_1_1_20170113012538431.jpg,train
72,0,72_0_0_20170111210618013.jpg,train
26,0,26_1_0_20170116235012961.jpg,train
1,3,1_0_3_20161220220529033.jpg,train
26,3,26_1_3_20170117174106166.jpg,train
23,0,23_1_0_20170103223610503.jpg,train
31,1,31_1_1_20170116002105934.jpg,train
28,0,28_0_0_20170120221639941.jpg,train
26,3,26_0_3_20170104215715094.jpg,train
30,1,30_1_1_20170117133829099.jpg,train
26,1,26_0_1_20170116210425844.jpg,train
26,3,26_1_3_20170109134452703.jpg,train
56,0,56_1_0_20170110125239994.jpg,train
31,1,31_1_1_20170116014139015.jpg,train
26,1,26_0_1_20170117201041494.jpg,train
26,3,26_1_3_20170104222850687.jpg,train
45,3,45_0_3_20170119212016521.jpg,train
47,3,47_0_3_20170119201921580.jpg,train
35,0,35_0_0_20170105161456219.jpg,train
32,0,32_0_0_20170116235403701.jpg,train
35,3,35_1_3_20170104235206234.jpg,train
26,0,26_0_0_20170117173249413.jpg,train
25,3,25_0_3_20170104230227202.jpg,train
9,0,9_0_0_20170110220536562.jpg,train
16,0,16_0_0_20170110231520320.jpg,train
34,1,34_0_1_20170116193910144.jpg,train
36,0,36_0_0_20170117162433077.jpg,train
47,3,47_1_3_20170104235830612.jpg,train
8,0,8_0_0_20170110215948795.jpg,train
1,2,1_0_2_20161219154354285.jpg,train
25,2,25_0_2_20170116161438706.jpg,train
38,3,38_1_3_20170104214200582.jpg,train
25,0,25_1_0_20170116212058157.jpg,train
51,0,51_0_0_20170105173555117.jpg,train
56,0,56_1_0_20170109132244248.jpg,train
34,3,34_0_3_20170117182655941.jpg,train
22,0,22_1_0_20170116214314602.jpg,train
30,0,30_0_0_20170117120123025.jpg,train
3,0,3_1_0_20170109192939414.jpg,train
4,2,4_1_2_20161219190919019.jpg,train
21,3,21_0_3_20170104225910065.jpg,train
33,1,33_0_1_20170113135311186.jpg,train
29,0,29_0_0_20170103182333545.jpg,train
23,3,23_0_3_20170104230136617.jpg,train
26,1,26_1_1_20170112235913713.jpg,train
34,3,34_0_3_20170119200628579.jpg,train
26,2,26_0_2_20170116182654158.jpg,train
1,2,1_0_2_20161219222549447.jpg,train
25,1,25_1_1_20170116003157389.jpg,train
52,0,52_0_0_20170117154856649.jpg,train
30,2,30_1_2_20170116163932623.jpg,train
37,0,37_1_0_20170103163519252.jpg,train
4,2,4_1_2_20161219142601553.jpg,train
28,2,28_0_2_20170116172213528.jpg,train
30,0,30_0_0_20170104200840697.jpg,train
4,0,4_1_0_20170109193124855.jpg,train
45,3,45_0_3_20170119144534917.jpg,train
32,1,32_1_1_20170112220401025.jpg,train
53,0,53_0_0_20170111205031079.jpg,train
37,0,37_1_0_20170104194539720.jpg,train
13,0,13_1_0_20170110220422857.jpg,train
25,2,25_0_2_20170104021135333.jpg,train
26,0,26_1_0_20170103181926881.jpg,train
60,3,60_0_3_20170119205949319.jpg,train
51,0,51_0_0_20170117173700337.jpg,train
23,0,23_0_0_20170117194041797.jpg,train
26,0,26_0_0_20170113210127400.jpg,train
65,0,65_0_0_20170104184609437.jpg,train
20,0,20_0_0_20170117134631710.jpg,train
45,1,45_0_1_20170117165523332.jpg,train
42,1,42_0_1_20170117171503046.jpg,train
23,1,23_0_1_20170113150723591.jpg,train
2,3,2_1_3_20161219225606664.jpg,train
3,2,3_0_2_20161219141725457.jpg,train
1,2,1_0_2_20161219155701277.jpg,train
29,3,29_1_3_20170119195533364.jpg,train
29,0,29_1_0_20170103180724800.jpg,train
35,3,35_0_3_20170119194907323.jpg,train
26,1,26_0_1_20170116203829506.jpg,train
38,1,38_0_1_20170113152802880.jpg,train
26,0,26_1_0_20170117003243018.jpg,train
22,1,22_1_1_20170112233707846.jpg,train
30,3,30_1_3_20170119195850724.jpg,train
53,0,53_0_0_20170109012812390.jpg,train
30,4,30_1_4_20170117203559144.jpg,train
32,0,32_1_0_20170104165907161.jpg,train
28,1,28_0_1_20170117022131217.jpg,train
37,1,37_1_1_20170103183005866.jpg,train
18,0,18_1_0_20170109214453184.jpg,train
33,0,33_1_0_20170105163852244.jpg,train
13,0,13_0_0_20170104012320089.jpg,train
21,1,21_1_1_20170116215855605.jpg,train
26,0,26_0_0_20170113210127408.jpg,train
54,0,54_0_0_20170111222142109.jpg,train
42,0,42_0_0_20170117135659058.jpg,train
65,0,65_1_0_20170110143236073.jpg,train
36,1,36_1_1_20170114030712822.jpg,train
14,0,14_1_0_20170109214428765.jpg,train
21,1,21_1_1_20170112193009590.jpg,train
22,3,22_1_3_20170104232054915.jpg,train
29,0,29_0_0_20170117123720494.jpg,train
32,2,32_0_2_20170116191411640.jpg,train
24,2,24_1_2_20170116165624826.jpg,train
35,3,35_0_3_20170119201304861.jpg,train
90,0,90_0_0_20170111211332406.jpg,train
4,0,4_1_0_20170109193102653.jpg,train
26,0,26_1_0_20170104021534429.jpg,train
33,1,33_1_1_20170116024027298.jpg,train
61,0,61_0_0_20170104213341365.jpg,train
44,3,44_0_3_20170119171650408.jpg,train
29,1,29_1_1_20170113012341792.jpg,train
2,2,2_1_2_20161219203118564.jpg,train
40,0,40_0_0_20170117170711073.jpg,train
2,4,2_0_4_20161221192650388.jpg,train
26,2,26_1_2_20170116175847741.jpg,train
48,0,48_0_0_20170117013722003.jpg,train
32,4,32_1_4_20170116201655721.jpg,train
1,3,1_1_3_20161220220126609.jpg,train
34,3,34_0_3_20170119175427012.jpg,train
43,0,43_0_0_20170119163824508.jpg,train
42,0,42_1_0_20170116232623436.jpg,train
23,3,23_0_3_20170116161243731.jpg,train
25,4,25_0_4_20170103235145124.jpg,train
1,2,1_0_2_20161219202542596.jpg,train
32,1,32_0_1_20170115230958202.jpg,train
35,0,35_1_0_20170117183056734.jpg,train
54,1,54_0_1_20170113135022114.jpg,train
6,3,6_1_3_20161220220515578.jpg,train
45,0,45_1_0_20170117200902766.jpg,train
45,0,45_0_0_20170105172822861.jpg,train
28,3,28_0_3_20170119194434459.jpg,train
45,1,45_0_1_20170111200809203.jpg,train
32,1,32_1_1_20170113012644721.jpg,train
26,0,26_0_0_20170117144704233.jpg,train
25,0,25_0_0_20170117195019627.jpg,train
25,3,25_1_3_20170117152028652.jpg,train
26,2,26_1_2_20170116184530259.jpg,train
2,2,2_0_2_20161219195745171.jpg,train
30,2,30_0_2_20170116194010019.jpg,train
58,0,58_0_0_20170113210319275.jpg,train
23,3,23_1_3_20170117144716562.jpg,train
24,2,24_1_2_20170116173438372.jpg,train
61,0,61_0_0_20170113185456409.jpg,train
25,0,25_0_0_20170104214616710.jpg,train
54,3,54_0_3_20170119210120352.jpg,train
10,0,10_0_0_20170110225421531.jpg,train
28,0,28_1_0_20170117122008648.jpg,train
32,1,32_0_1_20170113151009015.jpg,train
24,0,24_1_0_20170117150740282.jpg,train
56,0,56_1_0_20170103180406295.jpg,train
2,4,2_1_4_20161221195003500.jpg,train
2,4,2_1_4_20161221192754807.jpg,train
29,0,29_1_0_20170103180915991.jpg,train
26,1,26_1_1_20170116203803077.jpg,train
35,1,35_0_1_20170113155203994.jpg,train
29,0,29_1_0_20170116173132299.jpg,train
35,0,35_1_0_20170116235700676.jpg,train
30,4,30_0_4_20170104000115245.jpg,train
37,3,37_0_3_20170104204445187.jpg,train
2,2,2_1_2_20161219190847130.jpg,train
35,4,35_0_4_20170117174212110.jpg,train
8,2,8_1_2_20161219190656899.jpg,train
2,2,2_0_2_20161219222215999.jpg,train
25,3,25_0_3_20170119150637166.jpg,train
60,3,60_0_3_20170119203925892.jpg,train
56,0,56_0_0_20170120222521496.jpg,train
31,1,31_1_1_20170116024050198.jpg,train
36,3,36_0_3_20170119201943645.jpg,train
24,2,24_1_2_20170116173449887.jpg,train
52,0,52_0_0_20170120222227135.jpg,train
1,3,1_1_3_20161220143213583.jpg,train
26,1,26_1_1_20170116233102426.jpg,train
7,0,7_0_0_20170110215534588.jpg,train
25,3,25_1_3_20170104222513085.jpg,train
1,3,1_1_3_20161220142949023.jpg,train
85,0,85_1_0_20170110183752111.jpg,train
25,3,25_1_3_20170109132634146.jpg,train
39,0,39_0_0_20170117184953833.jpg,train
1,4,1_0_4_20170103210731970.jpg,train
1,2,1_0_2_20161219154024292.jpg,train
38,0,38_1_0_20170108230255020.jpg,train
35,2,35_0_2_20170116164415437.jpg,train
26,0,26_1_0_20170117152609260.jpg,train
24,1,24_1_1_20170113000048018.jpg,train
35,0,35_1_0_20170119153703606.jpg,train
27,1,27_0_1_20170114030833116.jpg,train
55,3,55_0_3_20170117175457824.jpg,train
27,0,27_0_0_20170116204136393.jpg,train
30,0,30_0_0_20170117204614223.jpg,train
24,1,24_1_1_20170113011405711.jpg,train
26,0,26_1_0_20170117154817805.jpg,train
58,0,58_0_0_20170104002241806.jpg,train
1,0,1_0_0_20161219154018476.jpg,train
54,0,54_0_0_20170117191404331.jpg,train
28,3,28_0_3_20170119194921298.jpg,train
55,0,55_0_0_20170117185642242.jpg,train
70,0,70_1_0_20170111202338431.jpg,train
45,1,45_0_1_20170116010133085.jpg,train
32,3,32_0_3_20170119200350788.jpg,train
85,0,85_1_0_20170110182055926.jpg,train
59,0,59_0_0_20170104185522222.jpg,train
61,3,61_1_3_20170109142522355.jpg,train
26,1,26_1_1_20170112211311571.jpg,train
26,2,26_0_2_20170116181343246.jpg,train
26,0,26_1_0_20170111182452795.jpg,train
80,0,80_0_0_20170117172950136.jpg,train
88,0,88_1_0_20170110183145045.jpg,train
26,0,26_0_0_20170117173437732.jpg,train
42,0,42_0_0_20170117135651920.jpg,train
42,0,42_0_0_20170117185738076.jpg,train
54,0,54_0_0_20170120223246116.jpg,train
6,0,6_1_0_20170109203213701.jpg,train
29,0,29_0_0_20170104192604087.jpg,train
50,0,50_1_0_20170103163657008.jpg,train
3,3,3_1_3_20161220220625842.jpg,train
26,2,26_0_2_20170116182447321.jpg,train
27,4,27_1_4_20170113011320472.jpg,train
1,0,1_0_0_20170110213326577.jpg,train
26,2,26_1_2_20170116182638875.jpg,train
43,0,43_0_0_20170104184051293.jpg,train
25,0,25_1_0_20170116213524092.jpg,train
40,2,40_0_2_20170117171045229.jpg,train
58,1,58_0_1_20170113184850673.jpg,train
36,0,36_0_0_20170117183228479.jpg,train
29,3,29_1_3_20170117180824298.jpg,train
23,0,23_1_0_20170116221851470.jpg,train
28,1,28_0_1_20170113155441306.jpg,train
35,0,35_1_0_20170117142830378.jpg,train
35,0,35_0_0_20170117191728610.jpg,train
27,3,27_0_3_20170119193229322.jpg,train
36,1,36_1_1_20170113000937962.jpg,train
22,4,22_0_4_20161221202100745.jpg,train
40,0,40_0_0_20170117134704557.jpg,train
50,0,50_0_0_20170117160624326.jpg,train
63,0,63_0_0_20170117192212370.jpg,train
30,1,30_1_1_20170112231435630.jpg,train
26,1,26_0_1_20170117003149461.jpg,train
20,0,20_1_0_20170119153717575.jpg,train
45,0,45_1_0_20170117154458798.jpg,train
26,1,26_0_1_20170113151641880.jpg,train
3,2,3_0_2_20161219141016496.jpg,train
26,0,26_0_0_20170117195426941.jpg,train
20,0,20_1_0_20170117135500046.jpg,train
32,3,32_0_3_20170113182522174.jpg,train
2,4,2_1_4_20161221195222927.jpg,train
65,0,65_0_0_20170120223009912.jpg,train
35,0,35_0_0_20170120221032076.jpg,train
48,0,48_1_0_20170117174150685.jpg,train
26,4,26_0_4_20170117152521052.jpg,train
72,0,72_1_0_20170110132145439.jpg,train
26,1,26_1_1_20170116023939164.jpg,train
26,1,26_0_1_20170113152019432.jpg,train
80,0,80_1_0_20170110131358567.jpg,train
47,0,47_0_0_20170104211822836.jpg,train
26,3,26_1_3_20170117153618803.jpg,train
1,2,1_0_2_20161219195203931.jpg,train
30,1,30_0_1_20170117123902427.jpg,train
1,2,1_1_2_20161219154531437.jpg,train
24,0,24_0_0_20170117194640228.jpg,train
46,0,46_1_0_20170109013450138.jpg,train
32,1,32_0_1_20170113135328377.jpg,train
34,0,34_0_0_20170104170059137.jpg,train
50,0,50_1_0_20170117145826250.jpg,train
30,2,30_0_2_20170116173046870.jpg,train
15,0,15_0_0_20170116201332456.jpg,train
31,2,31_0_2_20170112191137663.jpg,train
60,0,60_0_0_20170117001131850.jpg,train
60,0,60_1_0_20170110154145935.jpg,train
29,2,29_1_2_20170105165156291.jpg,train
37,3,37_0_3_20170119192056728.jpg,train
28,1,28_0_1_20170117015443654.jpg,train
68,0,68_0_0_20170111200803612.jpg,train
58,0,58_0_0_20170117153829116.jpg,train
1,3,1_1_3_20161220143207700.jpg,train
42,0,42_0_0_20170117154744705.jpg,train
25,1,25_1_1_20170103230312265.jpg,train
35,0,35_1_0_20170117184925681.jpg,train
26,0,26_0_0_20170119180141460.jpg,train
1,0,1_0_0_20170110213042127.jpg,train
42,0,42_0_0_20170113185424528.jpg,train
1,0,1_0_0_20170109193820009.jpg,train
38,3,38_0_3_20170117165027105.jpg,train
32,0,32_1_0_20170103181503793.jpg,train
23,0,23_1_0_20170117144757777.jpg,train
46,0,46_0_0_20170104205743292.jpg,train
30,3,30_1_3_20170104232156258.jpg,train
34,0,34_0_0_20170117104600843.jpg,train
18,0,18_1_0_20170109212814819.jpg,train
24,2,24_1_2_20170116171543349.jpg,train
26,3,26_1_3_20170119193058134.jpg,train
26,3,26_0_3_20170104230301625.jpg,train
52,0,52_0_0_20170111200958422.jpg,train
48,0,48_0_0_20170113183719446.jpg,train
22,0,22_0_0_20170117091156202.jpg,train
24,4,24_0_4_20170117194356247.jpg,train
54,0,54_1_0_20170103183727146.jpg,train
1,2,1_1_2_20161219162024742.jpg,train
3,0,3_1_0_20170109192434126.jpg,train
25,2,25_1_2_20170116175258251.jpg,train
54,3,54_1_3_20170109140625083.jpg,train
22,1,22_1_1_20170116172633295.jpg,train
45,0,45_0_0_20170111204133863.jpg,train
52,1,52_0_1_20170113141833692.jpg,train
39,0,39_1_0_20170103184109643.jpg,train
9,0,9_0_0_20170110220427042.jpg,train
24,4,24_1_4_20170117194821716.jpg,train
34,0,34_0_0_20170117134909111.jpg,train
32,1,32_1_1_20170116003159417.jpg,train
51,1,51_0_1_20170117173643818.jpg,train
28,3,28_0_3_20170119194502757.jpg,train
2,0,2_1_0_20170109193339281.jpg,train
26,0,26_0_0_20170117153056836.jpg,train
36,1,36_0_1_20170113142408744.jpg,train
45,3,45_0_3_20170119162821908.jpg,train
25,0,25_1_0_20170116201701430.jpg,train
61,1,61_0_1_20170117194559499.jpg,train
61,0,61_0_0_20170117194336276.jpg,train
26,3,26_0_3_20170119175419890.jpg,train
60,0,60_1_0_20170110122614299.jpg,train
40,0,40_1_0_20170117180019091.jpg,train
42,0,42_0_0_20170117171657481.jpg,train
25,1,25_1_1_20170117014005144.jpg,train
1,3,1_0_3_20161220144838191.jpg,train
70,0,70_1_0_20170110143426723.jpg,train
28,1,28_0_1_20170116002900246.jpg,train
50,3,50_0_3_20170119204521040.jpg,train
3,2,3_0_2_20161219141852353.jpg,train
35,0,35_0_0_20170120220544849.jpg,train
60,0,60_1_0_20170110140645753.jpg,train
30,4,30_1_4_20170117143625216.jpg,train
2,0,2_0_0_20161219161216590.jpg,train
37,1,37_0_1_20170117134417970.jpg,train
1,3,1_0_3_20161220220544050.jpg,train
28,1,28_1_1_20170116164109844.jpg,train
32,3,32_1_3_20170109134532682.jpg,train
2,2,2_1_2_20161219154029060.jpg,train
56,0,56_0_0_20170111204518142.jpg,train
21,0,21_1_0_20170117193737828.jpg,train
26,0,26_1_0_20170105163250483.jpg,train
15,4,15_1_4_20170103230530985.jpg,train
26,0,26_0_0_20170116193316697.jpg,train
21,1,21_1_1_20170112231854926.jpg,train
35,1,35_1_1_20170117151422756.jpg,train
32,0,32_1_0_20170117022346459.jpg,train
28,1,28_0_1_20170116221732374.jpg,train
22,0,22_0_0_20170117135052479.jpg,train
27,0,27_1_0_20170116205640528.jpg,train
54,0,54_0_0_20170104211828524.jpg,train
26,0,26_0_0_20170117201346990.jpg,train
26,2,26_1_2_20170116184655060.jpg,train
25,2,25_1_2_20170104021935245.jpg,train
30,1,30_1_1_20170112213021902.jpg,train
21,0,21_0_0_20170104020830476.jpg,train
28,1,28_1_1_20170114031108125.jpg,train
32,1,32_0_1_20170113152015975.jpg,train
35,4,35_0_4_20170117181050987.jpg,train
4,4,4_1_4_20161221202257809.jpg,train
1,2,1_1_2_20161219220631367.jpg,train
29,0,29_0_0_20170116205219294.jpg,train
24,0,24_1_0_20170116215636399.jpg,train
49,3,49_1_3_20170109141741879.jpg,train
28,1,28_0_1_20170116194234082.jpg,train
50,1,50_0_1_20170113184224648.jpg,train
30,0,30_1_0_20170117135748734.jpg,train
28,0,28_0_0_20170117180143493.jpg,train
27,2,27_0_2_20170116184846062.jpg,train
29,3,29_0_3_20170119195301291.jpg,train
20,0,20_1_0_20170117141400913.jpg,train
20,1,20_0_1_20170116010734667.jpg,train
44,3,44_0_3_20170119172207729.jpg,train
36,3,36_0_3_20170119183659343.jpg,train
53,3,53_0_3_20170119164140382.jpg,train
31,0,31_1_0_20170117182013925.jpg,train
31,1,31_1_1_20170116222821659.jpg,train
8,0,8_1_0_20170109202405671.jpg,train
31,0,31_1_0_20170103183812243.jpg,train
78,0,78_1_0_20170110181107549.jpg,train
3,0,3_0_0_20170110212535063.jpg,train
68,0,68_1_0_20170110153021285.jpg,train
26,4,26_1_4_20170117201446708.jpg,train
26,3,26_0_3_20170120134330671.jpg,train
29,1,29_0_1_20170117202653255.jpg,train
18,1,18_0_1_20170117143031666.jpg,train
34,1,34_0_1_20170113182409981.jpg,train
53,0,53_0_0_20170117163705002.jpg,train
25,0,25_1_0_20170117190527852.jpg,train
72,0,72_1_0_20170110140754434.jpg,train
1,2,1_1_2_20161219162635831.jpg,train
23,3,23_1_3_20170119164502773.jpg,train
27,0,27_0_0_20170117120152773.jpg,train
2,0,2_0_0_20170103202801736.jpg,train
45,0,45_0_0_20170117135550944.jpg,train
2,4,2_0_4_20170103210341459.jpg,train
3,2,3_1_2_20161219212116151.jpg,train
13,0,13_0_0_20170110225513115.jpg,train
72,0,72_1_0_20170110180453423.jpg,train
63,0,63_0_0_20170117192213796.jpg,train
28,1,28_1_1_20170117020452350.jpg,train
35,0,35_0_0_20170117120948071.jpg,train
5,2,5_1_2_20161219200433267.jpg,train
73,0,73_1_0_20170110140448378.jpg,train
25,1,25_1_1_20170112235100153.jpg,train
36,0,36_1_0_20170117135852762.jpg,train
1,0,1_0_0_20170110213202543.jpg,train
26,2,26_1_2_20170116184821778.jpg,train
2,3,2_0_3_20161220220702081.jpg,train
48,1,48_0_1_20170117173143196.jpg,train
55,0,55_0_0_20170117183249550.jpg,train
55,3,55_1_3_20170119180712508.jpg,train
40,1,40_0_1_20170113161517669.jpg,train
2,0,2_0_0_20161219160246293.jpg,train
53,0,53_0_0_20170104212348773.jpg,train
27,3,27_0_3_20170117151048707.jpg,train
32,0,32_0_0_20170113181420389.jpg,train
25,0,25_0_0_20170120221436173.jpg,train
26,1,26_0_1_20170113175434540.jpg,train
1,2,1_1_2_20161219204636789.jpg,train
37,1,37_1_1_20170116164005950.jpg,train
26,1,26_1_1_20170116232407502.jpg,train
23,0,23_1_0_20170103180412080.jpg,train
26,1,26_1_1_20170114034141360.jpg,train
30,0,30_0_0_20170117120906582.jpg,train
37,2,37_0_2_20170117140013545.jpg,train
26,0,26_0_0_20170117003329930.jpg,train
23,2,23_0_2_20170116172904718.jpg,train
28,0,28_0_0_20170117180607705.jpg,train
74,0,74_0_0_20170120225142161.jpg,train
32,0,32_0_0_20170105183653831.jpg,train
36,0,36_0_0_20170117184847906.jpg,train
33,0,33_0_0_20170105165208905.jpg,train
24,0,24_1_0_20170116222419515.jpg,train
20,0,20_1_0_20170104020855852.jpg,train
38,3,38_0_3_20170119144055864.jpg,train
26,0,26_0_0_20170105162648388.jpg,train
55,1,55_0_1_20170113184610639.jpg,train
1,2,1_0_2_20161219155655085.jpg,train
26,2,26_0_2_20170116181321059.jpg,train
38,3,38_0_3_20170119192003262.jpg,train
38,1,38_1_1_20170116231308847.jpg,train
65,0,65_1_0_20170110140804905.jpg,train
43,0,43_0_0_20170111181750399.jpg,train
52,3,52_0_3_20170119205715174.jpg,train
1,2,1_0_2_20161219203256078.jpg,train
26,3,26_0_3_20170119191924624.jpg,train
29,0,29_0_0_20170117180942324.jpg,train
24,2,24_1_2_20170104021917324.jpg,train
35,0,35_1_0_20170117135422687.jpg,train
24,3,24_1_3_20170117150411539.jpg,train
26,0,26_0_0_20170117173244372.jpg,train
47,0,47_1_0_20170104184702870.jpg,train
38,1,38_0_1_20170116001041187.jpg,train
34,3,34_0_3_20170119200718133.jpg,train
34,1,34_0_1_20170117020029793.jpg,train
26,0,26_1_0_20170116184725493.jpg,train
3,0,3_1_0_20170109193839054.jpg,train
26,3,26_1_3_20170104223033351.jpg,train
28,0,28_0_0_20170114030805385.jpg,train
26,1,26_1_1_20170116175448301.jpg,train
26,0,26_0_0_20170117200559815.jpg,train
45,3,45_1_3_20170119193000096.jpg,train
26,3,26_0_3_20170119181050580.jpg,train
26,0,26_1_0_20170117201944942.jpg,train
30,1,30_0_1_20170117181243676.jpg,train
26,2,26_1_2_20170116180302912.jpg,train
38,1,38_1_1_20170116223044761.jpg,train
36,3,36_0_3_20170119175242539.jpg,train
26,3,26_1_3_20170119192258793.jpg,train
24,1,24_1_1_20170112234357224.jpg,train
8,0,8_1_0_20170109202926726.jpg,train
57,0,57_1_0_20170120133336768.jpg,train
77,0,77_0_0_20170113210319811.jpg,train
36,1,36_0_1_20170108231644693.jpg,train
2,3,2_0_3_20161220144926901.jpg,train
17,0,17_0_0_20170110232027271.jpg,train
7,0,7_1_0_20170109194241191.jpg,train
2,2,2_0_2_20161219205134348.jpg,train
17,1,17_0_1_20170113175010309.jpg,train
76,0,76_0_0_20170104213515132.jpg,train
32,4,32_1_4_20170105162431387.jpg,train
2,2,2_0_2_20161219194123523.jpg,train
40,0,40_0_0_20170117170807947.jpg,train
28,0,28_1_0_20170117180720738.jpg,train
4,0,4_1_0_20170110213257550.jpg,train
1,3,1_0_3_20161219225357184.jpg,train
49,0,49_1_0_20170104185000777.jpg,train
32,0,32_0_0_20170117133749832.jpg,train
50,3,50_0_3_20170119204709807.jpg,train
75,0,75_0_0_20170112224041371.jpg,train
49,0,49_0_0_20170117154238339.jpg,train
26,3,26_1_3_20170119193139994.jpg,train
1,4,1_1_4_20170103210736044.jpg,train
26,1,26_0_1_20170113134349843.jpg,train
45,0,45_0_0_20170120221508470.jpg,train
20,3,20_1_3_20170119153311735.jpg,train
26,0,26_0_0_20170117172704775.jpg,train
26,0,26_0_0_20170117140938167.jpg,train
27,0,27_1_0_20170103210530706.jpg,train
28,1,28_0_1_20170113134134481.jpg,train
35,0,35_0_0_20170117180440824.jpg,train
21,2,21_1_2_20170116175142157.jpg,train
1,0,1_1_0_20161219154808116.jpg,train
28,1,28_1_1_20170103182939570.jpg,train
28,0,28_1_0_20170117202609983.jpg,train
35,4,35_0_4_20170104011337576.jpg,train
55,0,55_0_0_20170111203845708.jpg,train
55,0,55_0_0_20170120223715854.jpg,train
16,0,16_0_0_20170110231810810.jpg,train
36,1,36_1_1_20170113012408913.jpg,train
24,1,24_0_1_20170117194551093.jpg,train
2,4,2_1_4_20170103213232676.jpg,train
57,0,57_0_0_20170120223908110.jpg,train
32,1,32_1_1_20170116003208929.jpg,train
23,2,23_1_2_20170116173108901.jpg,train
3,2,3_1_2_20161219141511144.jpg,train
26,0,26_0_0_20170117172433732.jpg,train
42,3,42_0_3_20170117175439914.jpg,train
26,0,26_1_0_20170103181852617.jpg,train
26,1,26_1_1_20170116155801198.jpg,train
65,1,65_1_1_20170117184041200.jpg,train
28,4,28_0_4_20170117202304407.jpg,train
16,0,16_0_0_20170110231221050.jpg,train
28,1,28_1_1_20170112213654111.jpg,train
52,0,52_0_0_20170104184400815.jpg,train
30,3,30_1_3_20170104231945705.jpg,train
85,0,85_0_0_20170111223752482.jpg,train
26,1,26_0_1_20170112210717501.jpg,train
24,3,24_1_3_20170104222359247.jpg,train
54,0,54_1_0_20170103183730785.jpg,train
24,1,24_0_1_20170117130104056.jpg,train
24,0,24_1_0_20170105003235308.jpg,train
10,0,10_0_0_20170110225546130.jpg,train
32,0,32_1_0_20170111182452820.jpg,train
35,4,35_0_4_20170117153010428.jpg,train
42,1,42_0_1_20170117171122662.jpg,train
2,2,2_0_2_20170110212538628.jpg,train
1,2,1_0_2_20161219203650636.jpg,train
44,0,44_0_0_20170104183723462.jpg,train
24,2,24_1_2_20170105162251371.jpg,train
27,1,27_0_1_20170116002826357.jpg,train
61,1,61_0_1_20170111203344701.jpg,train
27,0,27_1_0_20170116221800786.jpg,train
30,1,30_0_1_20170117130038063.jpg,train
26,3,26_0_3_20170119180509236.jpg,train
24,2,24_1_2_20170116171007400.jpg,train
40,1,40_1_1_20170109003603180.jpg,train
36,0,36_0_0_20170109131941102.jpg,train
27,0,27_1_0_20170103182420963.jpg,train
2,0,2_0_0_20170110213247257.jpg,train
45,0,45_0_0_20170117121756358.jpg,train
2,3,2_0_3_20161219224850392.jpg,train
25,0,25_1_0_20170109132220552.jpg,train
28,1,28_0_1_20170116203348523.jpg,train
16,0,16_0_0_20170110232605131.jpg,train
43,0,43_0_0_20170108224844372.jpg,train
21,0,21_1_0_20170104234439209.jpg,train
10,0,10_1_0_20170109204259563.jpg,train
36,0,36_1_0_20170105173107189.jpg,train
1,2,1_0_2_20161219161843718.jpg,train
16,0,16_1_0_20170102234805899.jpg,train
60,0,60_0_0_20170104184725621.jpg,train
18,0,18_1_0_20170109214122492.jpg,train
2,3,2_0_3_20161220143058738.jpg,train
26,0,26_1_0_20170117201135295.jpg,train
8,0,8_1_0_20170109204933562.jpg,train
9,0,9_0_0_20170110221701052.jpg,train
2,2,2_1_2_20161219160405349.jpg,train
1,2,1_0_2_20161219203335428.jpg,train
37,0,37_1_0_20170105165040044.jpg,train
26,1,26_1_1_20170116011408805.jpg,train
26,2,26_0_2_20170116181230382.jpg,train
29,2,29_1_2_20170109133107871.jpg,train
54,0,54_1_0_20170104212730503.jpg,train
38,0,38_0_0_20170117120726722.jpg,train
26,3,26_0_3_20170119180851092.jpg,train
59,0,59_0_0_20170104185901246.jpg,train
26,4,26_1_4_20161221193701030.jpg,train
28,1,28_0_1_20170120220341425.jpg,train
40,1,40_1_1_20170110153441199.jpg,train
62,0,62_1_0_20170110141039449.jpg,train
52,0,52_0_0_20170111203351228.jpg,train
32,3,32_0_3_20170119200340188.jpg,train
28,0,28_0_0_20170113132803105.jpg,train
26,2,26_0_2_20170116182417422.jpg,train
36,0,36_1_0_20170103183128874.jpg,train
1,2,1_0_2_20161219190530474.jpg,train
21,2,21_1_2_20170104015832388.jpg,train
1,0,1_0_0_20170109191440780.jpg,train
45,0,45_0_0_20170117135103724.jpg,train
42,1,42_1_1_20170113013004135.jpg,train
32,0,32_0_0_20170117092643676.jpg,train
24,2,24_1_2_20170116171616382.jpg,train
24,3,24_0_3_20170119144739660.jpg,train
15,0,15_1_0_20170103201148510.jpg,train
2,0,2_0_0_20170109193935916.jpg,train
1,3,1_0_3_20161219225252688.jpg,train
25,0,25_0_0_20170116223127339.jpg,train
54,3,54_0_3_20170119211628321.jpg,train
36,0,36_0_0_20170116002809469.jpg,train
31,1,31_1_1_20170112234534056.jpg,train
29,3,29_0_3_20170119195112307.jpg,train
3,4,3_1_4_20161221192909421.jpg,train
30,0,30_1_0_20170116214239576.jpg,train
54,3,54_0_3_20170119210122240.jpg,train
35,1,35_0_1_20170113155255651.jpg,train
26,1,26_0_1_20170113135514506.jpg,train
55,0,55_1_0_20170117174940936.jpg,train
32,4,32_0_4_20170105175534654.jpg,train
26,2,26_1_2_20170116180005797.jpg,train
1,2,1_0_2_20161219203112116.jpg,train
1,2,1_0_2_20161219151200707.jpg,train
26,2,26_1_2_20170116184134921.jpg,train
27,1,27_0_1_20170119193355931.jpg,train
24,0,24_1_0_20170117150538420.jpg,train
30,3,30_1_3_20170119195853443.jpg,train
35,1,35_1_1_20170113012807626.jpg,train
26,1,26_1_1_20170112205907548.jpg,train
5,0,5_1_0_20170109192114580.jpg,train
39,1,39_1_1_20170117140914763.jpg,train
34,3,34_0_3_20170119200806004.jpg,train
28,3,28_0_3_20170119194928605.jpg,train
1,2,1_0_2_20161219153658004.jpg,train
24,4,24_1_4_20170103233810029.jpg,train
35,2,35_0_2_20170104191726270.jpg,train
29,1,29_0_1_20170117194427746.jpg,train
35,0,35_0_0_20170120223253707.jpg,train
39,1,39_0_1_20170113134340234.jpg,train
1,0,1_1_0_20170109191345833.jpg,train
71,0,71_0_0_20170120225501322.jpg,train
24,3,24_0_3_20170119150647534.jpg,train
24,2,24_1_2_20170103223948600.jpg,train
1,2,1_1_2_20161219162730478.jpg,train
55,3,55_0_3_20170119203913495.jpg,train
24,1,24_1_1_20170116224913775.jpg,train
13,0,13_1_0_20170109204849625.jpg,train
42,0,42_1_0_20170120221629278.jpg,train
23,2,23_1_2_20170116172852744.jpg,train
29,2,29_1_2_20170116164713504.jpg,train
32,1,32_1_1_20170115235041750.jpg,train
26,0,26_0_0_20170113210605384.jpg,train
58,0,58_0_0_20170117191901524.jpg,train
55,0,55_0_0_20170117185957338.jpg,train
32,1,32_0_1_20170117182323820.jpg,train
31,1,31_0_1_20170113173408993.jpg,train
51,0,51_0_0_20170117160754830.jpg,train
54,3,54_0_3_20170119183920621.jpg,train
54,0,54_0_0_20170117191403100.jpg,train
4,2,4_1_2_20161219192055923.jpg,train
36,0,36_0_0_20170117181904618.jpg,train
18,0,18_1_0_20170109214527742.jpg,train
28,3,28_0_3_20170119194927291.jpg,train
5,0,5_0_0_20170110220356210.jpg,train
1,3,1_0_3_20161220144425181.jpg,train
26,0,26_0_0_20170113182320758.jpg,train
32,0,32_1_0_20170113210605443.jpg,train
39,1,39_0_1_20170116193433706.jpg,train
38,0,38_1_0_20170117173928071.jpg,train
43,3,43_1_3_20170109142242047.jpg,train
24,0,24_1_0_20170116214532199.jpg,train
65,0,65_0_0_20170111205148232.jpg,train
1,3,1_0_3_20161219225616560.jpg,train
35,0,35_1_0_20170117152140763.jpg,train
21,0,21_1_0_20170117193630115.jpg,train
7,0,7_0_0_20170110225010277.jpg,train
25,3,25_1_3_20170117141103735.jpg,train
36,1,36_1_1_20170112233335504.jpg,train
41,0,41_1_0_20170104234815241.jpg,train
28,3,28_0_3_20170119194929221.jpg,train
32,0,32_1_0_20170116193207695.jpg,train
32,0,32_0_0_20170117182402092.jpg,train
22,4,22_1_4_20170103225134240.jpg,train
24,3,24_1_3_20161220221647314.jpg,train
1,2,1_0_2_20161219211505437.jpg,train
2,4,2_0_4_20161221194951087.jpg,train
65,1,65_0_1_20170120224015174.jpg,train
29,2,29_1_2_20170116191212709.jpg,train
35,2,35_0_2_20170116191807393.jpg,train
29,3,29_1_3_20170104232346298.jpg,train
1,2,1_0_2_20161219195959395.jpg,train
26,4,26_1_4_20170103224755416.jpg,train
58,0,58_0_0_20170117191847355.jpg,train
5,0,5_1_0_20170104202352685.jpg,train
66,0,66_1_0_20170110140814578.jpg,train
8,3,8_1_3_20161220220642802.jpg,train
31,0,31_1_0_20170117131145761.jpg,train
22,1,22_1_1_20170112203855123.jpg,train
16,0,16_1_0_20170109214652137.jpg,train
58,0,58_0_0_20170119211727401.jpg,train
30,0,30_0_0_20170117143256587.jpg,train
85,0,85_0_0_20170111205823547.jpg,train
27,0,27_1_0_20170116204847296.jpg,train
5,2,5_1_2_20161219160221254.jpg,train
32,1,32_1_1_20170116021140504.jpg,train
34,0,34_0_0_20170104204349707.jpg,train
65,0,65_1_0_20170110131312112.jpg,train
26,3,26_0_3_20170119183739782.jpg,train
26,3,26_0_3_20170119184128158.jpg,train
4,0,4_1_0_20170109192357612.jpg,train
85,0,85_1_0_20170110184107806.jpg,train
49,0,49_0_0_20170117135230645.jpg,train
7,0,7_0_0_20170110215708491.jpg,train
32,1,32_0_1_20170117165107803.jpg,train
29,1,29_0_1_20170104202114602.jpg,train
25,2,25_0_2_20170116161907519.jpg,train
58,0,58_0_0_20170109010542295.jpg,train
27,2,27_1_2_20170116163739668.jpg,train
28,1,28_1_1_20170113005333198.jpg,train
28,0,28_0_0_20170113161024162.jpg,train
46,0,46_0_0_20170104205306203.jpg,train
23,0,23_1_0_20170116221811842.jpg,train
38,1,38_1_1_20170112231516417.jpg,train
53,0,53_1_0_20170110154328866.jpg,train
42,0,42_0_0_20170117154800292.jpg,train
58,0,58_0_0_20170120224606727.jpg,train
41,0,41_1_0_20170109012224846.jpg,train
29,1,29_0_1_20170113133201673.jpg,train
28,2,28_0_2_20170116190048260.jpg,train
54,0,54_0_0_20170120223347588.jpg,train
32,1,32_1_1_20170113000615118.jpg,train
52,0,52_1_0_20170109220548552.jpg,train
1,2,1_1_2_20161219200510180.jpg,train
80,0,80_1_0_20170110141320400.jpg,train
54,3,54_0_3_20170119200516380.jpg,train
40,0,40_1_0_20170117185239576.jpg,train
80,0,80_1_0_20170110182353061.jpg,train
38,0,38_0_0_20170104204524306.jpg,train
68,0,68_0_0_20170104213635701.jpg,train
26,0,26_0_0_20170117172021611.jpg,train
37,3,37_0_3_20170119202502352.jpg,train
30,0,30_0_0_20170117202947322.jpg,train
26,3,26_1_3_20170117154940189.jpg,train
31,1,31_1_1_20170117133156180.jpg,train
40,0,40_0_0_20170120221110988.jpg,train
2,2,2_0_2_20161219200225291.jpg,train
27,2,27_1_2_20170116171554313.jpg,train
9,0,9_0_0_20170110225344511.jpg,train
1,3,1_0_3_20161219190227867.jpg,train
58,0,58_0_0_20170117140820048.jpg,train
26,1,26_0_1_20170117173148204.jpg,train
8,0,8_0_0_20170110215400015.jpg,train
5,0,5_0_0_20170109193414770.jpg,train
1,3,1_0_3_20161220215943341.jpg,train
23,0,23_1_0_20170104234542547.jpg,train
27,1,27_1_1_20170113012427688.jpg,train
11,0,11_1_0_20170109205136852.jpg,train
27,1,27_0_1_20170116001246691.jpg,train
50,0,50_0_0_20170104211514100.jpg,train
35,2,35_0_2_20170116165347849.jpg,train
17,1,17_1_1_20170117134939470.jpg,train
22,3,22_1_3_20170117143720305.jpg,train
55,0,55_0_0_20170105001417083.jpg,train
27,1,27_1_1_20170114024839447.jpg,train
14,0,14_1_0_20170109203638205.jpg,train
1,2,1_0_2_20161219204012884.jpg,train
50,0,50_0_0_20170117001207711.jpg,train
25,4,25_1_4_20161221195850512.jpg,train
35,0,35_0_0_20170120220454138.jpg,train
1,3,1_0_3_20161219225410225.jpg,train
78,0,78_1_0_20170110131945504.jpg,train
26,2,26_1_2_20170116182218057.jpg,train
24,2,24_1_2_20170116174523538.jpg,train
1,3,1_1_3_20161220142900393.jpg,train
75,0,75_0_0_20170117175212732.jpg,train
26,0,26_0_0_20170116180849908.jpg,train
32,2,32_1_2_20170109004658032.jpg,train
28,1,28_0_1_20170116025822052.jpg,train
1,3,1_0_3_20161219224706847.jpg,train
26,4,26_1_4_20170117174112221.jpg,train
39,0,39_1_0_20170104183924038.jpg,train
68,0,68_1_0_20170110183125200.jpg,train
69,0,69_1_0_20170110141835631.jpg,train
18,0,18_1_0_20170103201359471.jpg,train
14,0,14_0_0_20170103200600206.jpg,train
6,0,6_1_0_20170114024512634.jpg,train
34,0,34_0_0_20170117203227887.jpg,train
15,0,15_0_0_20170110232610061.jpg,train
35,1,35_0_1_20170117104607288.jpg,train
85,0,85_0_0_20170120224751080.jpg,train
25,3,25_1_3_20170117142257810.jpg,train
25,3,25_1_3_20170104214624646.jpg,train
24,3,24_1_3_20170117145627980.jpg,train
26,1,26_0_1_20170117173231271.jpg,train
52,3,52_0_3_20170119200259595.jpg,train
1,0,1_1_0_20161219201324636.jpg,train
85,0,85_0_0_20170111205915994.jpg,train
16,1,16_1_1_20170109214053896.jpg,train
35,2,35_1_2_20170105162414267.jpg,train
27,2,27_0_2_20170116172036208.jpg,train
36,1,36_0_1_20170113134421145.jpg,train
29,0,29_1_0_20170117130557275.jpg,train
45,1,45_0_1_20170113152719963.jpg,train
3,2,3_1_2_20161219162739430.jpg,train
30,0,30_1_0_20170103182425185.jpg,train
26,3,26_0_3_20170119181430244.jpg,train
1,3,1_0_3_20161219225808112.jpg,train
27,0,27_0_0_20170104193647416.jpg,train
45,0,45_0_0_20170116235729518.jpg,train
26,2,26_1_2_20170117201411430.jpg,train
61,0,61_1_0_20170117175120965.jpg,train
37,0,37_0_0_20170117135948781.jpg,train
21,3,21_1_3_20170104222116782.jpg,train
21,4,21_1_4_20170103223204087.jpg,train
26,1,26_0_1_20170116003707203.jpg,train
24,0,24_0_0_20170117150217643.jpg,train
34,0,34_1_0_20170104174537956.jpg,train
26,2,26_1_2_20170116162008791.jpg,train
8,0,8_1_0_20170109203557851.jpg,train
26,2,26_1_2_20170109002645487.jpg,train
35,4,35_0_4_20170117172754499.jpg,train
31,0,31_0_0_20170117135307744.jpg,train
38,1,38_1_1_20170116024040944.jpg,train
21,0,21_1_0_20170103201838744.jpg,train
26,3,26_1_3_20170117154752639.jpg,train
35,0,35_1_0_20170117182534670.jpg,train
45,0,45_0_0_20170117173552477.jpg,train
24,1,24_1_1_20170112204751139.jpg,train
28,3,28_1_3_20170117184807423.jpg,train
65,0,65_1_0_20170110151430189.jpg,train
40,0,40_0_0_20170113210319746.jpg,train
1,3,1_1_3_20161220143350174.jpg,train
55,0,55_0_0_20170120222352831.jpg,train
23,0,23_1_0_20170105002627948.jpg,train
28,4,28_0_4_20170117202313951.jpg,train
29,1,29_0_1_20170117104637567.jpg,train
1,4,1_0_4_20161221193606310.jpg,train
26,2,26_1_2_20170116180217943.jpg,train
6,4,6_1_4_20161223232159876.jpg,train
8,0,8_1_0_20170109204418516.jpg,train
27,1,27_1_1_20170113011238888.jpg,train
30,0,30_0_0_20170117181232946.jpg,train
26,2,26_1_2_20170116180655987.jpg,train
28,0,28_1_0_20170117122007867.jpg,train
38,1,38_1_1_20170116155827602.jpg,train
29,0,29_0_0_20170117120546242.jpg,train
21,0,21_0_0_20170104230101545.jpg,train
1,0,1_1_0_20170109193407724.jpg,train
63,0,63_0_0_20170113210318902.jpg,train
25,0,25_0_0_20170117141324807.jpg,train
28,0,28_0_0_20170105162351171.jpg,train
7,0,7_1_0_20170109200923305.jpg,train
24,3,24_1_3_20170109132425493.jpg,train
27,0,27_1_0_20170116220503099.jpg,train
23,2,23_1_2_20170116172814255.jpg,train
41,0,41_0_0_20170113184511343.jpg,train
35,0,35_1_0_20170120134033334.jpg,train
26,0,26_0_0_20170116205259187.jpg,train
75,0,75_1_0_20170110183942473.jpg,train
26,1,26_0_1_20170113151630983.jpg,train
76,0,76_1_0_20170110180413588.jpg,train
18,0,18_1_0_20170109214610454.jpg,train
50,0,50_0_0_20170104181517653.jpg,train
37,3,37_0_3_20170119202313708.jpg,train
2,0,2_0_0_20161219154623509.jpg,train
34,0,34_0_0_20170104191711254.jpg,train
40,0,40_0_0_20170116212312565.jpg,train
60,0,60_1_0_20170110183850108.jpg,train
43,3,43_0_3_20170119171732975.jpg,train
37,0,37_1_0_20170109134546708.jpg,train
22,1,22_1_1_20170112233701320.jpg,train
22,0,22_1_0_20170117143705482.jpg,train
25,4,25_0_4_20170116003106425.jpg,train
60,0,60_1_0_20170110132415610.jpg,train
40,3,40_1_3_20170117151929587.jpg,train
32,0,32_1_0_20170117134814159.jpg,train
1,0,1_0_0_20170110213203795.jpg,train
22,0,22_0_0_20170119151204830.jpg,train
32,0,32_1_0_20170117134737646.jpg,train
53,3,53_1_3_20170109140354667.jpg,train
80,0,80_1_0_20170120221022764.jpg,train
14,0,14_1_0_20170109204218773.jpg,train
45,0,45_0_0_20170117130051893.jpg,train
42,0,42_0_0_20170117154753026.jpg,train
24,3,24_1_3_20170117145444188.jpg,train
30,3,30_1_3_20170104215635846.jpg,train
2,0,2_0_0_20170110211501002.jpg,train
36,0,36_1_0_20170109003400403.jpg,train
2,2,2_0_2_20161219162343270.jpg,train
60,1,60_1_1_20170113185112295.jpg,train
25,0,25_1_0_20170116003513392.jpg,train
35,1,35_0_1_20170117180847427.jpg,train
10,0,10_0_0_20170110225528484.jpg,train
28,0,28_0_0_20170117180405191.jpg,train
51,0,51_1_0_20170117160938079.jpg,train
45,3,45_1_3_20170119194955123.jpg,train
20,3,20_1_3_20170104231528577.jpg,train
21,0,21_1_0_20170111182452742.jpg,train
23,2,23_1_2_20170116163648817.jpg,train
24,2,24_1_2_20170104021300885.jpg,train
18,1,18_1_1_20170113005321501.jpg,train
28,2,28_1_2_20170116190120925.jpg,train
27,0,27_1_0_20170117144358667.jpg,train
23,1,23_1_1_20170114030249007.jpg,train
1,0,1_0_0_20170109194120301.jpg,train
38,3,38_1_3_20170105002602973.jpg,train
26,0,26_1_0_20170103182040225.jpg,train
28,1,28_0_1_20170113142348356.jpg,train
26,1,26_1_1_20170112212041107.jpg,train
9,0,9_0_0_20170110215653284.jpg,train
50,3,50_0_3_20170119205247101.jpg,train
26,3,26_1_3_20170116180310868.jpg,train
52,0,52_0_0_20170116192914190.jpg,train
26,0,26_1_0_20170117091502729.jpg,train
1,2,1_1_2_20161219222801647.jpg,train
27,0,27_1_0_20170117120648293.jpg,train
27,1,27_0_1_20170113150450280.jpg,train
1,0,1_1_0_20161219204717605.jpg,train
26,0,26_1_0_20170116184651548.jpg,train
34,1,34_1_1_20170113000302889.jpg,train
63,0,63_0_0_20170109012637610.jpg,train
26,0,26_0_0_20170113182141220.jpg,train
26,1,26_0_1_20170117201415686.jpg,train
60,0,60_0_0_20170111201148644.jpg,train
67,0,67_1_0_20170110140434646.jpg,train
51,0,51_0_0_20170104211815983.jpg,train
26,2,26_0_2_20170116181209519.jpg,train
26,0,26_0_0_20170116205232826.jpg,train
53,0,53_1_0_20170104172755313.jpg,train
25,2,25_1_2_20170116162822749.jpg,train
23,0,23_1_0_20170117144933457.jpg,train
45,0,45_0_0_20170105172826437.jpg,train
24,2,24_1_2_20170116173727786.jpg,train
26,3,26_1_3_20170117174319919.jpg,train
60,0,60_1_0_20170110143332456.jpg,train
26,3,26_0_3_20170119192134681.jpg,train
26,3,26_0_3_20170117154505758.jpg,train
62,0,62_0_0_20170112222131322.jpg,train
34,1,34_0_1_20170116030144661.jpg,train
26,3,26_1_3_20170117154744110.jpg,train
17,0,17_0_0_20170117091447979.jpg,train
35,0,35_0_0_20170117135011230.jpg,train
35,0,35_1_0_20170103183453835.jpg,train
1,0,1_0_0_20170110213043946.jpg,train
4,0,4_0_0_20170110213547600.jpg,train
2,2,2_0_2_20161219140905480.jpg,train
16,0,16_1_0_20170109214333355.jpg,train
30,0,30_0_0_20170117144411849.jpg,train
66,0,66_1_0_20170110132123247.jpg,train
25,2,25_1_2_20170116165500425.jpg,train
45,1,45_0_1_20170113181825862.jpg,train
25,0,25_0_0_20170117143546538.jpg,train
29,1,29_0_1_20170117185756118.jpg,train
30,2,30_0_2_20170116163429712.jpg,train
4,2,4_1_2_20161219204902988.jpg,train
20,1,20_0_1_20170113133103776.jpg,train
20,1,20_1_1_20170112231744071.jpg,train
2,4,2_1_4_20170103210746899.jpg,train
27,2,27_1_2_20170116163645443.jpg,train
40,0,40_0_0_20170120221007844.jpg,train
42,1,42_1_1_20170113001802155.jpg,train
43,3,43_1_3_20170119195521961.jpg,train
32,2,32_0_2_20170116191428705.jpg,train
80,0,80_0_0_20170111202811684.jpg,train
14,0,14_0_0_20170110220704398.jpg,train
28,1,28_1_1_20170112211545692.jpg,train
53,0,53_0_0_20170111171747396.jpg,train
58,1,58_0_1_20170113182450903.jpg,train
60,0,60_1_0_20170110152946835.jpg,train
34,3,34_0_3_20170119200559340.jpg,train
30,2,30_0_2_20170116165112157.jpg,train
1,0,1_0_0_20170109193030605.jpg,train
24,0,24_0_0_20170114024859274.jpg,train
56,0,56_1_0_20170104185820366.jpg,train
30,0,30_1_0_20170116222711779.jpg,train
24,3,24_0_3_20170119165712654.jpg,train
24,3,24_0_3_20170104230147273.jpg,train
28,1,28_0_1_20170103225933161.jpg,train
4,4,4_0_4_20161221193320742.jpg,train
24,2,24_1_2_20170116174408274.jpg,train
25,3,25_1_3_20170104232049890.jpg,train
23,0,23_1_0_20170111182452759.jpg,train
54,0,54_0_0_20170117171128299.jpg,train
35,2,35_0_2_20170116191718734.jpg,train
25,2,25_1_2_20170116175247157.jpg,train
32,4,32_0_4_20170117140145171.jpg,train
55,0,55_0_0_20170120221404877.jpg,train
26,1,26_1_1_20170116011354096.jpg,train
28,3,28_0_3_20170119194526899.jpg,train
26,0,26_1_0_20170116233751506.jpg,train
25,3,25_0_3_20170119144441117.jpg,train
20,0,20_0_0_20170104020603909.jpg,train
36,1,36_0_1_20170105172620093.jpg,train
38,1,38_1_1_20170116222328756.jpg,train
25,0,25_0_0_20170105184137702.jpg,train
36,3,36_0_3_20170119195452698.jpg,train
55,0,55_0_0_20170120222449816.jpg,train
27,0,27_1_0_20170105183347327.jpg,train
26,0,26_0_0_20170119172232809.jpg,train
1,0,1_0_0_20170110213519404.jpg,train
45,0,45_0_0_20170120140945913.jpg,train
9,0,9_0_0_20170110221721404.jpg,train
39,2,39_0_2_20170116192518885.jpg,train
30,0,30_1_0_20170117091918162.jpg,train
35,1,35_0_1_20170113174107043.jpg,train
40,1,40_0_1_20170117194057992.jpg,train
40,0,40_0_0_20170116232746033.jpg,train
28,1,28_1_1_20170117180712098.jpg,train
1,0,1_0_0_20161219204741557.jpg,train
55,0,55_0_0_20170120221653868.jpg,train
48,0,48_0_0_20170104184236333.jpg,train
2,4,2_1_4_20170103213149252.jpg,train
1,0,1_1_0_20170109190935139.jpg,train
27,3,27_1_3_20170104231620409.jpg,train
42,0,42_0_0_20170104181513925.jpg,train
1,0,1_0_0_20161219203657925.jpg,train
54,0,54_0_0_20170113184814520.jpg,train
27,3,27_0_3_20170119194317923.jpg,train
20,0,20_1_0_20170103175629504.jpg,train
36,0,36_1_0_20170105183405999.jpg,train
54,3,54_1_3_20170109131821873.jpg,train
26,2,26_1_2_20170116184543342.jpg,train
26,3,26_1_3_20170119193122986.jpg,train
31,1,31_1_1_20170116023946391.jpg,train
27,4,27_0_4_20170117012822305.jpg,train
37,3,37_0_3_20170119202413166.jpg,train
28,0,28_1_0_20170117190450170.jpg,train
9,0,9_0_0_20170110220351738.jpg,train
26,1,26_0_1_20170116205006069.jpg,train
26,3,26_1_3_20170119192928745.jpg,train
38,1,38_0_1_20170116003732637.jpg,train
26,1,26_0_1_20170117195724773.jpg,train
28,1,28_1_1_20170117020151221.jpg,train
19,0,19_1_0_20170103162951552.jpg,train
37,0,37_0_0_20170119202225685.jpg,train
54,3,54_0_3_20170119210212976.jpg,train
8,0,8_1_0_20170109202254541.jpg,train
80,0,80_0_0_20170117174755679.jpg,train
55,3,55_0_3_20170105180635542.jpg,train
26,4,26_0_4_20170103235546910.jpg,train
43,0,43_1_0_20170117155108211.jpg,train
27,2,27_0_2_20170116193532653.jpg,train
23,2,23_1_2_20170116173100087.jpg,train
45,0,45_1_0_20170105173027237.jpg,train
36,0,36_0_0_20170120221426365.jpg,train
1,2,1_0_2_20161219190003947.jpg,train
26,0,26_0_0_20170117172624038.jpg,train
36,1,36_0_1_20170119180151531.jpg,train
25,1,25_1_1_20170116003216605.jpg,train
27,0,27_0_0_20170104171511929.jpg,train
37,1,37_1_1_20170116022100642.jpg,train
47,0,47_0_0_20170104184147589.jpg,train
25,1,25_1_1_20170116001414790.jpg,train
24,2,24_1_2_20170116165003935.jpg,train
35,0,35_0_0_20170117134959477.jpg,train
26,3,26_0_3_20170119183944270.jpg,train
2,2,2_0_2_20161219140712432.jpg,train
54,0,54_0_0_20170104212617845.jpg,train
37,2,37_1_2_20170105162546659.jpg,train
80,0,80_0_0_20170111222041471.jpg,train
40,2,40_0_2_20170116173559756.jpg,train
28,1,28_0_1_20170116203937699.jpg,train
49,0,49_0_0_20170104204831379.jpg,train
53,0,53_1_0_20170110160643219.jpg,train
26,2,26_1_2_20170116184522640.jpg,train
29,0,29_0_0_20170117180920915.jpg,train
28,2,28_0_2_20170116164225550.jpg,train
30,2,30_1_2_20170116192456158.jpg,train
42,0,42_1_0_20170104235631908.jpg,train
1,0,1_0_0_20170109191725028.jpg,train
35,2,35_1_2_20170116164633129.jpg,train
40,0,40_0_0_20170116224749117.jpg,train
40,0,40_0_0_20170120221448239.jpg,train
23,3,23_0_3_20170119163804981.jpg,train
28,2,28_1_2_20170104021815094.jpg,train
1,4,1_1_4_20161221202046857.jpg,train
9,0,9_1_0_20170109203410981.jpg,train
2,0,2_0_0_20170110212802305.jpg,train
56,0,56_0_0_20170111201122422.jpg,train
28,3,28_0_3_20170119194921883.jpg,train
25,3,25_0_3_20170119171302287.jpg,train
60,2,60_0_2_20170116182801456.jpg,train
23,3,23_0_3_20170119163909413.jpg,train
60,0,60_1_0_20170110141023577.jpg,train
24,0,24_1_0_20170117155121820.jpg,train
35,0,35_1_0_20170117192840324.jpg,train
39,0,39_1_0_20170104171537233.jpg,train
34,0,34_1_0_20170104233858010.jpg,train
61,0,61_1_0_20170104183517277.jpg,train
8,0,8_0_0_20170104011915424.jpg,train
34,3,34_0_3_20170119194902451.jpg,train
30,0,30_1_0_20170117131108776.jpg,train
42,0,42_0_0_20170113012441401.jpg,train
56,1,56_0_1_20170113174020731.jpg,train
26,2,26_0_2_20170119184054406.jpg,train
38,1,38_0_1_20170117133818533.jpg,train
35,1,35_0_1_20170117192142868.jpg,train
21,4,21_1_4_20170103233924667.jpg,train
1,2,1_0_2_20161219222459119.jpg,train
1,0,1_1_0_20170109192737181.jpg,train
35,3,35_1_3_20170117154659552.jpg,train
25,1,25_1_1_20170113011522470.jpg,train
2,2,2_1_2_20161219153833780.jpg,train
2,2,2_1_2_20161219154430702.jpg,train
26,0,26_1_0_20170103181112840.jpg,train
23,0,23_1_0_20170117144727035.jpg,train
26,2,26_1_2_20170116175944209.jpg,train
45,1,45_0_1_20170117165545265.jpg,train
28,3,28_1_3_20170119195100723.jpg,train
42,0,42_1_0_20170105000836339.jpg,train
8,2,8_1_2_20170109203456419.jpg,train
32,1,32_0_1_20170117140748207.jpg,train
30,0,30_1_0_20170117170934860.jpg,train
30,3,30_0_3_20170117144419843.jpg,train
25,3,25_1_3_20170117152019467.jpg,train
1,2,1_1_2_20161219195059035.jpg,train
10,0,10_1_0_20170109203357787.jpg,train
39,0,39_1_0_20170109132505755.jpg,train
28,0,28_1_0_20170116221705370.jpg,train
40,0,40_0_0_20170120220358609.jpg,train
24,0,24_1_0_20170104021019292.jpg,train
36,0,36_1_0_20170103181448864.jpg,train
30,0,30_0_0_20170104201841050.jpg,train
35,0,35_1_0_20170117170314803.jpg,train
62,0,62_0_0_20170109013752925.jpg,train
1,3,1_1_3_20161219230325488.jpg,train
65,0,65_1_0_20170110150303627.jpg,train
27,2,27_0_2_20170116174628743.jpg,train
12,0,12_1_0_20170109203700059.jpg,train
1,2,1_1_2_20161219203206165.jpg,train
26,2,26_1_2_20170104022229597.jpg,train
1,3,1_0_3_20161219225149888.jpg,train
17,0,17_0_0_20170105183607439.jpg,train
35,1,35_0_1_20170117143130961.jpg,train
18,1,18_1_1_20170117140105352.jpg,train
31,1,31_1_1_20170113012024246.jpg,train
29,0,29_1_0_20170104170615233.jpg,train
29,2,29_1_2_20170116164927601.jpg,train
23,3,23_0_3_20170119163907693.jpg,train
19,0,19_1_0_20170103201450359.jpg,train
1,0,1_1_0_20161219194707290.jpg,train
35,0,35_1_0_20170120220747764.jpg,train
22,2,22_0_2_20170117135152126.jpg,train
1,2,1_0_2_20161219160747326.jpg,train
46,1,46_0_1_20170113142033812.jpg,train
11,0,11_0_0_20170110220518578.jpg,train
28,1,28_0_1_20170113145417934.jpg,train
36,0,36_1_0_20170103182343482.jpg,train
55,0,55_0_0_20170117000800699.jpg,train
26,4,26_0_4_20170117200431437.jpg,train
3,2,3_1_2_20161219160007413.jpg,train
50,0,50_0_0_20170111201507166.jpg,train
24,2,24_1_2_20170104021011429.jpg,train
26,3,26_0_3_20170119172209840.jpg,train
26,1,26_1_1_20170116170028717.jpg,train
28,1,28_0_1_20170117015425896.jpg,train
33,0,33_1_0_20170117182543343.jpg,train
32,0,32_0_0_20170117010455142.jpg,train
1,2,1_0_2_20161219155411381.jpg,train
29,0,29_1_0_20170103182700482.jpg,train
21,2,21_1_2_20170116170952380.jpg,train
32,0,32_1_0_20170117134735611.jpg,train
32,0,32_0_0_20170104202239802.jpg,train
30,1,30_0_1_20170113134204447.jpg,train
61,0,61_0_0_20170117194409073.jpg,train
25,1,25_0_1_20170113134142538.jpg,train
30,3,30_1_3_20170117132700450.jpg,train
1,0,1_1_0_20170109193830378.jpg,train
35,0,35_0_0_20170117154349847.jpg,train
15,0,15_0_0_20170104011728017.jpg,train
2,2,2_0_2_20161219160916782.jpg,train
1,0,1_1_0_20170109191142050.jpg,train
52,0,52_1_0_20170110141236056.jpg,train
55,3,55_0_3_20170119201401100.jpg,train
50,0,50_0_0_20170104204857675.jpg,train
19,0,19_1_0_20170116163837603.jpg,train
70,0,70_0_0_20170111201153097.jpg,train
26,2,26_0_2_20170116181319670.jpg,train
11,0,11_1_0_20170109204611305.jpg,train
27,3,27_1_3_20170104223000127.jpg,train
35,0,35_1_0_20170116211804087.jpg,train
86,0,86_0_0_20170111210757200.jpg,train
28,0,28_0_0_20170116220611954.jpg,train
53,0,53_0_0_20170111171747413.jpg,train
16,0,16_0_0_20170110231910518.jpg,train
26,4,26_1_4_20170103213122476.jpg,train
35,0,35_0_0_20170117134936879.jpg,train
26,0,26_1_0_20170117200657181.jpg,train
45,0,45_0_0_20170117145901316.jpg,train
1,0,1_1_0_20170109193726686.jpg,train
40,0,40_1_0_20170104181504164.jpg,train
38,0,38_0_0_20170117184513097.jpg,train
50,0,50_0_0_20170117190657761.jpg,train
50,3,50_0_3_20170117190730009.jpg,train
38,1,38_0_1_20170113183109470.jpg,train
54,0,54_0_0_20170104212522653.jpg,train
25,2,25_0_2_20170116175215147.jpg,train
1,2,1_0_2_20161219212700566.jpg,train
26,0,26_1_0_20170116220831323.jpg,train
26,1,26_1_1_20170116171846657.jpg,train
45,0,45_1_0_20170110160643106.jpg,train
60,0,60_1_0_20170109221030205.jpg,train
50,1,50_1_1_20170103182211471.jpg,train
52,0,52_0_0_20170104211725300.jpg,train
29,1,29_0_1_20170117103819519.jpg,train
32,3,32_0_3_20170116030101844.jpg,train
49,0,49_0_0_20170104212545028.jpg,train
31,2,31_1_2_20161219203219180.jpg,train
51,0,51_0_0_20170117160755606.jpg,train
73,0,73_1_0_20170120230425625.jpg,train
33,0,33_0_0_20170120220115217.jpg,train
35,0,35_0_0_20170117151841556.jpg,train
21,0,21_0_0_20170117141910383.jpg,train
24,4,24_1_4_20170117150737098.jpg,train
15,0,15_1_0_20170105000525758.jpg,train
1,2,1_0_2_20161219211706614.jpg,train
35,0,35_1_0_20170117182902622.jpg,train
38,1,38_1_1_20170112235946602.jpg,train
30,0,30_0_0_20170104000150443.jpg,train
34,0,34_0_0_20170109013537513.jpg,train
45,1,45_1_1_20170117154449503.jpg,train
5,0,5_1_0_20170109204908218.jpg,train
30,2,30_1_2_20170116180713266.jpg,train
35,0,35_0_0_20170120224033278.jpg,train
25,0,25_1_0_20170104165326705.jpg,train
2,2,2_0_2_20161219141647272.jpg,train
40,1,40_1_1_20170113000039241.jpg,train
35,4,35_1_4_20170117200719931.jpg,train
29,1,29_0_1_20170113183208366.jpg,train
60,0,60_1_0_20170110122526605.jpg,train
21,0,21_0_0_20170117141435314.jpg,train
36,4,36_0_4_20170105170158252.jpg,train
23,2,23_1_2_20170116172959302.jpg,train
32,3,32_0_3_20170120220937948.jpg,train
53,0,53_0_0_20170104205937252.jpg,train
25,0,25_0_0_20170116222918287.jpg,train
26,4,26_0_4_20170117152317187.jpg,train
50,0,50_0_0_20170120134018751.jpg,train
26,3,26_1_3_20170119192325721.jpg,train
27,1,27_1_1_20170113001031147.jpg,train
35,0,35_0_0_20170117172908485.jpg,train
28,4,28_1_4_20170117202425055.jpg,train
21,0,21_1_0_20170109213123896.jpg,train
22,0,22_1_0_20170116220934918.jpg,train
65,1,65_0_1_20170120223029947.jpg,train
32,2,32_0_2_20170116190057472.jpg,train
28,2,28_1_2_20170116162603184.jpg,train
6,0,6_0_0_20170110215952754.jpg,train
40,0,40_0_0_20170116223819699.jpg,train
35,0,35_0_0_20170117173130228.jpg,train
29,3,29_0_3_20170119195309387.jpg,train
23,0,23_0_0_20170117144545593.jpg,train
50,2,50_1_2_20170104235513244.jpg,train
34,1,34_1_1_20170112213636293.jpg,train
20,0,20_0_0_20170104230025073.jpg,train
1,0,1_1_0_20161219155714349.jpg,train
24,1,24_0_1_20170116193001978.jpg,train
30,2,30_1_2_20170116191911487.jpg,train
26,1,26_0_1_20170116221037571.jpg,train
25,0,25_1_0_20170104022944286.jpg,train
50,3,50_0_3_20170119202107229.jpg,train
26,1,26_1_1_20170113000258193.jpg,train
20,0,20_0_0_20170117140133828.jpg,train
26,2,26_1_2_20170116175445643.jpg,train
21,2,21_0_2_20170103205914442.jpg,train
23,0,23_1_0_20170117194120347.jpg,train
45,0,45_0_0_20170117185253753.jpg,train
80,0,80_0_0_20170110183557670.jpg,train
67,0,67_1_0_20170110143329621.jpg,train
34,0,34_1_0_20170104022106301.jpg,train
1,2,1_1_2_20161219221241583.jpg,train
62,0,62_0_0_20170104172620514.jpg,train
61,0,61_0_0_20170117192025774.jpg,train
26,3,26_0_3_20170119184305598.jpg,train
61,0,61_0_0_20170117192033956.jpg,train
32,0,32_0_0_20170117091150717.jpg,train
35,0,35_1_0_20170117135241435.jpg,train
30,0,30_0_0_20170117181238996.jpg,train
36,1,36_0_1_20170113183816777.jpg,train
56,1,56_0_1_20170120222838627.jpg,train
41,3,41_0_3_20170119175402515.jpg,train
9,0,9_0_0_20170110220016235.jpg,train
80,0,80_1_0_20170110153307958.jpg,train
26,4,26_1_4_20170117201612869.jpg,train
1,2,1_0_2_20161219162544751.jpg,train
38,0,38_0_0_20170117140605859.jpg,train
26,1,26_0_1_20170117091513245.jpg,train
38,0,38_0_0_20170105163932764.jpg,train
35,1,35_0_1_20170117143112391.jpg,train
37,1,37_1_1_20170116162128869.jpg,train
27,0,27_0_0_20170105164547923.jpg,train
8,0,8_1_0_20170109203644920.jpg,train
24,0,24_1_0_20170117194952853.jpg,train
8,0,8_1_0_20170109203602997.jpg,train
29,1,29_1_1_20170117165555736.jpg,train
35,0,35_1_0_20170103180640112.jpg,train
25,0,25_0_0_20170117133936015.jpg,train
25,3,25_1_3_20170117140714944.jpg,train
30,0,30_0_0_20170117144035842.jpg,train
1,2,1_0_2_20161219194845363.jpg,train
30,2,30_0_2_20170116174814595.jpg,train
29,1,29_0_1_20170117094430566.jpg,train
36,0,36_1_0_20170117183349582.jpg,train
52,0,52_1_0_20170105173045268.jpg,train
1,2,1_1_2_20161219141954401.jpg,train
57,0,57_0_0_20170109015522309.jpg,train
59,0,59_0_0_20170111205304095.jpg,train
1,2,1_0_2_20161219204858548.jpg,train
36,0,36_0_0_20170119201626207.jpg,train
30,0,30_0_0_20170117171825818.jpg,train
40,0,40_1_0_20170116221748584.jpg,train
38,1,38_1_1_20170112233741014.jpg,train
26,0,26_0_0_20170116215855605.jpg,train
1,4,1_0_4_20161221193446478.jpg,train
50,3,50_0_3_20170119205125927.jpg,train
23,4,23_1_4_20170103225140728.jpg,train
21,2,21_1_2_20170116171507249.jpg,train
26,3,26_1_3_20170117153624660.jpg,train
24,0,24_1_0_20170116214212261.jpg,train
48,0,48_1_0_20170117160521447.jpg,train
1,3,1_0_3_20161219230032969.jpg,train
26,3,26_0_3_20170104230325016.jpg,train
45,0,45_0_0_20170119195628780.jpg,train
13,0,13_0_0_20170110220242419.jpg,train
2,3,2_1_3_20161219225307648.jpg,train
56,0,56_0_0_20170111201127150.jpg,train
28,0,28_1_0_20170119155143777.jpg,train
40,3,40_1_3_20170119192433185.jpg,train
18,0,18_0_0_20170117135529944.jpg,train
26,0,26_0_0_20170117171702618.jpg,train
24,2,24_1_2_20170116173716204.jpg,train
34,1,34_0_1_20170113141901691.jpg,train
26,4,26_0_4_20170117152500051.jpg,train
55,0,55_0_0_20170117143101440.jpg,train
1,0,1_1_0_20170109191535466.jpg,train
28,1,28_1_1_20170113150922335.jpg,train
66,0,66_0_0_20170120225917395.jpg,train
41,0,41_0_0_20170104165442057.jpg,train
37,1,37_1_1_20170116224921695.jpg,train
47,0,47_0_0_20170117135932141.jpg,train
12,0,12_1_0_20170109204431716.jpg,train
60,2,60_0_2_20170116182650366.jpg,train
2,4,2_1_4_20161221193638214.jpg,train
34,0,34_1_0_20170108224549572.jpg,train
25,0,25_0_0_20170120134516424.jpg,train
36,0,36_1_0_20170116003333930.jpg,train
26,1,26_1_1_20170116160850384.jpg,train
38,0,38_1_0_20170117154114972.jpg,train
26,3,26_1_3_20170117154614886.jpg,train
27,0,27_0_0_20170117202216127.jpg,train
46,0,46_0_0_20170117190143691.jpg,train
20,0,20_1_0_20170116214335363.jpg,train
70,0,70_1_0_20170110123134893.jpg,train
28,2,28_1_2_20170104021520301.jpg,train
26,1,26_0_1_20170120134608943.jpg,train
38,0,38_0_0_20170116210112194.jpg,train
26,3,26_1_3_20170119193148570.jpg,train
22,0,22_0_0_20170116201355808.jpg,train
26,2,26_0_2_20170116182353843.jpg,train
49,0,49_0_0_20170104205331460.jpg,train
22,4,22_1_4_20170117193939053.jpg,train
10,0,10_0_0_20170110225227587.jpg,train
25,0,25_0_0_20170116223809912.jpg,train
1,2,1_0_2_20161219142032650.jpg,train
2,4,2_1_4_20161221192849749.jpg,train
32,0,32_1_0_20170119163257405.jpg,train
41,0,41_0_0_20170117170716995.jpg,train
28,1,28_1_1_20170116024015361.jpg,train
1,0,1_1_0_20170109191415528.jpg,train
45,1,45_1_1_20170112203850233.jpg,train
24,0,24_1_0_20170116174513932.jpg,train
18,1,18_1_1_20170109212540841.jpg,train
7,0,7_1_0_20170109201810385.jpg,train
4,2,4_0_2_20161219140938368.jpg,train
22,4,22_1_4_20170103224814016.jpg,train
24,4,24_1_4_20170117194842219.jpg,train
27,3,27_0_3_20170119193236801.jpg,train
5,0,5_0_0_20170110212757355.jpg,train
26,1,26_0_1_20170113182742605.jpg,train
28,0,28_0_0_20170113210127309.jpg,train
23,4,23_1_4_20170117183858768.jpg,train
28,1,28_0_1_20170104202028882.jpg,train
26,1,26_1_1_20170116153132729.jpg,train
26,1,26_0_1_20170113134802314.jpg,train
35,0,35_0_0_20170117191031043.jpg,train
6,0,6_1_0_20170103212206588.jpg,train
34,3,34_0_3_20170113190318416.jpg,train
18,0,18_1_0_20170103180718335.jpg,train
26,3,26_0_3_20170117153400030.jpg,train
16,0,16_1_0_20170109213954271.jpg,train
3,2,3_1_2_20161219204143341.jpg,train
35,1,35_1_1_20170117154134322.jpg,train
29,2,29_0_2_20170116163356668.jpg,train
1,3,1_0_3_20161220220606705.jpg,train
28,1,28_0_1_20170113154856394.jpg,train
25,3,25_0_3_20170117151130075.jpg,train
56,0,56_1_0_20170104235032259.jpg,train
34,1,34_0_1_20170113134734098.jpg,train
45,1,45_0_1_20170117141846901.jpg,train
57,0,57_0_0_20170104212808228.jpg,train
53,0,53_0_0_20170104184411830.jpg,train
1,3,1_0_3_20161219230351288.jpg,train
71,0,71_0_0_20170111210043449.jpg,train
40,0,40_0_0_20170117203818313.jpg,train
22,0,22_1_0_20170105183534558.jpg,train
53,0,53_1_0_20170105000521347.jpg,train
34,1,34_0_1_20170117010115390.jpg,train
4,0,4_1_0_20170109194222722.jpg,train
45,1,45_0_1_20170113175345292.jpg,train
35,1,35_0_1_20170116235848610.jpg,train
26,0,26_1_0_20170116234743292.jpg,train
47,0,47_0_0_20170104211906453.jpg,train
2,3,2_1_3_20161220222832003.jpg,train
56,0,56_1_0_20170110154628271.jpg,train
23,1,23_1_1_20170102233446754.jpg,train
60,0,60_0_0_20170111171747558.jpg,train
26,3,26_0_3_20170104230250721.jpg,train
24,1,24_1_1_20170112234551513.jpg,train
1,2,1_0_2_20161219222832191.jpg,train
26,0,26_0_0_20170113210127277.jpg,train
32,3,32_0_3_20170120221502100.jpg,train
31,0,31_1_0_20170104172947139.jpg,train
24,2,24_1_2_20170116173423718.jpg,train
45,0,45_1_0_20170104205620028.jpg,train
2,0,2_1_0_20170109194422798.jpg,train
28,3,28_0_3_20170119194935202.jpg,train
26,3,26_1_3_20170119192313426.jpg,train
26,2,26_1_2_20170117174716222.jpg,train
30,0,30_0_0_20170117130641193.jpg,train
26,4,26_1_4_20170117201454965.jpg,train
28,0,28_1_0_20170116205749382.jpg,train
27,0,27_0_0_20170117134951867.jpg,train
1,2,1_1_2_20161219205649948.jpg,train
29,1,29_1_1_20170113012048486.jpg,train
10,0,10_1_0_20170109204931156.jpg,train
36,1,36_1_1_20170112233326423.jpg,train
29,0,29_0_0_20170109013328101.jpg,train
10,0,10_1_0_20170109203501969.jpg,train
45,1,45_1_1_20170117164716460.jpg,train
52,0,52_1_0_20170109013524205.jpg,train
29,1,29_1_1_20170113003505958.jpg,train
24,1,24_1_1_20170115235756393.jpg,train
31,3,31_1_3_20170109140727630.jpg,train
26,0,26_1_0_20170104165749289.jpg,train
1,3,1_1_3_20161220145314207.jpg,train
27,2,27_0_2_20170105161443219.jpg,train
26,2,26_1_2_20170116184044516.jpg,train
50,2,50_1_2_20170104023119069.jpg,train
35,0,35_0_0_20170117125815720.jpg,train
26,0,26_0_0_20170117144522395.jpg,train
26,0,26_0_0_20170116232936514.jpg,train
26,2,26_0_2_20170119184102087.jpg,train
32,3,32_1_3_20170104231906826.jpg,train
35,0,35_1_0_20170117191336914.jpg,train
56,3,56_1_3_20170119192943673.jpg,train
52,0,52_1_0_20170110123807882.jpg,train
1,0,1_1_0_20161219154510229.jpg,train
20,1,20_1_1_20170112231743279.jpg,train
45,1,45_0_1_20170113154750024.jpg,train
22,0,22_0_0_20170104003948607.jpg,train
32,0,32_1_0_20170117182450222.jpg,train
26,0,26_0_0_20170113210127157.jpg,train
55,0,55_0_0_20170105164528684.jpg,train
50,3,50_0_3_20170119205540968.jpg,train
26,2,26_1_2_20170116184144892.jpg,train
6,3,6_1_3_20170104222204751.jpg,train
22,1,22_1_1_20170113005116007.jpg,train
8,4,8_1_4_20170109201742209.jpg,train
40,0,40_0_0_20170104202600778.jpg,train
54,3,54_0_3_20170119211310928.jpg,train
24,2,24_1_2_20170116173520935.jpg,train
20,0,20_1_0_20170105184054896.jpg,train
46,3,46_0_3_20170119183110614.jpg,train
31,1,31_1_1_20170113011230351.jpg,train
48,0,48_1_0_20170110152853674.jpg,train
32,3,32_1_3_20170119200442740.jpg,train
1,0,1_0_0_20170110213104570.jpg,train
17,0,17_0_0_20170110231535087.jpg,train
16,0,16_0_0_20170110231517869.jpg,train
26,3,26_1_3_20170117154750044.jpg,train
25,1,25_1_1_20170114030648255.jpg,train
85,0,85_0_0_20170111210559755.jpg,train
4,3,4_1_3_20161220145806919.jpg,train
45,0,45_1_0_20170117145704297.jpg,train
34,1,34_1_1_20170116164815094.jpg,train
28,0,28_1_0_20170105165058893.jpg,train
26,1,26_0_1_20170113134356512.jpg,train
50,0,50_0_0_20170117160612319.jpg,train
34,0,34_0_0_20170116182356566.jpg,train
23,1,23_1_1_20170114024652649.jpg,train
24,4,24_0_4_20170103224944762.jpg,train
32,0,32_1_0_20170103181759833.jpg,train
37,0,37_0_0_20170117130056233.jpg,train
1,2,1_1_2_20161219200040507.jpg,train
56,3,56_0_3_20170109142456550.jpg,train
24,0,24_1_0_20170117194955099.jpg,train
35,0,35_0_0_20170117152248499.jpg,train
28,4,28_0_4_20170116002326539.jpg,train
2,0,2_0_0_20170109191019906.jpg,train
37,0,37_0_0_20170117114931801.jpg,train
1,3,1_0_3_20161219224917304.jpg,train
24,2,24_1_2_20170116165506261.jpg,train
26,1,26_1_1_20170113000644330.jpg,train
23,0,23_1_0_20170117145019683.jpg,train
28,1,28_1_1_20170115235613653.jpg,train
22,3,22_0_3_20170104230122361.jpg,train
58,0,58_0_0_20170111201403999.jpg,train
28,0,28_1_0_20170117003302256.jpg,train
47,3,47_0_3_20170119194827491.jpg,train
34,2,34_1_2_20170116171155691.jpg,train
27,3,27_1_3_20170117180032189.jpg,train
26,4,26_1_4_20170103225054720.jpg,train
28,4,28_1_4_20170103235043691.jpg,train
23,0,23_1_0_20170117142807780.jpg,train
37,3,37_0_3_20170119193226433.jpg,train
40,2,40_1_2_20170116180536184.jpg,train
29,0,29_0_0_20170117171827563.jpg,train
1,2,1_0_2_20161219222507527.jpg,train
28,1,28_0_1_20170113133340457.jpg,train
1,0,1_1_0_20170109190925628.jpg,train
20,4,20_1_4_20170103224354767.jpg,train
26,3,26_1_3_20170117174136694.jpg,train
26,0,26_0_0_20170117172201507.jpg,train
42,0,42_0_0_20170117185725872.jpg,train
53,0,53_1_0_20170117191020179.jpg,train
23,2,23_1_2_20170116173154425.jpg,train
35,0,35_1_0_20170117190509274.jpg,train
70,0,70_0_0_20170116221027092.jpg,train
1,0,1_1_0_20170109191347386.jpg,train
24,3,24_0_3_20170104230150057.jpg,train
27,1,27_1_1_20170117010320714.jpg,train
36,1,36_1_1_20170112215406775.jpg,train
25,0,25_0_0_20170117192134028.jpg,train
25,2,25_1_2_20170117022422149.jpg,train
36,0,36_1_0_20170113010354991.jpg,train
1,4,1_1_4_20161221201921929.jpg,train
25,1,25_1_1_20170116001936456.jpg,train
24,3,24_1_3_20170104232545657.jpg,train
26,3,26_0_3_20170119180622762.jpg,train
35,2,35_1_2_20170117171219155.jpg,train
35,0,35_1_0_20170117174759002.jpg,train
65,0,65_0_0_20170117171619354.jpg,train
29,0,29_0_0_20170117180851443.jpg,train
29,0,29_1_0_20170109002758865.jpg,train
16,0,16_0_0_20170110231919941.jpg,train
1,4,1_1_4_20161221202912889.jpg,train
72,0,72_0_0_20170111210054315.jpg,train
85,0,85_1_0_20170110181551074.jpg,train
42,0,42_1_0_20170103184125771.jpg,train
35,0,35_0_0_20170117135114172.jpg,train
43,0,43_1_0_20170105173021381.jpg,train
35,0,35_0_0_20170117135128959.jpg,train
1,0,1_0_0_20161219192208688.jpg,train
27,0,27_1_0_20170109013152498.jpg,train
38,0,38_0_0_20170104203131804.jpg,train
2,4,2_1_4_20161221202901201.jpg,train
7,0,7_0_0_20170110225232046.jpg,train
62,0,62_1_0_20170110182008441.jpg,train
26,0,26_0_0_20170112205758123.jpg,train
35,3,35_0_3_20170117152630820.jpg,train
17,0,17_0_0_20170114025913647.jpg,train
37,3,37_0_3_20170119202342181.jpg,train
58,0,58_0_0_20170117191947021.jpg,train
40,2,40_1_2_20170116191614819.jpg,train
29,0,29_0_0_20170117180857403.jpg,train
25,0,25_1_0_20170116223849950.jpg,train
3,0,3_1_0_20170109191958848.jpg,train
32,4,32_0_4_20170104172421138.jpg,train
29,3,29_0_3_20170119195158259.jpg,train
24,2,24_0_2_20170116172808749.jpg,train
29,1,29_0_1_20170108235740510.jpg,train
26,0,26_1_0_20170113001701275.jpg,train
18,0,18_0_0_20170117140129888.jpg,train
82,0,82_1_0_20170110131741775.jpg,train
12,0,12_1_0_20170103200944175.jpg,train
27,4,27_0_4_20170117010740316.jpg,train
1,2,1_1_2_20161219202945116.jpg,train
35,1,35_1_1_20170113012452639.jpg,train
24,2,24_1_2_20170104020306436.jpg,train
34,0,34_1_0_20170103183107138.jpg,train
38,1,38_0_1_20170117022513719.jpg,train
36,0,36_0_0_20170109003634534.jpg,train
26,4,26_0_4_20170117152714787.jpg,train
60,0,60_0_0_20170111171747549.jpg,train
29,0,29_1_0_20170120140806986.jpg,train
55,3,55_0_3_20170119205343062.jpg,train
24,2,24_1_2_20170116174526687.jpg,train
24,1,24_1_1_20170113003543637.jpg,train
28,0,28_0_0_20170116204038276.jpg,train
33,0,33_1_0_20170103182624369.jpg,train
30,0,30_0_0_20170113135527027.jpg,train
69,0,69_1_0_20170110152957666.jpg,train
26,2,26_0_2_20170116181149946.jpg,train
22,1,22_0_1_20170102233341092.jpg,train
28,1,28_1_1_20170115235013113.jpg,train
54,1,54_0_1_20170113190519393.jpg,train
5,2,5_1_2_20161219190317906.jpg,train
32,1,32_0_1_20170117140609238.jpg,train
53,0,53_1_0_20170104184217989.jpg,train
50,0,50_0_0_20170117180346013.jpg,train
32,0,32_0_0_20170117182419741.jpg,train
26,1,26_1_1_20170113000646211.jpg,train
26,1,26_0_1_20170116181113305.jpg,train
55,0,55_0_0_20170117185648744.jpg,train
54,0,54_1_0_20170103180708902.jpg,train
49,0,49_1_0_20170109220635624.jpg,train
1,2,1_0_2_20161219222527222.jpg,train
1,2,1_0_2_20161219211357821.jpg,train
25,1,25_0_1_20170116025959945.jpg,train
26,1,26_1_1_20170116011417813.jpg,train
35,3,35_0_3_20170119180425940.jpg,train
25,1,25_1_1_20170113001625270.jpg,train
26,1,26_1_1_20170112235540169.jpg,train
45,0,45_0_0_20170117183147982.jpg,train
48,0,48_0_0_20170117170703274.jpg,train
26,0,26_1_0_20170117200604086.jpg,train
26,1,26_0_1_20170116181040400.jpg,train
28,3,28_0_3_20170119194624019.jpg,train
35,2,35_1_2_20170116191722656.jpg,train
25,3,25_1_3_20170119172014464.jpg,train
26,0,26_1_0_20170117103606667.jpg,train
32,3,32_0_3_20170117182326773.jpg,train
30,2,30_1_2_20170104020413511.jpg,train
5,2,5_0_2_20170110215404831.jpg,train
35,0,35_1_0_20170117183059886.jpg,train
58,0,58_0_0_20170113185354432.jpg,train
29,1,29_1_1_20170116231405050.jpg,train
22,0,22_0_0_20170117140942783.jpg,train
1,0,1_1_0_20170109192159501.jpg,train
36,3,36_0_3_20170119201908108.jpg,train
45,3,45_0_3_20170119200707996.jpg,train
52,0,52_0_0_20170117190844398.jpg,train
18,0,18_1_0_20170109212826322.jpg,train
41,0,41_1_0_20170104210211937.jpg,train
35,4,35_0_4_20170117153332974.jpg,train
1,0,1_1_0_20170109192206209.jpg,train
26,2,26_1_2_20170116180305369.jpg,train
10,0,10_1_0_20170109204422889.jpg,train
35,1,35_1_1_20170116233055885.jpg,train
15,0,15_0_0_20170102234355667.jpg,train
4,4,4_1_4_20170109192812215.jpg,train
24,2,24_1_2_20170116171600984.jpg,train
28,1,28_0_1_20170116010545437.jpg,train
25,3,25_0_3_20170117134150022.jpg,train
26,1,26_0_1_20170117195838909.jpg,train
63,0,63_0_0_20170105180938823.jpg,train
49,0,49_0_0_20170104205907868.jpg,train
35,2,35_1_2_20170116184621951.jpg,train
58,0,58_1_0_20170104235908396.jpg,train
25,3,25_1_3_20161220222256467.jpg,train
26,3,26_1_3_20170119192354858.jpg,train
54,1,54_0_1_20170117183508782.jpg,train
37,1,37_0_1_20170113161444292.jpg,train
35,0,35_0_0_20170104183852983.jpg,train
5,0,5_0_0_20170110220049707.jpg,train
35,2,35_0_2_20170104201834738.jpg,train
55,0,55_0_0_20170105161419947.jpg,train
8,0,8_1_0_20170109202906495.jpg,train
73,0,73_1_0_20170110154151795.jpg,train
44,3,44_1_3_20170119165505207.jpg,train
37,1,37_0_1_20170116193931967.jpg,train
69,0,69_1_0_20170110140355514.jpg,train
35,0,35_0_0_20170117130952893.jpg,train
16,0,16_1_0_20170105000703117.jpg,train
36,0,36_0_0_20170117183142678.jpg,train
25,1,25_1_1_20161220222224947.jpg,train
17,0,17_0_0_20170117134955265.jpg,train
4,2,4_0_2_20161219154925917.jpg,train
21,2,21_0_2_20170116164809162.jpg,train
29,1,29_1_1_20170112230631076.jpg,train
23,3,23_1_3_20170119164605108.jpg,train
45,0,45_0_0_20170117181001561.jpg,train
42,0,42_1_0_20170105173320357.jpg,train
26,3,26_1_3_20170119192422098.jpg,train
1,2,1_1_2_20161219212416550.jpg,train
73,0,73_1_0_20170120223851022.jpg,train
40,3,40_1_3_20170119183059633.jpg,train
29,1,29_0_1_20170113173014241.jpg,train
9,0,9_0_0_20170110224627443.jpg,train
27,1,27_0_1_20170117194133909.jpg,train
55,1,55_0_1_20170117201404086.jpg,train
18,3,18_1_3_20170104221856991.jpg,train
1,2,1_1_2_20161219140638264.jpg,train
26,1,26_1_1_20170116231924481.jpg,train
23,3,23_1_3_20170119164501885.jpg,train
37,0,37_0_0_20170117135927074.jpg,train
70,0,70_0_0_20170117171305844.jpg,train
26,3,26_1_3_20170119181433587.jpg,train
25,2,25_1_2_20161219194224315.jpg,train
42,0,42_1_0_20170110124244590.jpg,train
48,0,48_0_0_20170120134446448.jpg,train
38,2,38_0_2_20170116192316995.jpg,train
35,0,35_0_0_20170120222647529.jpg,train
47,0,47_1_0_20170104184430669.jpg,train
35,0,35_1_0_20170117135348429.jpg,train
35,2,35_1_2_20170116191711286.jpg,train
40,0,40_0_0_20170117185234626.jpg,train
36,1,36_1_1_20170112210525117.jpg,train
35,1,35_0_1_20170116030445338.jpg,train
22,1,22_0_1_20170113132548672.jpg,train
75,0,75_0_0_20170111202241586.jpg,train
30,1,30_1_1_20170113012621729.jpg,train
24,1,24_0_1_20170113151045191.jpg,train
3,2,3_1_2_20161219151111483.jpg,train
24,1,24_0_1_20170103181218960.jpg,train
40,4,40_0_4_20170104192730423.jpg,train
62,0,62_0_0_20170104170229321.jpg,train
51,1,51_0_1_20170113142040362.jpg,train
26,3,26_0_3_20170119180331459.jpg,train
32,3,32_0_3_20170119164310053.jpg,train
37,3,37_0_3_20170109141925516.jpg,train
54,0,54_0_0_20170104212504460.jpg,train
28,3,28_0_3_20170119194930475.jpg,train
9,0,9_0_0_20170110225419379.jpg,train
65,3,65_0_3_20170112222321514.jpg,train
1,0,1_1_0_20170109193427612.jpg,train
50,0,50_1_0_20170103183624314.jpg,train
40,2,40_0_2_20170104192449111.jpg,train
26,1,26_0_1_20170117091210764.jpg,train
27,1,27_1_1_20170113001021322.jpg,train
20,4,20_1_4_20170103223033527.jpg,train
20,0,20_0_0_20170116205342932.jpg,train
25,0,25_0_0_20170116200929068.jpg,train
25,3,25_1_3_20170104222305855.jpg,train
76,0,76_1_0_20170110181611591.jpg,train
35,1,35_0_1_20170117141830394.jpg,train
32,1,32_1_1_20170116161336538.jpg,train
32,1,32_1_1_20170113001556123.jpg,train
50,0,50_1_0_20170120221635036.jpg,train
5,0,5_1_0_20170109194113052.jpg,train
35,1,35_0_1_20170113183259413.jpg,train
39,0,39_0_0_20170104210549580.jpg,train
35,0,35_1_0_20170120225310113.jpg,train
23,1,23_0_1_20170114034122308.jpg,train
25,4,25_0_4_20170117193004258.jpg,train
28,0,28_1_0_20170108225418569.jpg,train
2,2,2_1_2_20161219211123885.jpg,train
32,3,32_0_3_20170119171305632.jpg,train
27,1,27_0_1_20170117134943088.jpg,train
20,1,20_1_1_20170112191255227.jpg,train
26,3,26_1_3_20170117174540872.jpg,train
24,3,24_0_3_20170117150025331.jpg,train
26,1,26_0_1_20170113145620590.jpg,train
65,0,65_1_0_20170117190355010.jpg,train
24,0,24_0_0_20170117150001859.jpg,train
34,1,34_1_1_20170113001823786.jpg,train
26,0,26_1_0_20170117003146021.jpg,train
1,0,1_0_0_20161219161028662.jpg,train
14,0,14_1_0_20170119150832998.jpg,train
1,2,1_0_2_20161219201442357.jpg,train
8,0,8_1_0_20170117175943380.jpg,train
55,0,55_0_0_20170104212750765.jpg,train
28,0,28_1_0_20170117121929252.jpg,train
9,0,9_0_0_20170110220658769.jpg,train
55,0,55_0_0_20170117185015353.jpg,train
48,0,48_0_0_20170113183724399.jpg,train
3,2,3_1_2_20161219155423541.jpg,train
53,3,53_0_3_20170119205827904.jpg,train
45,0,45_0_0_20170117182212741.jpg,train
61,0,61_1_0_20170110160643735.jpg,train
1,3,1_0_3_20161219225116535.jpg,train
30,1,30_1_1_20170117143817409.jpg,train
31,1,31_1_1_20170116170019856.jpg,train
35,0,35_0_0_20170117134946022.jpg,train
1,2,1_0_2_20161219155759221.jpg,train
36,1,36_0_1_20170117135812577.jpg,train
8,0,8_1_0_20170109205020218.jpg,train
45,0,45_0_0_20170117170741266.jpg,train
39,3,39_0_3_20170119191918705.jpg,train
70,0,70_0_0_20170117173644159.jpg,train
30,1,30_0_1_20170113141822196.jpg,train
1,3,1_0_3_20161219230224536.jpg,train
34,1,34_1_1_20170114033426045.jpg,train
55,0,55_0_0_20170120221712005.jpg,train
25,0,25_1_0_20170105000803577.jpg,train
1,0,1_0_0_20170110213011627.jpg,train
34,0,34_0_0_20170117182649925.jpg,train
29,0,29_0_0_20170109002204336.jpg,train
25,1,25_1_1_20170112233635032.jpg,train
1,2,1_0_2_20161219204409620.jpg,train
1,0,1_0_0_20170117133107124.jpg,train
40,0,40_0_0_20170104165249089.jpg,train
58,0,58_0_0_20170111210633610.jpg,train
31,1,31_1_1_20170116223000226.jpg,train
23,1,23_0_1_20170114033521648.jpg,train
42,1,42_0_1_20170113190603850.jpg,train
1,2,1_0_2_20161219155855829.jpg,train
2,2,2_1_2_20161219142056888.jpg,train
68,0,68_1_0_20170110143337087.jpg,train
39,0,39_1_0_20170117121735861.jpg,train
2,4,2_0_4_20170103204813658.jpg,train
3,0,3_0_0_20161219154705684.jpg,train
67,0,67_0_0_20170104212901716.jpg,train
26,1,26_0_1_20170113152913048.jpg,train
28,3,28_1_3_20170117183503510.jpg,train
80,0,80_1_0_20170120222314991.jpg,train
30,2,30_0_2_20170116173004384.jpg,train
35,3,35_0_3_20170119201215829.jpg,train
70,0,70_0_0_20170111200516733.jpg,train
26,2,26_1_2_20170116175920746.jpg,train
34,1,34_0_1_20170116202024648.jpg,train
24,2,24_1_2_20170116172645816.jpg,train
30,1,30_1_1_20170117123929050.jpg,train
26,1,26_0_1_20170113154700499.jpg,train
26,0,26_0_0_20170116224759206.jpg,train
45,1,45_0_1_20170117140339396.jpg,train
26,3,26_1_3_20170119192520722.jpg,train
15,0,15_0_0_20170117134820249.jpg,train
23,0,23_1_0_20170112234220808.jpg,train
53,0,53_1_0_20170110160643297.jpg,train
22,3,22_1_3_20170119163028157.jpg,train
28,4,28_0_4_20170117202427928.jpg,train
24,4,24_1_4_20170117150332484.jpg,train
70,0,70_1_0_20170120221625677.jpg,train
24,1,24_1_1_20170112231707948.jpg,train
34,3,34_0_3_20170119200816604.jpg,train
40,2,40_1_2_20170117121945324.jpg,train
65,0,65_0_0_20170111171747635.jpg,train
58,3,58_0_3_20170119211702050.jpg,train
30,1,30_1_1_20170116214526804.jpg,train
1,4,1_1_4_20161223231311515.jpg,train
26,1,26_1_1_20170116234758189.jpg,train
1,3,1_0_3_20161219230303992.jpg,train
29,1,29_1_1_20170113012615177.jpg,train
55,0,55_0_0_20170117190413331.jpg,train
62,0,62_0_0_20170111221809798.jpg,train
39,0,39_0_0_20170104204804020.jpg,train
31,3,31_1_3_20170104234514954.jpg,train
35,1,35_0_1_20170113133034151.jpg,train
61,3,61_0_3_20170117174814245.jpg,train
57,0,57_0_0_20170120223918152.jpg,train
47,0,47_0_0_20170116205608766.jpg,train
13,0,13_0_0_20170110225717809.jpg,train
26,0,26_0_0_20170117200030565.jpg,train
1,1,1_1_1_20170109190848182.jpg,train
1,2,1_0_2_20161219211244365.jpg,train
1,2,1_0_2_20161219142409225.jpg,train
38,0,38_0_0_20170109013142560.jpg,train
28,0,28_0_0_20170117202434527.jpg,train
28,0,28_1_0_20170103182305562.jpg,train
2,3,2_1_3_20161219230048688.jpg,train
52,0,52_0_0_20170111203528972.jpg,train
50,0,50_1_0_20170117134105409.jpg,train
26,1,26_1_1_20170116231832606.jpg,train
20,1,20_1_1_20170113005500606.jpg,train
26,0,26_0_0_20170117171750643.jpg,train
31,0,31_0_0_20170117133142224.jpg,train
37,0,37_1_0_20170117140016085.jpg,train
37,0,37_0_0_20170117140324990.jpg,train
35,2,35_0_2_20170104191720503.jpg,train
25,3,25_0_3_20170119144812749.jpg,train
72,0,72_1_0_20170110183342670.jpg,train
30,0,30_0_0_20170117151314107.jpg,train
29,2,29_0_2_20170116182206717.jpg,train
38,1,38_1_1_20170113010502255.jpg,train
9,0,9_0_0_20170110223421536.jpg,train
25,1,25_0_1_20170116003017226.jpg,train
21,2,21_1_2_20170104020235605.jpg,train
5,0,5_1_0_20170109193711655.jpg,train
1,3,1_1_3_20161220145724687.jpg,train
29,0,29_1_0_20170103181745425.jpg,train
8,0,8_1_0_20170109204542015.jpg,train
41,0,41_0_0_20170117154648336.jpg,train
45,3,45_1_3_20170119183505494.jpg,train
26,1,26_1_1_20170116224135754.jpg,train
1,2,1_0_2_20161219151505283.jpg,train
55,0,55_0_0_20170120222221343.jpg,train
58,0,58_1_0_20170110140856753.jpg,train
25,1,25_1_1_20170112234214983.jpg,train
28,2,28_1_2_20170116164640416.jpg,train
56,3,56_0_3_20170119183551541.jpg,train
35,0,35_0_0_20170105163316787.jpg,train
30,2,30_0_2_20170116172925949.jpg,train
34,1,34_0_1_20170117141457492.jpg,train
1,0,1_1_0_20170109190937434.jpg,train
2,0,2_1_0_20170109194711891.jpg,train
24,3,24_1_3_20170104222414918.jpg,train
28,0,28_1_0_20170103180926608.jpg,train
54,0,54_0_0_20170105173614957.jpg,train
1,0,1_0_0_20170103210548852.jpg,train
40,0,40_0_0_20170116232933985.jpg,train
32,0,32_0_0_20170104173023034.jpg,train
30,1,30_0_1_20170113133323665.jpg,train
32,0,32_1_0_20170117140131110.jpg,train
72,0,72_0_0_20170109015615391.jpg,train
26,0,26_1_0_20170103181123449.jpg,train
2,2,2_0_2_20161219190941315.jpg,train
43,0,43_0_0_20170104204616830.jpg,train
40,1,40_1_1_20170113012253752.jpg,train
17,0,17_1_0_20170109214431887.jpg,train
26,0,26_1_0_20170117201638206.jpg,train
26,3,26_0_3_20170117154317645.jpg,train
40,2,40_0_2_20170116183802085.jpg,train
26,4,26_1_4_20170117174023997.jpg,train
26,1,26_1_1_20170116233337587.jpg,train
32,0,32_1_0_20170109140418625.jpg,train
31,2,31_1_2_20170104023111549.jpg,train
18,0,18_1_0_20170109213904824.jpg,train
22,3,22_1_3_20170119163753629.jpg,train
26,1,26_1_1_20170116233519519.jpg,train
27,3,27_1_3_20170104232647592.jpg,train
31,0,31_1_0_20170116021126334.jpg,train
30,0,30_1_0_20170117092814966.jpg,train
1,3,1_0_3_20161219230436137.jpg,train
31,2,31_1_2_20170104234746818.jpg,train
12,0,12_1_0_20170109213526011.jpg,train
56,0,56_1_0_20170105172715541.jpg,train
26,0,26_0_0_20170104165824281.jpg,train
44,3,44_0_3_20170119195204451.jpg,train
25,1,25_1_1_20170112224716002.jpg,train
27,1,27_0_1_20170113175646676.jpg,train
50,0,50_1_0_20170113210319697.jpg,train
32,1,32_0_1_20170113175300325.jpg,train
85,0,85_1_0_20170120230116817.jpg,train
34,0,34_0_0_20170104192735655.jpg,train
26,1,26_1_1_20170116154712959.jpg,train
50,3,50_0_3_20170119201854301.jpg,train
21,0,21_0_0_20170117141823641.jpg,train
1,2,1_0_2_20161219154852685.jpg,train
34,1,34_0_1_20170113141505428.jpg,train
25,1,25_0_1_20170117190559108.jpg,train
22,2,22_1_2_20170116165942740.jpg,train
1,2,1_1_2_20170109194007910.jpg,train
1,0,1_1_0_20170109191436874.jpg,train
25,1,25_0_1_20170113175652484.jpg,train
2,4,2_1_4_20161221202503449.jpg,train
28,4,28_0_4_20170116214318093.jpg,train
18,0,18_1_0_20170103201500071.jpg,train
11,0,11_1_0_20170109204546617.jpg,train
45,0,45_0_0_20170117192021532.jpg,train
35,0,35_1_0_20170116201620219.jpg,train
28,3,28_1_3_20170119194821963.jpg,train
1,2,1_1_2_20170109190752762.jpg,train
27,1,27_0_1_20170114034625293.jpg,train
29,1,29_1_1_20170117183625423.jpg,train
41,0,41_0_0_20170104173044203.jpg,train
25,3,25_0_3_20170119171959592.jpg,train
21,0,21_1_0_20170109213135260.jpg,train
3,0,3_0_0_20170110205355795.jpg,train
15,0,15_1_0_20170116201351655.jpg,train
21,1,21_0_1_20170116204921756.jpg,train
31,1,31_1_1_20170116224134208.jpg,train
2,2,2_0_2_20161219142704833.jpg,train
28,4,28_0_4_20170103235541444.jpg,train
32,1,32_0_1_20170113174103202.jpg,train
25,2,25_0_2_20170116212011508.jpg,train
23,2,23_0_2_20170116172933284.jpg,train
18,0,18_1_0_20170109212914272.jpg,train
67,0,67_1_0_20170110120952264.jpg,train
45,0,45_0_0_20170117163357130.jpg,train
37,0,37_1_0_20170103183019306.jpg,train
22,3,22_1_3_20170119163750525.jpg,train
62,0,62_0_0_20170120223830886.jpg,train
32,3,32_1_3_20170104223515310.jpg,train
25,2,25_1_2_20170116174850070.jpg,train
26,3,26_0_3_20170117173025404.jpg,train
35,3,35_1_3_20170104220136126.jpg,train
60,0,60_1_0_20170117163645241.jpg,train
31,1,31_0_1_20170117135222573.jpg,train
22,2,22_1_2_20170116162853367.jpg,train
26,1,26_0_1_20170116193228728.jpg,train
32,1,32_1_1_20170113012735154.jpg,train
25,0,25_0_0_20170117140535248.jpg,train
26,3,26_0_3_20170119180400891.jpg,train
26,2,26_0_2_20170116181154900.jpg,train
53,0,53_1_0_20170117163700586.jpg,train
26,1,26_0_1_20170113134739602.jpg,train
25,3,25_0_3_20170104214602149.jpg,train
20,1,20_1_1_20170112231407182.jpg,train
38,0,38_0_0_20170117131159850.jpg,train
55,3,55_0_3_20170119180725108.jpg,train
26,3,26_0_3_20170119180508068.jpg,train
26,0,26_0_0_20170117172856799.jpg,train
40,0,40_0_0_20170117154509590.jpg,train
47,3,47_0_3_20170119205242687.jpg,train
27,3,27_1_3_20170116173028210.jpg,train
58,0,58_0_0_20170117193919120.jpg,train
55,0,55_0_0_20170117185713024.jpg,train
27,0,27_1_0_20170103181541352.jpg,train
32,2,32_1_2_20170116181306891.jpg,train
40,2,40_0_2_20170104170505569.jpg,train
1,3,1_1_3_20161220143409894.jpg,train
10,0,10_0_0_20170110225246490.jpg,train
39,1,39_1_1_20170113003558579.jpg,train
25,0,25_0_0_20170117135538311.jpg,train
26,0,26_0_0_20170102233359482.jpg,train
25,2,25_0_2_20170117195218570.jpg,train
35,1,35_1_1_20170116173118874.jpg,train
1,2,1_0_2_20161219195200555.jpg,train
45,0,45_0_0_20170117152339171.jpg,train
27,3,27_1_3_20170119194423595.jpg,train
10,0,10_0_0_20170110225601897.jpg,train
45,3,45_0_3_20170119200329836.jpg,train
35,0,35_0_0_20170113183114846.jpg,train
30,2,30_1_2_20170104164904841.jpg,train
55,3,55_0_3_20170117175522223.jpg,train
29,3,29_0_3_20170119195116490.jpg,train
21,4,21_1_4_20170103225212711.jpg,train
21,3,21_1_3_20170119154115689.jpg,train
85,0,85_1_0_20170110183618363.jpg,train
9,0,9_0_0_20170110225101384.jpg,train
15,0,15_0_0_20170110224312647.jpg,train
58,1,58_0_1_20170113193258196.jpg,train
30,3,30_1_3_20170104231521681.jpg,train
25,0,25_1_0_20170117195311260.jpg,train
36,0,36_0_0_20170116182401789.jpg,train
28,2,28_1_2_20170116164653714.jpg,train
28,4,28_1_4_20170117202606048.jpg,train
25,0,25_1_0_20170104021710995.jpg,train
35,0,35_0_0_20170117135019980.jpg,train
1,0,1_1_0_20170109194456866.jpg,train
3,0,3_1_0_20170109191231140.jpg,train
4,0,4_1_0_20170109191152071.jpg,train
25,0,25_0_0_20170117142048826.jpg,train
29,3,29_0_3_20170104230635409.jpg,train
60,0,60_0_0_20170104213206349.jpg,train
45,3,45_0_3_20170119200804204.jpg,train
47,0,47_1_0_20170104210658092.jpg,train
42,0,42_0_0_20170109012239137.jpg,train
37,0,37_1_0_20170103175351545.jpg,train
2,2,2_1_2_20161219195509211.jpg,train
40,3,40_0_3_20170117181129612.jpg,train
18,0,18_1_0_20170109213922168.jpg,train
60,3,60_0_3_20170119205622888.jpg,train
17,0,17_1_0_20170103175424111.jpg,train
53,0,53_0_0_20170104213317911.jpg,train
24,1,24_1_1_20170112234401495.jpg,train
50,1,50_0_1_20170113173828618.jpg,train
9,0,9_0_0_20170110220532651.jpg,train
1,2,1_1_2_20170109193557242.jpg,train
36,1,36_1_1_20170116222904910.jpg,train
39,0,39_0_0_20170103183234026.jpg,train
26,2,26_1_2_20170116184145692.jpg,train
35,0,35_1_0_20170117190625474.jpg,train
25,0,25_1_0_20170117193330822.jpg,train
22,1,22_1_1_20170116175817144.jpg,train
28,0,28_1_0_20170116214251849.jpg,train
27,1,27_1_1_20170117202242686.jpg,train
2,4,2_1_4_20161221193634726.jpg,train
32,1,32_1_1_20170113000731466.jpg,train
25,3,25_0_3_20170119152752375.jpg,train
40,0,40_0_0_20170120221048429.jpg,train
65,0,65_1_0_20170103175408672.jpg,train
62,1,62_0_1_20170111203234430.jpg,train
27,3,27_0_3_20170119193304964.jpg,train
21,4,21_0_4_20170103225103768.jpg,train
10,0,10_1_0_20170109204844109.jpg,train
24,2,24_1_2_20170116163750637.jpg,train
26,1,26_0_1_20170116182128259.jpg,train
1,2,1_0_2_20161219155857576.jpg,train
1,0,1_1_0_20170109193148580.jpg,train
18,0,18_0_0_20170117140759528.jpg,train
38,0,38_1_0_20170117121922741.jpg,train
25,2,25_1_2_20170104020339110.jpg,train
32,3,32_0_3_20170104204208194.jpg,train
30,3,30_0_3_20170119155845146.jpg,train
29,0,29_0_0_20170117180933082.jpg,train
84,0,84_1_0_20170110180441394.jpg,train
32,1,32_0_1_20170113155305504.jpg,train
37,3,37_1_3_20170119202513781.jpg,train
14,0,14_1_0_20170109213548658.jpg,train
1,0,1_0_0_20161219194004596.jpg,train
32,0,32_1_0_20170112211450500.jpg,train
25,3,25_0_3_20170119171823257.jpg,train
25,1,25_1_1_20170116223829647.jpg,train
30,2,30_0_2_20170116181218736.jpg,train
26,1,26_0_1_20170113135416706.jpg,train
32,0,32_1_0_20170117182528940.jpg,train
34,0,34_1_0_20170103182644010.jpg,train
20,0,20_1_0_20170117193612788.jpg,train
25,3,25_0_3_20170119171838017.jpg,train
32,0,32_0_0_20170116002349487.jpg,train
2,3,2_1_3_20161219224725248.jpg,train
36,3,36_1_3_20170109141841866.jpg,train
24,4,24_0_4_20170103223915799.jpg,train
33,3,33_0_3_20170119200502940.jpg,train
70,0,70_0_0_20170117091026248.jpg,train
1,2,1_0_2_20161219205717701.jpg,train
26,0,26_1_0_20170117175240971.jpg,train
36,3,36_0_3_20170119144131781.jpg,train
62,1,62_1_1_20170117183835889.jpg,train
13,0,13_0_0_20170103200631336.jpg,train
39,0,39_1_0_20170109221036374.jpg,train
2,3,2_1_3_20161220222013834.jpg,train
24,0,24_0_0_20170117145303338.jpg,train
54,0,54_0_0_20170117171225124.jpg,train
60,0,60_1_0_20170110141545888.jpg,train
28,0,28_1_0_20170104183435637.jpg,train
35,0,35_1_0_20170116203950507.jpg,train
30,3,30_0_3_20170117143039026.jpg,train
30,1,30_1_1_20170112215102792.jpg,train
38,0,38_0_0_20170117191939980.jpg,train
32,1,32_0_1_20170120220852396.jpg,train
18,0,18_0_0_20170110232448997.jpg,train
54,0,54_1_0_20170113002044715.jpg,train
26,1,26_0_1_20170116153040656.jpg,train
29,0,29_0_0_20170117180949666.jpg,train
45,0,45_0_0_20170117182929156.jpg,train
26,0,26_1_0_20170117201342701.jpg,train
24,4,24_1_4_20170117194745325.jpg,train
42,0,42_0_0_20170112220250648.jpg,train
52,1,52_1_1_20170110153724776.jpg,train
1,3,1_1_3_20161220143343886.jpg,train
66,0,66_0_0_20170120225919754.jpg,train
29,1,29_0_1_20170113151036496.jpg,train
35,2,35_0_2_20170116180720126.jpg,train
27,2,27_1_2_20170116170956198.jpg,train
34,0,34_0_0_20170117182731575.jpg,train
16,0,16_0_0_20170110232142982.jpg,train
30,0,30_0_0_20170117143424561.jpg,train
17,0,17_1_0_20170105183400255.jpg,train
26,3,26_1_3_20170119193139298.jpg,train
26,1,26_1_1_20170116223432216.jpg,train
49,0,49_0_0_20170119211323601.jpg,train
3,0,3_1_0_20161219230026848.jpg,train
27,0,27_1_0_20170117142744825.jpg,train
25,1,25_1_1_20170114030227321.jpg,train
26,0,26_1_0_20170116164344661.jpg,train
3,2,3_1_2_20161219162958110.jpg,train
45,0,45_1_0_20170117001056094.jpg,train
32,0,32_1_0_20170116222131069.jpg,train
26,4,26_1_4_20170117201502838.jpg,train
33,1,33_0_1_20170117190145954.jpg,train
26,0,26_1_0_20170117091659319.jpg,train
52,0,52_0_0_20170117135533022.jpg,train
1,3,1_0_3_20161220222459155.jpg,train
2,0,2_1_0_20170109191803520.jpg,train
30,0,30_0_0_20170117120709730.jpg,train
45,0,45_1_0_20170117135048155.jpg,train
32,1,32_0_1_20170113134029255.jpg,train
38,2,38_1_2_20170116192323993.jpg,train
26,1,26_0_1_20170113155100771.jpg,train
35,1,35_1_1_20170112210403180.jpg,train
34,3,34_1_3_20170104235039092.jpg,train
18,1,18_1_1_20170109214355606.jpg,train
34,3,34_0_3_20170119200626788.jpg,train
40,0,40_1_0_20170108234357077.jpg,train
23,2,23_0_2_20170116172858865.jpg,train
24,4,24_1_4_20170104005530664.jpg,train
28,1,28_0_1_20170117020012900.jpg,train
26,1,26_1_1_20170112233445111.jpg,train
26,1,26_0_1_20170113154843417.jpg,train
30,0,30_1_0_20170103180631960.jpg,train
32,0,32_0_0_20170105164554548.jpg,train
24,3,24_1_3_20170104231916690.jpg,train
49,0,49_0_0_20170104205813820.jpg,train
32,1,32_0_1_20170113142343044.jpg,train
30,2,30_1_2_20170116192249012.jpg,train
61,1,61_0_1_20170116231224576.jpg,train
51,0,51_1_0_20170110153411621.jpg,train
32,1,32_1_1_20170116012209350.jpg,train
40,2,40_0_2_20170116232918443.jpg,train
24,1,24_0_1_20170117194359125.jpg,train
12,0,12_1_0_20170109204206273.jpg,train
49,0,49_0_0_20170104184239893.jpg,train
27,0,27_1_0_20170117120639678.jpg,train
35,2,35_1_2_20170116191715348.jpg,train
39,0,39_0_0_20170104174316011.jpg,train
52,3,52_0_3_20170104214700621.jpg,train
28,1,28_1_1_20170103225945785.jpg,train
24,4,24_1_4_20170117194850412.jpg,train
48,1,48_0_1_20170117165012988.jpg,train
37,3,37_0_3_20170104232806122.jpg,train
24,0,24_1_0_20170117150312410.jpg,train
2,0,2_0_0_20170104201100490.jpg,train
28,1,28_1_1_20170116231836061.jpg,train
15,0,15_0_0_20170103201301966.jpg,train
1,3,1_0_3_20161219225813152.jpg,train
63,0,63_0_0_20170111171747618.jpg,train
40,0,40_1_0_20170104183430557.jpg,train
5,0,5_1_0_20170109191946614.jpg,train
58,1,58_0_1_20170113184906215.jpg,train
53,0,53_1_0_20170109221042561.jpg,train
26,2,26_0_2_20170116182756349.jpg,train
37,1,37_0_1_20170116193808148.jpg,train
42,1,42_1_1_20170113005717990.jpg,train
20,1,20_1_1_20170105002448621.jpg,train
75,0,75_0_0_20170111210208339.jpg,train
29,0,29_0_0_20170104184656046.jpg,train
24,2,24_1_2_20170116170646374.jpg,train
28,0,28_0_0_20170117121833834.jpg,train
26,4,26_1_4_20170117174316560.jpg,train
22,4,22_1_4_20170103224424415.jpg,train
2,2,2_1_2_20161219152918020.jpg,train
5,2,5_1_2_20161219142421601.jpg,train
43,0,43_0_0_20170117141431936.jpg,train
26,1,26_0_1_20170116143035440.jpg,train
54,0,54_0_0_20170117171146956.jpg,train
30,0,30_1_0_20170117114710101.jpg,train
28,1,28_1_1_20170112234143831.jpg,train
50,0,50_1_0_20170117143959322.jpg,train
53,0,53_1_0_20170103183702714.jpg,train
9,0,9_0_0_20170110224404052.jpg,train
28,0,28_1_0_20170116000534759.jpg,train
1,4,1_0_4_20161221192855037.jpg,train
33,0,33_1_0_20170117171111730.jpg,train
22,0,22_0_0_20170117135034534.jpg,train
35,2,35_0_2_20170116173652735.jpg,train
22,3,22_1_3_20170104222612607.jpg,train
54,3,54_0_3_20170120134355574.jpg,train
18,0,18_1_0_20170109213140139.jpg,train
65,0,65_0_0_20170111210257547.jpg,train
27,1,27_0_1_20170116203636129.jpg,train
53,0,53_1_0_20170108224819091.jpg,train
26,3,26_0_3_20170104214630381.jpg,train
45,0,45_0_0_20170120221844935.jpg,train
30,0,30_1_0_20170120220742867.jpg,train
23,3,23_1_3_20170104223058543.jpg,train
26,0,26_1_0_20170113210127127.jpg,train
1,2,1_0_2_20161219222722535.jpg,train
28,0,28_1_0_20170105183923408.jpg,train
1,2,1_1_2_20161219203352244.jpg,train
28,2,28_1_2_20170116163844508.jpg,train
28,1,28_1_1_20170116235605486.jpg,train
22,4,22_1_4_20170103225813392.jpg,train
27,2,27_0_2_20170116185018697.jpg,train
35,2,35_0_2_20170116192510762.jpg,train
38,1,38_0_1_20170117142745510.jpg,train
2,2,2_0_2_20161219212403166.jpg,train
42,0,42_0_0_20170117135614403.jpg,train
32,0,32_1_0_20170117182511453.jpg,train
58,3,58_1_3_20170109150757996.jpg,train
13,0,13_0_0_20170110224801290.jpg,train
2,4,2_0_4_20161221202417666.jpg,train
37,1,37_1_1_20170117172409586.jpg,train
53,0,53_0_0_20170120223145428.jpg,train
26,0,26_0_0_20170113210126674.jpg,train
45,3,45_0_3_20170119203815607.jpg,train
45,1,45_0_1_20170117204117178.jpg,train
5,0,5_1_0_20170109191508473.jpg,train
56,1,56_0_1_20170117172244563.jpg,train
25,2,25_0_2_20170116175213151.jpg,train
16,4,16_0_4_20170102234702965.jpg,train
35,1,35_0_1_20170116194427309.jpg,train
26,4,26_1_4_20170117200442221.jpg,train
26,2,26_1_2_20170116184445597.jpg,train
1,3,1_1_3_20161219225018384.jpg,train
35,0,35_0_0_20170117192120258.jpg,train
1,0,1_1_0_20170109190742179.jpg,train
29,3,29_0_3_20170119195312395.jpg,train
24,2,24_1_2_20170116174538267.jpg,train
24,3,24_1_3_20170117150541539.jpg,train
61,0,61_0_0_20170117204809192.jpg,train
28,2,28_1_2_20170116165133825.jpg,train
35,3,35_0_3_20170117191232217.jpg,train
58,0,58_0_0_20170117195023639.jpg,train
36,0,36_1_0_20170117135907876.jpg,train
2,3,2_0_3_20161219225927088.jpg,train
1,4,1_0_4_20161221195047839.jpg,train
14,0,14_0_0_20170116204045849.jpg,train
45,0,45_1_0_20170117183404676.jpg,train
5,2,5_0_2_20170103205833676.jpg,train
37,3,37_1_3_20170104235745484.jpg,train
57,0,57_0_0_20170117192020506.jpg,train
10,0,10_0_0_20170110224223937.jpg,train
26,0,26_1_0_20170116171048641.jpg,train
2,2,2_1_2_20161219194958523.jpg,train
26,3,26_1_3_20170104232550697.jpg,train
32,1,32_1_1_20170117134806214.jpg,train
26,2,26_1_2_20170105163951372.jpg,train
25,1,25_0_1_20170103180757928.jpg,train
16,0,16_0_0_20170110232450588.jpg,train
32,0,32_1_0_20170105173150717.jpg,train
56,0,56_0_0_20170120222849329.jpg,train
34,1,34_0_1_20170117010655969.jpg,train
20,0,20_1_0_20170109213016635.jpg,train
1,4,1_0_4_20161221201833209.jpg,train
29,3,29_1_3_20170103214234261.jpg,train
1,0,1_0_0_20161219190824794.jpg,train
40,1,40_1_1_20170113001728994.jpg,train
85,0,85_1_0_20170110184045236.jpg,train
41,0,41_1_0_20170111182452877.jpg,train
26,2,26_1_2_20170116184831737.jpg,train
24,4,24_1_4_20170103223911478.jpg,train
35,4,35_0_4_20170109001216009.jpg,train
53,0,53_1_0_20170110141616567.jpg,train
26,1,26_1_1_20170117141807232.jpg,train
1,3,1_0_3_20161219225322506.jpg,train
58,0,58_0_0_20170117190757797.jpg,train
34,1,34_0_1_20170113141042588.jpg,train
49,0,49_1_0_20170109220434368.jpg,train
23,4,23_1_4_20170103223558799.jpg,train
20,4,20_1_4_20170103223401848.jpg,train
30,2,30_0_2_20170119204746406.jpg,train
26,4,26_0_4_20170117153243021.jpg,train
54,0,54_1_0_20170104184901670.jpg,train
26,2,26_0_2_20170120134050439.jpg,train
4,3,4_1_3_20161219225056888.jpg,train
55,0,55_1_0_20170117183106982.jpg,train
22,2,22_0_2_20170116172210197.jpg,train
18,0,18_0_0_20170117193153029.jpg,train
50,0,50_0_0_20170116232735637.jpg,train
36,0,36_1_0_20170117183334597.jpg,train
25,0,25_0_0_20170105163328603.jpg,train
29,2,29_0_2_20170117180939947.jpg,train
24,0,24_1_0_20170116222842089.jpg,train
26,0,26_0_0_20170119180056835.jpg,train
4,3,4_1_3_20161219225734881.jpg,train
26,1,26_1_1_20170103181439968.jpg,train
48,0,48_1_0_20170105173544229.jpg,train
35,0,35_0_0_20170119200925684.jpg,train
27,0,27_0_0_20170116204141166.jpg,train
35,0,35_0_0_20170105172518557.jpg,train
27,0,27_0_0_20170117120426927.jpg,train
1,3,1_1_3_20161220143313302.jpg,train
40,1,40_0_1_20170116003656859.jpg,train
43,0,43_1_0_20170117155106415.jpg,train
4,0,4_1_0_20170109192714731.jpg,train
32,0,32_1_0_20170103182600698.jpg,train
2,2,2_0_2_20161219194834811.jpg,train
1,2,1_0_2_20161219190831555.jpg,train
30,0,30_0_0_20170117131016260.jpg,train
29,2,29_0_2_20170105163533012.jpg,train
30,0,30_1_0_20170117094404388.jpg,train
24,3,24_1_3_20170104231953658.jpg,train
22,0,22_1_0_20170116205812305.jpg,train
26,0,26_1_0_20170103175557343.jpg,train
33,1,33_1_1_20170112210849669.jpg,train
16,0,16_1_0_20170112230646758.jpg,train
27,2,27_1_2_20170116190003226.jpg,train
22,0,22_0_0_20170117143240036.jpg,train
40,0,40_1_0_20170117194649491.jpg,train
43,0,43_1_0_20170109012420929.jpg,train
3,2,3_1_2_20161219141805465.jpg,train
1,3,1_0_3_20161220222642427.jpg,train
52,0,52_0_0_20170104212329500.jpg,train
37,1,37_0_1_20170116194823302.jpg,train
25,1,25_0_1_20170113142520572.jpg,train
29,0,29_1_0_20170116220908902.jpg,train
22,0,22_0_0_20170111181750310.jpg,train
56,0,56_0_0_20170105175625694.jpg,train
46,1,46_0_1_20170117171118355.jpg,train
50,3,50_0_3_20170113184235991.jpg,train
50,0,50_1_0_20170104205235021.jpg,train
51,0,51_0_0_20170117160748775.jpg,train
28,3,28_0_3_20170119194927932.jpg,train
7,0,7_0_0_20170110215633251.jpg,train
53,0,53_0_0_20170104210256884.jpg,train
2,3,2_1_3_20161220145350335.jpg,train
25,1,25_1_1_20170113183706142.jpg,train
4,2,4_1_2_20170109191204629.jpg,train
2,2,2_1_2_20161219140736641.jpg,train
34,0,34_1_0_20170103163016663.jpg,train
34,3,34_1_3_20170119200906387.jpg,train
27,4,27_1_4_20170103234931350.jpg,train
46,0,46_1_0_20170104184041597.jpg,train
27,0,27_1_0_20170103183523123.jpg,train
49,0,49_0_0_20170104185007076.jpg,train
26,4,26_0_4_20170103235432764.jpg,train
30,2,30_1_2_20170116174642075.jpg,train
26,2,26_1_2_20170116180319469.jpg,train
24,2,24_1_2_20170116171531024.jpg,train
25,2,25_0_2_20170117140102359.jpg,train
30,0,30_1_0_20170117151337477.jpg,train
26,2,26_1_2_20170116182442130.jpg,train
2,2,2_0_2_20161219141245497.jpg,train
35,0,35_1_0_20170117134340646.jpg,train
24,2,24_1_2_20170116174454662.jpg,train
1,2,1_0_2_20161219204024196.jpg,train
31,1,31_0_1_20170116160725854.jpg,train
80,0,80_1_0_20170117155129695.jpg,train
27,1,27_0_1_20170120220051617.jpg,train
40,1,40_1_1_20170112231504476.jpg,train
12,0,12_1_0_20170109205130906.jpg,train
54,0,54_1_0_20170117204606216.jpg,train
39,0,39_0_0_20170104205032348.jpg,train
27,3,27_1_3_20170119194359132.jpg,train
2,2,2_1_2_20161219195008500.jpg,train
20,0,20_1_0_20170109213459975.jpg,train
28,3,28_0_3_20170119194435555.jpg,train
23,0,23_1_0_20170105183727831.jpg,train
25,3,25_1_3_20170104222511735.jpg,train
26,0,26_1_0_20170116184024662.jpg,train
31,0,31_1_0_20170104235124347.jpg,train
25,0,25_1_0_20170103180907920.jpg,train
35,0,35_1_0_20170103181546899.jpg,train
26,0,26_0_0_20170117144510833.jpg,train
37,2,37_0_2_20170116185935425.jpg,train
26,3,26_1_3_20170119192127618.jpg,train
2,0,2_1_0_20161219162308158.jpg,train
20,1,20_0_1_20170113132537718.jpg,train
2,4,2_1_4_20170103202730376.jpg,train
4,2,4_1_2_20161219204019100.jpg,train
1,2,1_1_2_20161219201159932.jpg,train
16,0,16_0_0_20170117134536197.jpg,train
25,3,25_1_3_20170104234936774.jpg,train
5,0,5_1_0_20170109191942666.jpg,train
28,1,28_0_1_20170113133358713.jpg,train
26,2,26_1_2_20170116184042449.jpg,train
24,4,24_0_4_20170117145146997.jpg,train
26,1,26_1_1_20170116153749007.jpg,train
23,3,23_1_3_20170119164553534.jpg,train
24,1,24_0_1_20170113134010217.jpg,train
50,0,50_1_0_20170116235501107.jpg,train
21,3,21_0_3_20170119153824472.jpg,train
26,1,26_0_1_20170113151606607.jpg,train
28,0,28_0_0_20170116194200664.jpg,train
25,3,25_0_3_20170119171120578.jpg,train
53,0,53_0_0_20170104184415133.jpg,train
50,0,50_1_0_20170117160741470.jpg,train
68,0,68_0_0_20170104213159413.jpg,train
27,2,27_0_2_20170119193349130.jpg,train
26,1,26_1_1_20170117201805678.jpg,train
29,0,29_0_0_20170117130617573.jpg,train
49,0,49_1_0_20170105173159405.jpg,train
35,0,35_0_0_20170117195418222.jpg,train
24,1,24_0_1_20170103212749284.jpg,train
32,0,32_0_0_20170117133717614.jpg,train
40,0,40_1_0_20170117092603386.jpg,train
80,0,80_1_0_20170117175421676.jpg,train
26,1,26_1_1_20170116231834520.jpg,train
28,0,28_1_0_20170116222126409.jpg,train
26,3,26_1_3_20170104232329458.jpg,train
53,0,53_0_0_20170111171747419.jpg,train
1,3,1_0_3_20161220223100579.jpg,train
1,4,1_0_4_20170103205838610.jpg,train
21,2,21_1_2_20170116170625776.jpg,train
24,0,24_0_0_20170117194524762.jpg,train
2,3,2_1_3_20161219225920200.jpg,train
35,0,35_0_0_20170120220934299.jpg,train
50,3,50_0_3_20170119205600824.jpg,train
30,0,30_1_0_20170117131121016.jpg,train
34,1,34_0_1_20170116193916761.jpg,train
29,0,29_0_0_20170109002204936.jpg,train
2,4,2_0_4_20161221195216736.jpg,train
23,1,23_1_1_20170112234254088.jpg,train
58,1,58_0_1_20170117193630275.jpg,train
26,0,26_0_0_20170105183712607.jpg,train
26,2,26_0_2_20170116180716055.jpg,train
35,1,35_1_1_20170117021418022.jpg,train
51,0,51_0_0_20170120222851682.jpg,train
32,1,32_0_1_20170113151436071.jpg,train
26,2,26_1_2_20170116161848983.jpg,train
22,3,22_0_3_20170119162746691.jpg,train
38,0,38_0_0_20170109012846030.jpg,train
50,0,50_0_0_20170116224809437.jpg,train
75,0,75_0_0_20170111201904798.jpg,train
26,2,26_1_2_20170116182203278.jpg,train
26,3,26_0_3_20170119183240167.jpg,train
54,0,54_0_0_20170111210520573.jpg,train
40,0,40_0_0_20170117193923355.jpg,train
34,3,34_0_3_20170119200611509.jpg,train
29,0,29_1_0_20170103181717184.jpg,train
10,0,10_0_0_20170110220111082.jpg,train
26,0,26_1_0_20170117171418571.jpg,train
26,2,26_1_2_20170116184701683.jpg,train
32,1,32_1_1_20170114030326243.jpg,train
47,0,47_0_0_20170116204821089.jpg,train
38,1,38_0_1_20170117135753077.jpg,train
1,2,1_1_2_20161219194839971.jpg,train
29,1,29_0_1_20170117104625949.jpg,train
36,1,36_1_1_20170112235957860.jpg,train
3,3,3_1_3_20161219230023400.jpg,train
27,0,27_0_0_20170117020138207.jpg,train
21,1,21_1_1_20170114031445759.jpg,train
30,0,30_0_0_20170120220636164.jpg,train
32,1,32_0_1_20170113175642986.jpg,train
5,3,5_1_3_20161219224922904.jpg,train
26,0,26_0_0_20170104200830216.jpg,train
24,0,24_0_0_20170117140958984.jpg,train
2,3,2_1_3_20161220144846231.jpg,train
28,1,28_0_1_20170112211822909.jpg,train
35,0,35_0_0_20170117173401692.jpg,train
23,1,23_0_1_20170117164527169.jpg,train
26,0,26_1_0_20170105003228731.jpg,train
30,2,30_1_2_20170116192527784.jpg,train
35,4,35_0_4_20170104165959561.jpg,train
51,0,51_0_0_20170104205242540.jpg,train
16,0,16_0_0_20170110231627902.jpg,train
16,0,16_0_0_20170110232302818.jpg,train
1,2,1_0_2_20161219154038141.jpg,train
36,1,36_0_1_20170113163308366.jpg,train
35,0,35_0_0_20170117193222963.jpg,train
2,3,2_1_3_20161219225333464.jpg,train
5,0,5_1_0_20170109193857919.jpg,train
45,1,45_0_1_20170116010527476.jpg,train
22,0,22_0_0_20170114025946539.jpg,train
1,0,1_1_0_20170109193447073.jpg,train
2,2,2_0_2_20161219204916820.jpg,train
54,0,54_0_0_20170116193518166.jpg,train
36,0,36_1_0_20170117152056883.jpg,train
36,1,36_0_1_20170113152749711.jpg,train
50,0,50_1_0_20170109012257664.jpg,train
26,2,26_1_2_20170104021717909.jpg,train
38,1,38_1_1_20170117203718759.jpg,train
29,0,29_1_0_20170116201228620.jpg,train
35,0,35_0_0_20170117151812445.jpg,train
35,0,35_1_0_20170117182819269.jpg,train
26,3,26_1_3_20170104215629245.jpg,train
44,3,44_0_3_20170119194637443.jpg,train
36,0,36_0_0_20170104204301875.jpg,train
67,0,67_0_0_20170120223724366.jpg,train
60,1,60_0_1_20170117175043836.jpg,train
9,0,9_0_0_20170110225142725.jpg,train
2,3,2_1_3_20161219230018024.jpg,train
24,1,24_1_1_20170115235954650.jpg,train
30,2,30_0_2_20170116173409625.jpg,train
18,0,18_1_0_20170102235007970.jpg,train
1,2,1_0_2_20161219222040503.jpg,train
34,0,34_1_0_20170116222753074.jpg,train
62,0,62_0_0_20170105164057133.jpg,train
28,4,28_1_4_20170117202546775.jpg,train
24,3,24_1_3_20170119171020639.jpg,train
31,0,31_1_0_20170109002639441.jpg,train
7,0,7_1_0_20170109205113183.jpg,train
26,1,26_1_1_20170117202000565.jpg,train
41,0,41_0_0_20170104204845308.jpg,train
26,1,26_0_1_20170113152845329.jpg,train
1,2,1_1_2_20161219155705613.jpg,train
35,1,35_0_1_20170116182401789.jpg,train
41,0,41_1_0_20170103183924011.jpg,train
22,1,22_0_1_20170114033134437.jpg,train
35,0,35_0_0_20170117171459931.jpg,train
35,0,35_0_0_20170117182945085.jpg,train
24,2,24_1_2_20170116163049260.jpg,train
5,0,5_1_0_20170109191338616.jpg,train
20,1,20_1_1_20170116214348718.jpg,train
1,0,1_0_0_20170110213520510.jpg,train
57,0,57_0_0_20170104212832053.jpg,train
35,0,35_0_0_20170119171132449.jpg,train
2,3,2_0_3_20161219224852040.jpg,train
14,0,14_1_0_20170109212651931.jpg,train
32,2,32_0_2_20170104202252010.jpg,train
26,0,26_0_0_20170117195728500.jpg,train
32,0,32_0_0_20170117175908028.jpg,train
32,2,32_0_2_20170117120231708.jpg,train
22,0,22_1_0_20170103163248351.jpg,train
50,2,50_0_2_20170109012311747.jpg,train
26,3,26_1_3_20170119193119393.jpg,train
50,0,50_0_0_20170117182140781.jpg,train
40,1,40_1_1_20170113012648537.jpg,train
10,0,10_0_0_20170110220235233.jpg,train
26,0,26_1_0_20170117174852519.jpg,train
27,3,27_1_3_20170119194419338.jpg,train
12,0,12_1_0_20170109203338340.jpg,train
23,4,23_1_4_20170103223554895.jpg,train
54,3,54_0_3_20170119210213777.jpg,train
8,0,8_1_0_20161220223020578.jpg,train
42,0,42_1_0_20170117203930783.jpg,train
1,2,1_0_2_20161219192733154.jpg,train
18,0,18_0_0_20170110231644037.jpg,train
45,0,45_1_0_20170119204732262.jpg,train
26,2,26_1_2_20170116180422018.jpg,train
26,1,26_1_1_20170117173603334.jpg,train
56,0,56_0_0_20170111202352043.jpg,train
26,0,26_0_0_20170117172408564.jpg,train
23,2,23_0_2_20170116172922675.jpg,train
26,0,26_0_0_20170117171909243.jpg,train
22,3,22_1_3_20170119163702901.jpg,train
30,3,30_0_3_20170119204757926.jpg,train
7,0,7_1_0_20170109204841362.jpg,train
35,0,35_0_0_20170116201425406.jpg,train
55,0,55_0_0_20170117155520701.jpg,train
1,2,1_0_2_20161219204252348.jpg,train
1,2,1_0_2_20161219205318388.jpg,train
29,1,29_0_1_20170116195112736.jpg,train
28,2,28_1_2_20170116190118355.jpg,train
25,3,25_1_3_20170119172145553.jpg,train
50,3,50_0_3_20170119205537439.jpg,train
27,1,27_0_1_20170104181441861.jpg,train
26,2,26_0_2_20170116175936478.jpg,train
1,4,1_1_4_20161221202050009.jpg,train
42,0,42_1_0_20170117154916559.jpg,train
2,0,2_0_0_20170110213705227.jpg,train
29,1,29_0_1_20170116182142032.jpg,train
38,0,38_1_0_20170103163147600.jpg,train
25,0,25_1_0_20170117141331623.jpg,train
24,2,24_1_2_20170104020244348.jpg,train
18,0,18_1_0_20170109212818755.jpg,train
35,0,35_0_0_20170117121726176.jpg,train
58,0,58_0_0_20170120224629472.jpg,train
35,0,35_1_0_20170117185227543.jpg,train
25,1,25_0_1_20170113133108944.jpg,train
28,3,28_0_3_20170117180213062.jpg,train
32,0,32_0_0_20170117173304428.jpg,train
36,0,36_0_0_20170117203455375.jpg,train
24,2,24_1_2_20170116171546278.jpg,train
1,0,1_0_0_20161219140642920.jpg,train
23,0,23_1_0_20170104165334721.jpg,train
54,0,54_1_0_20170117171243020.jpg,train
23,4,23_0_4_20170117194102020.jpg,train
36,3,36_1_3_20170119154411650.jpg,train
20,3,20_1_3_20170105000847091.jpg,train
30,1,30_0_1_20170113141843699.jpg,train
30,4,30_1_4_20170103213106156.jpg,train
42,1,42_1_1_20170117163844791.jpg,train
46,0,46_0_0_20170108235049898.jpg,train
29,1,29_0_1_20170117202706981.jpg,train
16,0,16_1_0_20170116214318225.jpg,train
48,1,48_0_1_20170113182616942.jpg,train
35,0,35_0_0_20170113142115723.jpg,train
23,2,23_1_2_20170116172817773.jpg,train
46,0,46_0_0_20170104205733811.jpg,train
16,0,16_1_0_20170119155149354.jpg,train
25,2,25_1_2_20170104020655188.jpg,train
55,3,55_0_3_20170119191938385.jpg,train
1,3,1_1_3_20161219225657032.jpg,train
70,0,70_0_0_20170111200707164.jpg,train
28,4,28_0_4_20170103213024052.jpg,train
37,1,37_1_1_20170117140024639.jpg,train
22,0,22_1_0_20170104021327948.jpg,train
26,2,26_1_2_20170116184248819.jpg,train
24,1,24_0_1_20170116172507878.jpg,train
1,2,1_0_2_20161219203249692.jpg,train
32,0,32_1_0_20170117134808277.jpg,train
27,3,27_0_3_20170104230432785.jpg,train
22,0,22_1_0_20170116214345265.jpg,train
34,0,34_1_0_20170103163530352.jpg,train
25,3,25_1_3_20170119171512535.jpg,train
30,0,30_1_0_20170103182413737.jpg,train
26,3,26_0_3_20170119144035406.jpg,train
43,0,43_0_0_20170117155102419.jpg,train
28,1,28_0_1_20170113161237182.jpg,train
25,2,25_1_2_20170107213811324.jpg,train
58,0,58_0_0_20170109012759314.jpg,train
35,3,35_0_3_20170119183709500.jpg,train
26,3,26_1_3_20170117174606847.jpg,train
1,3,1_0_3_20161219224655512.jpg,train
18,0,18_1_0_20170109214455239.jpg,train
24,0,24_1_0_20170117150310308.jpg,train
16,0,16_0_0_20170110231526097.jpg,train
50,0,50_0_0_20170117003508336.jpg,train
19,0,19_0_0_20170103180141544.jpg,train
21,4,21_0_4_20161223214837442.jpg,train
30,0,30_0_0_20170104202024970.jpg,train
57,0,57_1_0_20170110120803050.jpg,train
47,3,47_0_3_20170119183301849.jpg,train
52,0,52_0_0_20170116214143475.jpg,train
88,0,88_1_0_20170120133811095.jpg,train
26,1,26_1_1_20170116160930991.jpg,train
25,3,25_1_3_20170119171943592.jpg,train
40,2,40_0_2_20170116204150057.jpg,train
30,2,30_0_2_20170116173633448.jpg,train
60,1,60_0_1_20170113185141927.jpg,train
47,0,47_0_0_20170116233351586.jpg,train
50,0,50_0_0_20170109003412066.jpg,train
15,0,15_1_0_20170109213448729.jpg,train
26,1,26_1_1_20170112234340711.jpg,train
34,3,34_0_3_20170117182647085.jpg,train
21,4,21_0_4_20161223214759249.jpg,train
1,3,1_0_3_20161220220040611.jpg,train
3,2,3_1_2_20161219151433163.jpg,train
32,0,32_0_0_20170117123730435.jpg,train
58,0,58_0_0_20170104213234525.jpg,train
22,2,22_1_2_20170116172614669.jpg,train
60,0,60_1_0_20170110140651218.jpg,train
36,1,36_1_1_20170113012249151.jpg,train
30,0,30_0_0_20170116221857954.jpg,train
3,0,3_0_0_20170110212752045.jpg,train
54,0,54_0_0_20170104205516571.jpg,train
26,1,26_1_1_20170116163946811.jpg,train
36,0,36_0_0_20170117155223901.jpg,train
27,3,27_0_3_20170119193212770.jpg,train
40,0,40_0_0_20170116224626718.jpg,train
90,0,90_0_0_20170111222613993.jpg,train
18,0,18_0_0_20170110232624418.jpg,train
36,0,36_0_0_20170117135518232.jpg,train
12,0,12_1_0_20170104005520631.jpg,train
25,0,25_1_0_20170116220813532.jpg,train
61,0,61_0_0_20170117174637422.jpg,train
75,0,75_0_0_20170116233015609.jpg,train
26,1,26_0_1_20170116192453842.jpg,train
26,1,26_1_1_20170116220051881.jpg,train
15,0,15_0_0_20170104012346994.jpg,train
45,1,45_1_1_20170116233320931.jpg,train
32,1,32_1_1_20170112215044104.jpg,train
23,2,23_1_2_20170116173152188.jpg,train
28,3,28_1_3_20170109140238810.jpg,train
1,2,1_0_2_20161219153318900.jpg,train
26,3,26_0_3_20170113182519667.jpg,train
35,0,35_0_0_20170104201512505.jpg,train
36,3,36_0_3_20170119201743421.jpg,train
35,2,35_0_2_20170116164723099.jpg,train
23,1,23_1_1_20170103223013127.jpg,train
25,3,25_1_3_20170119172147361.jpg,train
28,2,28_1_2_20170116162955090.jpg,train
28,1,28_0_1_20170116192119455.jpg,train
65,0,65_0_0_20170111171747629.jpg,train
3,0,3_1_0_20170109194140144.jpg,train
65,0,65_1_0_20170110183018880.jpg,train
26,2,26_1_2_20170116184457094.jpg,train
25,1,25_0_1_20170116205628998.jpg,train
62,0,62_0_0_20170111202357377.jpg,train
17,0,17_1_0_20170109213559869.jpg,train
35,2,35_1_2_20170116191905052.jpg,train
28,1,28_0_1_20170117020144774.jpg,train
28,0,28_1_0_20170104165233241.jpg,train
48,0,48_0_0_20170111203244405.jpg,train
26,3,26_0_3_20170104230356601.jpg,train
65,0,65_1_0_20170110143514848.jpg,train
22,3,22_0_3_20170104230121056.jpg,train
85,0,85_0_0_20170111205438305.jpg,train
53,0,53_0_0_20170104184558814.jpg,train
3,3,3_1_3_20161219225534376.jpg,train
10,0,10_0_0_20170117143048181.jpg,train
42,0,42_0_0_20170113184059799.jpg,train
43,1,43_1_1_20170117094954741.jpg,train
32,0,32_1_0_20170104234919354.jpg,train
26,2,26_1_2_20170116175938987.jpg,train
54,3,54_0_3_20170119210005473.jpg,train
28,3,28_0_3_20170104214636285.jpg,train
28,0,28_0_0_20170116003131512.jpg,train
53,0,53_1_0_20170110160643204.jpg,train
35,1,35_0_1_20170117164220595.jpg,train
50,1,50_1_1_20170117185827827.jpg,train
65,0,65_0_0_20170111203752191.jpg,train
25,2,25_1_2_20170116174838291.jpg,train
24,2,24_1_2_20170116173453451.jpg,train
24,0,24_1_0_20170116000527997.jpg,train
47,0,47_0_0_20170117160014951.jpg,train
70,0,70_1_0_20170110183435147.jpg,train
16,0,16_0_0_20170110231533988.jpg,train
36,1,36_0_1_20170104172819875.jpg,train
27,1,27_1_1_20170112234058559.jpg,train
1,4,1_1_4_20161221202604641.jpg,train
1,3,1_0_3_20161219225032897.jpg,train
26,1,26_1_1_20170113011845176.jpg,train
27,0,27_0_0_20170116220601280.jpg,train
30,0,30_0_0_20170116215546940.jpg,train
30,0,30_0_0_20170104200535163.jpg,train
28,0,28_0_0_20170105161713835.jpg,train
85,0,85_0_0_20170111210017033.jpg,train
29,0,29_1_0_20170103183824867.jpg,train
32,4,32_0_4_20170104204203947.jpg,train
35,1,35_0_1_20170117143129752.jpg,train
65,0,65_0_0_20170111205224278.jpg,train
35,0,35_1_0_20170117150810173.jpg,train
56,1,56_0_1_20170113142254836.jpg,train
31,1,31_0_1_20170116203929663.jpg,train
25,0,25_0_0_20170116222911780.jpg,train
27,2,27_1_2_20170116163747003.jpg,train
25,2,25_1_2_20170104021958662.jpg,train
26,0,26_1_0_20170117201449668.jpg,train
50,0,50_0_0_20170120222246032.jpg,train
32,1,32_0_1_20170113152839433.jpg,train
36,0,36_1_0_20170117135906160.jpg,train
24,2,24_1_2_20170116174403364.jpg,train
35,1,35_1_1_20170114024635018.jpg,train
26,2,26_0_2_20170109001126902.jpg,train
27,2,27_0_2_20170116172528863.jpg,train
58,0,58_0_0_20170120224018686.jpg,train
21,4,21_0_4_20161223214802865.jpg,train
26,1,26_1_1_20170112213309749.jpg,train
26,0,26_0_0_20170113210319768.jpg,train
26,3,26_1_3_20170117153635595.jpg,train
8,0,8_1_0_20170109202901798.jpg,train
28,0,28_0_0_20170120220120096.jpg,train
26,4,26_1_4_20170117200419213.jpg,train
14,0,14_0_0_20170110232801598.jpg,train
56,0,56_0_0_20170113185156200.jpg,train
26,2,26_1_2_20170116184657144.jpg,train
24,0,24_1_0_20170103163324584.jpg,train
2,3,2_1_3_20161219225740952.jpg,train
2,4,2_1_4_20161221201820529.jpg,train
31,0,31_1_0_20170112233727598.jpg,train
36,1,36_1_1_20170117195448051.jpg,train
26,1,26_0_1_20170113152734393.jpg,train
45,1,45_1_1_20170112215309242.jpg,train
40,1,40_0_1_20170116233052810.jpg,train
25,0,25_0_0_20170117142949572.jpg,train
35,4,35_0_4_20170116212042685.jpg,train
1,4,1_1_4_20161221195027223.jpg,train
26,1,26_1_1_20170112210451957.jpg,train
1,2,1_1_2_20161219142106376.jpg,train
26,3,26_0_3_20170119183928432.jpg,train
45,0,45_1_0_20170105001254581.jpg,train
18,0,18_1_0_20170109214311284.jpg,train
28,1,28_1_1_20170116021913149.jpg,train
29,1,29_1_1_20170115235328452.jpg,train
36,3,36_0_3_20170105161649987.jpg,train
26,3,26_1_3_20170119193144786.jpg,train
42,0,42_1_0_20170110154309957.jpg,train
26,2,26_1_2_20170116184245342.jpg,train
33,3,33_0_3_20170119150501686.jpg,train
26,1,26_1_1_20170116011427995.jpg,train
40,3,40_0_3_20170119175434618.jpg,train
20,0,20_1_0_20170116211743925.jpg,train
34,2,34_0_2_20170112205459219.jpg,train
28,2,28_1_2_20170116164703724.jpg,train
55,0,55_0_0_20170117185729852.jpg,train
25,1,25_1_1_20170112205154091.jpg,train
3,0,3_1_0_20170103213301485.jpg,train
39,0,39_0_0_20170109004718122.jpg,train
40,3,40_0_3_20170119192039721.jpg,train
14,0,14_0_0_20170102234323550.jpg,train
39,3,39_0_3_20170119203837351.jpg,train
27,2,27_1_2_20170116172649981.jpg,train
4,2,4_1_2_20161219141028256.jpg,train
49,0,49_0_0_20170119202355566.jpg,train
26,1,26_1_1_20170116163959449.jpg,train
50,1,50_1_1_20170117001143232.jpg,train
26,0,26_1_0_20170112213001988.jpg,train
1,0,1_1_0_20161220142938007.jpg,train
45,0,45_1_0_20170110154302056.jpg,train
45,0,45_0_0_20170105184113903.jpg,train
1,2,1_0_2_20161219212510086.jpg,train
56,1,56_0_1_20170111202009206.jpg,train
28,2,28_1_2_20170116184835533.jpg,train
28,1,28_1_1_20170116175812597.jpg,train
40,0,40_0_0_20170116233131287.jpg,train
58,1,58_0_1_20170113190411755.jpg,train
2,2,2_0_2_20161219222714623.jpg,train
30,2,30_1_2_20170116174548024.jpg,train
19,0,19_0_0_20170105184049223.jpg,train
1,4,1_1_4_20161221202528425.jpg,train
45,0,45_1_0_20170117174627560.jpg,train
26,2,26_1_2_20170104020934116.jpg,train
29,1,29_1_1_20170116003342475.jpg,train
23,2,23_0_2_20170116172805150.jpg,train
38,0,38_0_0_20170117091005107.jpg,train
26,3,26_1_3_20170117154458652.jpg,train
26,1,26_0_1_20170116205224008.jpg,train
1,0,1_0_0_20170109194400094.jpg,train
65,0,65_0_0_20170117160554095.jpg,train
43,0,43_0_0_20170104183900726.jpg,train
23,2,23_1_2_20170116173159941.jpg,train
24,3,24_0_3_20170119165935686.jpg,train
36,0,36_1_0_20170116222807886.jpg,train
80,0,80_1_0_20170120222028750.jpg,train
26,1,26_0_1_20170116192055859.jpg,train
10,0,10_0_0_20170110221811823.jpg,train
28,1,28_0_1_20170117183746129.jpg,train
1,0,1_1_0_20161219205428229.jpg,train
1,2,1_0_2_20161219162817126.jpg,train
80,0,80_0_0_20170117175515838.jpg,train
37,0,37_0_0_20170105172903283.jpg,train
85,0,85_1_0_20170110183749939.jpg,train
31,1,31_1_1_20170112211518637.jpg,train
26,1,26_1_1_20170116162258869.jpg,train
28,2,28_1_2_20170116190120209.jpg,train
67,0,67_0_0_20170104213103526.jpg,train
24,0,24_0_0_20170117150031708.jpg,train
49,0,49_1_0_20170109220426712.jpg,train
25,3,25_0_3_20170119171741311.jpg,train
28,3,28_0_3_20170119194512651.jpg,train
28,0,28_0_0_20170117134016877.jpg,train
40,3,40_1_3_20170104220757598.jpg,train
26,3,26_1_3_20170119192143202.jpg,train
2,0,2_1_0_20161219211737526.jpg,train
27,0,27_1_0_20170116200842891.jpg,train
15,0,15_1_0_20170109213555287.jpg,train
26,1,26_1_1_20170116153240337.jpg,train
26,2,26_1_2_20170104015741532.jpg,train
24,0,24_1_0_20170117150813388.jpg,train
20,2,20_1_2_20170109213154546.jpg,train
45,3,45_0_3_20170119195808299.jpg,train
26,1,26_0_1_20170116234859005.jpg,train
54,1,54_0_1_20170117183554529.jpg,train
35,1,35_0_1_20170113155156475.jpg,train
27,0,27_1_0_20170103182501706.jpg,train
31,3,31_0_3_20170104231444482.jpg,train
26,1,26_0_1_20170113181549340.jpg,train
32,1,32_1_1_20170112232000909.jpg,train
2,3,2_0_3_20161219224928327.jpg,train
28,1,28_0_1_20170113151615824.jpg,train
9,0,9_0_0_20170110223423662.jpg,train
23,3,23_1_3_20170119164606005.jpg,train
26,1,26_1_1_20170116171052794.jpg,train
33,0,33_0_0_20170111181750364.jpg,train
1,2,1_0_2_20161219212444782.jpg,train
53,3,53_0_3_20170119205835771.jpg,train
35,3,35_0_3_20170104201943761.jpg,train
69,0,69_1_0_20170110175803672.jpg,train
14,0,14_1_0_20170104005937407.jpg,train
45,1,45_0_1_20170117171145629.jpg,train
22,3,22_1_3_20170109132213417.jpg,train
74,0,74_0_0_20170120224009436.jpg,train
58,3,58_0_3_20170119192023433.jpg,train
40,3,40_0_3_20170119204043575.jpg,train
65,0,65_1_0_20170110160643954.jpg,train
38,1,38_1_1_20170116171343260.jpg,train
24,2,24_1_2_20170116173519270.jpg,train
28,0,28_0_0_20170116212053311.jpg,train
24,0,24_0_0_20170116204032263.jpg,train
18,0,18_1_0_20170109213008587.jpg,train
5,3,5_1_3_20161220142912096.jpg,train
26,2,26_1_2_20170116175333732.jpg,train
36,0,36_0_0_20170104181434717.jpg,train
1,0,1_0_0_20161219160659230.jpg,train
30,3,30_1_3_20170117181327196.jpg,train
1,0,1_0_0_20170110212624891.jpg,train
60,0,60_1_0_20170110151506029.jpg,train
50,1,50_0_1_20170117184611832.jpg,train
2,2,2_1_2_20161219161905006.jpg,train
6,0,6_1_0_20170109201856463.jpg,train
27,2,27_1_2_20170116173022576.jpg,train
26,2,26_0_2_20170117172558276.jpg,train
26,2,26_1_2_20170104022654101.jpg,train
36,0,36_1_0_20170117183331622.jpg,train
27,3,27_0_3_20170104225852088.jpg,train
3,2,3_1_2_20161219155614821.jpg,train
53,1,53_1_1_20170110125140922.jpg,train
26,1,26_0_1_20170113132700512.jpg,train
36,0,36_0_0_20170117183313263.jpg,train
47,0,47_1_0_20170103183432930.jpg,train
26,1,26_1_1_20170116180048447.jpg,train
24,0,24_1_0_20170105183641479.jpg,train
35,0,35_1_0_20170117203328856.jpg,train
37,1,37_1_1_20170112220140249.jpg,train
55,3,55_0_3_20170117153822293.jpg,train
48,3,48_0_3_20170119211330007.jpg,train
28,1,28_1_1_20170113001920244.jpg,train
75,0,75_1_0_20170110140824258.jpg,train
32,1,32_1_1_20170112234515247.jpg,train
36,0,36_1_0_20170117091726944.jpg,train
7,0,7_1_0_20170109192035908.jpg,train
22,3,22_1_3_20170104222607551.jpg,train
3,2,3_1_2_20161219155421253.jpg,train
32,1,32_0_1_20170113134708200.jpg,train
20,3,20_0_3_20170104214317461.jpg,train
26,0,26_0_0_20170117195441085.jpg,train
60,0,60_0_0_20170120223409123.jpg,train
37,3,37_1_3_20170117183437046.jpg,train
53,0,53_1_0_20170117155436335.jpg,train
28,0,28_1_0_20170117122002945.jpg,train
35,2,35_1_2_20170116164245925.jpg,train
26,4,26_1_4_20170117153828843.jpg,train
67,0,67_1_0_20170104213602661.jpg,train
25,2,25_0_2_20170116172425264.jpg,train
26,2,26_1_2_20170116175849328.jpg,train
26,2,26_1_2_20170116184735190.jpg,train
21,1,21_1_1_20170112193005893.jpg,train
35,0,35_0_0_20170117172936549.jpg,train
35,0,35_0_0_20170117150214636.jpg,train
5,0,5_1_0_20170109192719152.jpg,train
44,0,44_0_0_20170104210021804.jpg,train
9,0,9_0_0_20170110225249086.jpg,train
28,1,28_0_1_20170117021357609.jpg,train
85,0,85_1_0_20170110181946121.jpg,train
1,2,1_0_2_20161219162852759.jpg,train
27,2,27_1_2_20170116165628229.jpg,train
20,1,20_1_1_20170117171757218.jpg,train
31,1,31_1_1_20170113012712161.jpg,train
46,3,46_1_3_20170117190202819.jpg,train
5,0,5_1_0_20170109191949189.jpg,train
26,1,26_0_1_20170113134812602.jpg,train
37,1,37_0_1_20170116194434755.jpg,train
30,2,30_0_2_20170116193953384.jpg,train
55,3,55_0_3_20170119180805746.jpg,train
30,0,30_1_0_20170120220732969.jpg,train
31,3,31_1_3_20170104234902482.jpg,train
54,3,54_0_3_20170119211308521.jpg,train
36,0,36_0_0_20170119201644461.jpg,train
85,0,85_1_0_20170110183956388.jpg,train
31,0,31_0_0_20170117181551404.jpg,train
33,0,33_1_0_20170112211922374.jpg,train
26,1,26_0_1_20170113133847367.jpg,train
31,1,31_1_1_20170112235015193.jpg,train
28,3,28_0_3_20170119194426537.jpg,train
24,1,24_1_1_20170113001329123.jpg,train
22,3,22_0_3_20170119162837005.jpg,train
1,2,1_0_2_20161219204156668.jpg,train
24,1,24_0_1_20170113150729383.jpg,train
37,0,37_0_0_20170116205011822.jpg,train
24,0,24_0_0_20170117145758955.jpg,train
1,0,1_1_0_20170109194131667.jpg,train
26,2,26_1_2_20170116184731471.jpg,train
28,0,28_1_0_20170103181241664.jpg,train
61,0,61_0_0_20170117192049580.jpg,train
34,0,34_1_0_20170117182633942.jpg,train
23,2,23_0_2_20170116172906979.jpg,train
34,0,34_0_0_20170119200555732.jpg,train
39,0,39_0_0_20170117181222276.jpg,train
26,2,26_1_2_20170116184709433.jpg,train
29,2,29_1_2_20170116192021943.jpg,train
22,3,22_1_3_20170104214416853.jpg,train
21,1,21_1_1_20170112232020295.jpg,train
38,1,38_1_1_20170112231328158.jpg,train
25,0,25_1_0_20170117152023187.jpg,train
72,0,72_1_0_20170110153738448.jpg,train
38,0,38_0_0_20170117163505625.jpg,train
23,0,23_0_0_20170117144406947.jpg,train
35,0,35_1_0_20170103182449434.jpg,train
54,1,54_0_1_20170117172505751.jpg,train
1,2,1_0_2_20161219193903835.jpg,train
1,3,1_1_3_20161220220534186.jpg,train
2,4,2_0_4_20170103211006898.jpg,train
29,1,29_1_1_20170114031631995.jpg,train
59,0,59_0_0_20170104185548054.jpg,train
30,4,30_0_4_20170117202819247.jpg,train
21,0,21_1_0_20170117142653808.jpg,train
35,1,35_0_1_20170116222350690.jpg,train
30,1,30_0_1_20170116213558934.jpg,train
60,0,60_0_0_20170111204719687.jpg,train
33,0,33_0_0_20170120221754125.jpg,train
1,0,1_1_0_20170109190841660.jpg,train
60,0,60_0_0_20170104212556604.jpg,train
32,2,32_1_2_20170116182247033.jpg,train
9,0,9_1_0_20170109203259973.jpg,train
35,0,35_0_0_20170117171336427.jpg,train
26,4,26_0_4_20170117195846957.jpg,train
22,2,22_1_2_20170116184716890.jpg,train
25,3,25_1_3_20170119172048666.jpg,train
36,1,36_1_1_20170116165713429.jpg,train
42,0,42_0_0_20170104183950934.jpg,train
43,0,43_0_0_20170117171713186.jpg,train
34,1,34_0_1_20170112215212041.jpg,train
27,0,27_0_0_20170117013808240.jpg,train
24,1,24_0_1_20170113133945657.jpg,train
18,0,18_1_0_20170109205411880.jpg,train
30,0,30_1_0_20170117092244399.jpg,train
30,0,30_1_0_20170117135302551.jpg,train
26,3,26_0_3_20170119183158500.jpg,train
32,1,32_1_1_20170113001546316.jpg,train
1,2,1_1_2_20161219205309420.jpg,train
32,2,32_1_2_20170103183806483.jpg,train
32,3,32_0_3_20170119200236372.jpg,train
40,2,40_1_2_20170116161936667.jpg,train
52,0,52_0_0_20170111171747390.jpg,train
28,0,28_0_0_20170116212026440.jpg,train
54,0,54_0_0_20170111195904169.jpg,train
85,0,85_1_0_20170110173744770.jpg,train
35,1,35_0_1_20170117181203308.jpg,train
27,3,27_0_3_20170119193359595.jpg,train
26,0,26_0_0_20170105163435235.jpg,train
35,0,35_0_0_20170116191127270.jpg,train
80,0,80_0_0_20170111221815342.jpg,train
22,1,22_1_1_20170112230450501.jpg,train
48,0,48_1_0_20170103224620464.jpg,train
18,0,18_1_0_20170109214503497.jpg,train
54,0,54_0_0_20170117191323482.jpg,train
55,3,55_0_3_20170119201758443.jpg,train
40,1,40_1_1_20170112234412839.jpg,train
34,1,34_1_1_20170117010327748.jpg,train
1,0,1_1_0_20170109190724839.jpg,train
4,2,4_1_2_20161219141811089.jpg,train
29,0,29_0_0_20170114032035047.jpg,train
45,0,45_0_0_20170116205749382.jpg,train
21,3,21_0_3_20170117141619327.jpg,train
22,0,22_1_0_20170112233731616.jpg,train
25,0,25_0_0_20170114033002971.jpg,train
29,1,29_0_1_20170113174703843.jpg,train
1,3,1_0_3_20161220144830816.jpg,train
17,4,17_0_4_20170103201116511.jpg,train
24,0,24_1_0_20170109214739809.jpg,train
27,0,27_0_0_20170117012803721.jpg,train
28,1,28_1_1_20170114031123751.jpg,train
1,2,1_0_2_20161219141758721.jpg,train
26,3,26_0_3_20170119180457602.jpg,train
28,2,28_0_2_20170116173230898.jpg,train
1,2,1_0_2_20161219162626830.jpg,train
12,0,12_1_0_20170103200711205.jpg,train
25,0,25_0_0_20170117143251139.jpg,train
51,1,51_0_1_20170113175204771.jpg,train
26,3,26_0_3_20170119183349137.jpg,train
25,4,25_1_4_20161220222242243.jpg,train
1,2,1_0_2_20161219212516942.jpg,train
32,0,32_0_0_20170113210127524.jpg,train
60,3,60_0_3_20170119205804806.jpg,train
45,3,45_0_3_20170119204212534.jpg,train
45,3,45_0_3_20170119202703548.jpg,train
45,0,45_0_0_20170117140655657.jpg,train
25,1,25_1_1_20170112230445064.jpg,train
29,1,29_1_1_20170117094934398.jpg,train
25,0,25_1_0_20170104022204452.jpg,train
2,2,2_1_2_20161219200416275.jpg,train
80,0,80_1_0_20170117175552763.jpg,train
40,0,40_0_0_20170113210126285.jpg,train
27,2,27_1_2_20170116175146257.jpg,train
3,2,3_0_2_20161219151511755.jpg,train
1,4,1_0_4_20170103202401551.jpg,train
32,0,32_0_0_20170117182429685.jpg,train
28,1,28_0_1_20170113151805863.jpg,train
61,0,61_0_0_20170111202300415.jpg,train
55,0,55_0_0_20170111194845175.jpg,train
40,0,40_0_0_20170117154507105.jpg,train
26,2,26_1_2_20170116184537798.jpg,train
36,0,36_0_0_20170117135445816.jpg,train
24,2,24_0_2_20170116171647508.jpg,train
8,0,8_1_0_20170109205022859.jpg,train
28,1,28_0_1_20170117202249743.jpg,train
29,3,29_0_3_20170117180744344.jpg,train
40,3,40_0_3_20170119153055608.jpg,train
44,3,44_0_3_20170119150719334.jpg,train
1,2,1_0_2_20161219222456375.jpg,train
37,2,37_1_2_20170105164301196.jpg,train
26,3,26_1_3_20170116154740506.jpg,train
7,0,7_0_0_20170110220101562.jpg,train
22,0,22_1_0_20170105002545990.jpg,train
58,1,58_0_1_20170113174734929.jpg,train
29,3,29_0_3_20170119195115251.jpg,train
2,4,2_0_4_20161221195155711.jpg,train
37,1,37_0_1_20170117164514945.jpg,train
65,1,65_0_1_20170113182137398.jpg,train
31,1,31_0_1_20170116010634833.jpg,train
26,1,26_0_1_20170117200036094.jpg,train
19,0,19_1_0_20170105184107718.jpg,train
25,0,25_0_0_20170110231839623.jpg,train
26,3,26_1_3_20170119193120042.jpg,train
55,0,55_0_0_20170117190614219.jpg,train
73,0,73_1_0_20170110122517886.jpg,train
24,2,24_0_2_20170116170903688.jpg,train
3,2,3_1_2_20161219142051272.jpg,train
40,0,40_0_0_20170113210319647.jpg,train
26,0,26_1_0_20170104235427939.jpg,train
20,4,20_0_4_20170113133058865.jpg,train
1,0,1_1_0_20170109190803637.jpg,train
40,1,40_1_1_20170117000145761.jpg,train
52,0,52_0_0_20170104212337021.jpg,train
40,1,40_0_1_20170113135447177.jpg,train
25,0,25_1_0_20170104021242700.jpg,train
17,0,17_1_0_20170117135219333.jpg,train
24,3,24_0_3_20170119164713030.jpg,train
33,1,33_1_1_20170112235129592.jpg,train
26,2,26_0_2_20170116184500032.jpg,train
36,0,36_1_0_20170109134525414.jpg,train
30,2,30_1_2_20170116191220057.jpg,train
22,1,22_1_1_20170114033301951.jpg,train
80,0,80_0_0_20170117175546325.jpg,train
19,0,19_0_0_20170117140608208.jpg,train
26,1,26_1_1_20170116233502567.jpg,train
23,0,23_1_0_20170116211903141.jpg,train
38,2,38_0_2_20170120220104632.jpg,train
30,0,30_0_0_20170104202149570.jpg,train
24,2,24_0_2_20170116163904057.jpg,train
45,3,45_0_3_20170117133824630.jpg,train
26,1,26_1_1_20170116013947455.jpg,train
30,2,30_1_2_20170105162719051.jpg,train
1,0,1_1_0_20170109194032969.jpg,train
53,0,53_0_0_20170104211506941.jpg,train
60,0,60_0_0_20170104170240505.jpg,train
28,1,28_0_1_20170113141527026.jpg,train
26,1,26_1_1_20170116153217708.jpg,train
45,0,45_0_0_20170117204039713.jpg,train
11,0,11_0_0_20170104012556563.jpg,train
52,1,52_0_1_20170113183825270.jpg,train
73,0,73_1_0_20170110141108353.jpg,train
68,0,68_0_0_20170104184826326.jpg,train
26,4,26_0_4_20170116182154649.jpg,train
51,0,51_1_0_20170103183556395.jpg,train
22,3,22_1_3_20170119162924172.jpg,train
21,0,21_1_0_20170104231331482.jpg,train
40,0,40_0_0_20170104181301060.jpg,train
25,3,25_1_3_20170119171949009.jpg,train
30,0,30_1_0_20170120133648501.jpg,train
35,1,35_0_1_20170120220430826.jpg,train
39,0,39_1_0_20170105165044508.jpg,train
36,1,36_1_1_20170116175558494.jpg,train
26,3,26_1_3_20170104234454339.jpg,train
40,0,40_0_0_20170116225108936.jpg,train
35,0,35_1_0_20170117141002650.jpg,train
32,1,32_0_1_20170117135749048.jpg,train
26,3,26_1_3_20161220221501954.jpg,train
56,0,56_0_0_20170119181226587.jpg,train
30,3,30_0_3_20170119195832412.jpg,train
26,3,26_1_3_20170117154935165.jpg,train
61,0,61_1_0_20170110122324992.jpg,train
75,0,75_0_0_20170111200622706.jpg,train
28,2,28_1_2_20170116192106479.jpg,train
35,0,35_0_0_20170117134947221.jpg,train
26,1,26_0_1_20170117195815907.jpg,train
58,0,58_0_0_20170111210401778.jpg,train
50,0,50_0_0_20170111171747294.jpg,train
28,1,28_1_1_20170117022211139.jpg,train
69,0,69_1_0_20170110175853077.jpg,train
49,3,49_1_3_20170119201515853.jpg,train
27,2,27_0_2_20170116161920941.jpg,train
45,0,45_1_0_20170104185042110.jpg,train
35,1,35_1_1_20170112234710496.jpg,train
26,4,26_0_4_20170117152744875.jpg,train
40,3,40_0_3_20170119204122502.jpg,train
35,0,35_0_0_20170117173311533.jpg,train
61,0,61_0_0_20170117174636574.jpg,train
30,0,30_1_0_20170117142803201.jpg,train
25,2,25_1_2_20170116175126325.jpg,train
70,0,70_1_0_20170110152919778.jpg,train
52,0,52_0_0_20170111195813450.jpg,train
8,0,8_1_0_20170109205256828.jpg,train
36,0,36_0_0_20170116002905632.jpg,train
30,3,30_0_3_20170119195646516.jpg,train
30,2,30_0_2_20170116192556571.jpg,train
29,1,29_1_1_20170112211746397.jpg,train
1,3,1_0_3_20161220142927974.jpg,train
26,1,26_0_1_20170113151918513.jpg,train
27,2,27_1_2_20170116163118798.jpg,train
49,0,49_0_0_20170109003418343.jpg,train
26,3,26_1_3_20170109135843276.jpg,train
28,2,28_0_2_20170116190025951.jpg,train
35,0,35_0_0_20170117170905483.jpg,train
70,0,70_1_0_20170109150852960.jpg,train
57,0,57_0_0_20170120222949154.jpg,train
32,0,32_0_0_20170104203059659.jpg,train
1,2,1_0_2_20161219160949398.jpg,train
45,1,45_1_1_20170109221115578.jpg,train
28,1,28_1_1_20170116232347382.jpg,train
29,0,29_0_0_20170104170138033.jpg,train
30,1,30_1_1_20170113012657328.jpg,train
45,0,45_0_0_20170117155740145.jpg,train
26,0,26_1_0_20170104021254429.jpg,train
50,3,50_0_3_20170119203909752.jpg,train
34,0,34_0_0_20170117141607879.jpg,train
28,0,28_0_0_20170117180514216.jpg,train
30,0,30_0_0_20170117153441021.jpg,train
70,0,70_1_0_20170110152906741.jpg,train
26,3,26_1_3_20170119193144114.jpg,train
25,3,25_0_3_20170104230516489.jpg,train
35,4,35_0_4_20170113133347977.jpg,train
67,0,67_0_0_20170120225145905.jpg,train
50,0,50_0_0_20170116225153572.jpg,train
24,2,24_1_2_20170116163634730.jpg,train
35,0,35_0_0_20170117171138059.jpg,train
29,1,29_1_1_20170116222451557.jpg,train
13,0,13_0_0_20170110225302179.jpg,train
30,1,30_1_1_20170115235628191.jpg,train
30,2,30_1_2_20170104020459348.jpg,train
35,0,35_0_0_20170116193236930.jpg,train
26,0,26_1_0_20170116184507521.jpg,train
65,0,65_0_0_20170120224023991.jpg,train
50,1,50_1_1_20170110120147003.jpg,train
26,1,26_0_1_20170116204859144.jpg,train
18,0,18_0_0_20170117175643037.jpg,train
21,0,21_1_0_20170116214441148.jpg,train
35,1,35_0_1_20170114034617407.jpg,train
73,0,73_1_0_20170110153035158.jpg,train
26,3,26_0_3_20170117154746934.jpg,train
27,3,27_1_3_20170119194422122.jpg,train
22,3,22_1_3_20170119163029565.jpg,train
23,3,23_0_3_20170119164224534.jpg,train
50,3,50_0_3_20170119204844983.jpg,train
47,0,47_0_0_20170116205559481.jpg,train
1,3,1_1_3_20161219224718096.jpg,train
45,1,45_1_1_20170113190400378.jpg,train
35,0,35_0_0_20170120221059452.jpg,train
36,3,36_1_3_20170119202138661.jpg,train
36,3,36_0_3_20170119202126078.jpg,train
26,0,26_0_0_20170116232619054.jpg,train
36,1,36_1_1_20170112224139515.jpg,train
36,3,36_1_3_20170117135606725.jpg,train
1,2,1_0_2_20161219201319628.jpg,train
52,0,52_0_0_20170117190847091.jpg,train
42,1,42_0_1_20170113184519863.jpg,train
25,1,25_0_1_20170116001410569.jpg,train
25,1,25_1_1_20170117142853127.jpg,train
1,4,1_1_4_20170109193346573.jpg,train
58,0,58_0_0_20170117173317568.jpg,train
24,1,24_1_1_20170113011408288.jpg,train
35,2,35_0_2_20170116173641544.jpg,train
24,4,24_1_4_20170117194829684.jpg,train
24,3,24_1_3_20170119155747715.jpg,train
26,3,26_1_3_20170117173846653.jpg,train
25,1,25_1_1_20170112205103738.jpg,train
26,3,26_1_3_20170119193140714.jpg,train
26,1,26_0_1_20170116005302166.jpg,train
57,0,57_0_0_20170104212837910.jpg,train
36,3,36_1_3_20170119202208549.jpg,train
34,3,34_1_3_20170105001226421.jpg,train
26,0,26_1_0_20170113012122280.jpg,train
22,1,22_1_1_20170112230542227.jpg,train
3,2,3_1_2_20161219141855897.jpg,train
40,3,40_0_3_20170119204141439.jpg,train
58,0,58_0_0_20170117191837444.jpg,train
2,2,2_1_2_20161219200522795.jpg,train
1,4,1_1_4_20161221201729160.jpg,train
25,4,25_1_4_20170103234056789.jpg,train
35,0,35_0_0_20170117013741999.jpg,train
58,0,58_0_0_20170109012537557.jpg,train
22,3,22_0_3_20170119155849290.jpg,train
26,0,26_0_0_20170117172707381.jpg,train
26,3,26_0_3_20170119183103830.jpg,train
28,3,28_1_3_20170104223430207.jpg,train
34,0,34_1_0_20170117180039028.jpg,train
28,2,28_1_2_20170116192959114.jpg,train
20,0,20_0_0_20170117135525494.jpg,train
24,2,24_1_2_20170116222614742.jpg,train
23,0,23_1_0_20170117144901132.jpg,train
24,4,24_1_4_20170102233433610.jpg,train
32,1,32_1_1_20170112215155305.jpg,train
56,0,56_1_0_20170110152858178.jpg,train
26,0,26_0_0_20170116224921695.jpg,train
1,0,1_0_0_20170110213012671.jpg,train
31,1,31_0_1_20170116011033268.jpg,train
2,2,2_0_2_20161219162132342.jpg,train
28,3,28_1_3_20170109141400528.jpg,train
26,2,26_1_2_20170116184707239.jpg,train
22,1,22_0_1_20170113133327736.jpg,train
30,2,30_1_2_20170117142750698.jpg,train
29,1,29_0_1_20170116203025802.jpg,train
22,3,22_1_3_20170119163332758.jpg,train
28,2,28_1_2_20170116190127787.jpg,train
28,0,28_1_0_20170113001234883.jpg,train
24,2,24_0_2_20170116173527524.jpg,train
29,0,29_1_0_20170103181425489.jpg,train
17,0,17_0_0_20170103201534007.jpg,train
65,1,65_1_1_20170113012531920.jpg,train
29,4,29_0_4_20170104200625561.jpg,train
31,1,31_0_1_20170117135536116.jpg,train
53,0,53_0_0_20170117190930257.jpg,train
1,4,1_1_4_20170117192625477.jpg,train
28,0,28_1_0_20170117164649676.jpg,train
78,0,78_0_0_20170111210848588.jpg,train
38,0,38_1_0_20170109003456560.jpg,train
40,0,40_1_0_20170117143211602.jpg,train
32,2,32_0_2_20170116180514896.jpg,train
1,4,1_0_4_20161221193604223.jpg,train
78,0,78_1_0_20170120225556721.jpg,train
21,4,21_1_4_20170103224431735.jpg,train
1,3,1_0_3_20161219224843048.jpg,train
71,0,71_0_0_20170104185305424.jpg,train
33,0,33_1_0_20170103183912066.jpg,train
2,2,2_0_2_20161219151902683.jpg,train
28,1,28_0_1_20170116192822460.jpg,train
35,3,35_0_3_20170117182941262.jpg,train
58,1,58_0_1_20170111200022771.jpg,train
8,4,8_1_4_20170104005426863.jpg,train
29,4,29_0_4_20170117094742046.jpg,train
26,2,26_1_2_20170116181301976.jpg,train
14,0,14_1_0_20170109204918699.jpg,train
18,1,18_1_1_20170109212551451.jpg,train
45,0,45_0_0_20170108235329396.jpg,train
1,0,1_1_0_20170109193454176.jpg,train
31,3,31_0_3_20170104165548728.jpg,train
3,0,3_1_0_20170109193506319.jpg,train
53,0,53_1_0_20170110140721731.jpg,train
20,1,20_0_1_20170112191235269.jpg,train
30,0,30_1_0_20170104184950950.jpg,train
24,1,24_1_1_20170115235615800.jpg,train
2,2,2_1_2_20161219162336446.jpg,train
26,3,26_1_3_20170119181313268.jpg,train
35,1,35_1_1_20170112215253641.jpg,train
16,0,16_0_0_20170110231553413.jpg,train
47,0,47_1_0_20170109132641773.jpg,train
11,0,11_1_0_20170109203919852.jpg,train
18,0,18_1_0_20170109212538216.jpg,train
69,0,69_1_0_20170110122444118.jpg,train
26,0,26_0_0_20170117172820860.jpg,train
55,3,55_0_3_20170119203922271.jpg,train
20,1,20_1_1_20170112192922677.jpg,train
24,0,24_0_0_20170105184142103.jpg,train
54,0,54_1_0_20170104235913154.jpg,train
24,3,24_1_3_20170104222658903.jpg,train
26,0,26_0_0_20170113181817014.jpg,train
26,0,26_1_0_20170117153202141.jpg,train
24,0,24_0_0_20170117150015076.jpg,train
26,4,26_0_4_20170117200102299.jpg,train
31,1,31_1_1_20170116223015265.jpg,train
35,1,35_0_1_20170117143116001.jpg,train
35,3,35_0_3_20170119200930924.jpg,train
48,0,48_0_0_20170116233057278.jpg,train
32,0,32_0_0_20170117134727342.jpg,train
61,3,61_0_3_20170119211818505.jpg,train
26,3,26_1_3_20170119155644533.jpg,train
30,2,30_0_2_20170116193441821.jpg,train
29,2,29_0_2_20170116190029257.jpg,train
55,3,55_0_3_20170119204600605.jpg,train
38,0,38_1_0_20170116003418066.jpg,train
56,1,56_0_1_20170113151815760.jpg,train
30,0,30_0_0_20170117131018041.jpg,train
18,0,18_1_0_20170109212828069.jpg,train
26,3,26_0_3_20170119184127431.jpg,train
35,3,35_1_3_20170117183032742.jpg,train
29,1,29_1_1_20170112235118232.jpg,train
51,0,51_0_0_20170104210526204.jpg,train
27,2,27_1_2_20161219195834107.jpg,train
26,3,26_0_3_20170104230513064.jpg,train
28,1,28_0_1_20170117015441625.jpg,train
30,0,30_1_0_20170117091710631.jpg,train
23,2,23_1_2_20170116173239323.jpg,train
45,3,45_0_3_20170117175453472.jpg,train
58,0,58_0_0_20170111171747496.jpg,train
1,2,1_0_2_20170109191125532.jpg,train
43,0,43_0_0_20170117155023824.jpg,train
24,4,24_1_4_20170103224910931.jpg,train
26,0,26_0_0_20170117184723591.jpg,train
3,4,3_0_4_20161221202214969.jpg,train
29,1,29_1_1_20170116023632884.jpg,train
29,0,29_1_0_20170103175359824.jpg,train
37,0,37_1_0_20170104181525205.jpg,train
32,2,32_1_2_20170116192346285.jpg,train
49,3,49_0_3_20170119201931356.jpg,train
52,0,52_0_0_20170111200615194.jpg,train
1,2,1_0_2_20161219141023272.jpg,train
1,0,1_1_0_20170109194459256.jpg,train
32,3,32_1_3_20170104223356184.jpg,train
58,0,58_1_0_20170104185337334.jpg,train
58,1,58_0_1_20170117184831471.jpg,train
3,2,3_0_2_20161219160003893.jpg,train
25,0,25_1_0_20170109213630541.jpg,train
54,0,54_0_0_20170111205229923.jpg,train
50,3,50_0_3_20170119204453255.jpg,train
10,0,10_0_0_20170110215927291.jpg,train
65,0,65_1_0_20170116220142214.jpg,train
26,0,26_0_0_20170117154331222.jpg,train
24,1,24_1_1_20170113011154152.jpg,train
38,2,38_0_2_20170116173400198.jpg,train
7,0,7_0_0_20170110215615139.jpg,train
1,3,1_0_3_20161219230541656.jpg,train
15,0,15_0_0_20170110232452356.jpg,train
25,2,25_1_2_20170105161718771.jpg,train
38,1,38_1_1_20170117142941700.jpg,train
46,1,46_0_1_20170113175110660.jpg,train
64,0,64_1_0_20170110182136419.jpg,train
25,3,25_1_3_20170117164626473.jpg,train
32,2,32_0_2_20170116182306316.jpg,train
33,0,33_0_0_20170120225727019.jpg,train
2,2,2_1_2_20161219161747222.jpg,train
36,1,36_0_1_20170116195829062.jpg,train
24,2,24_1_2_20170116174413898.jpg,train
73,0,73_1_0_20170110125254674.jpg,train
35,1,35_0_1_20170117172007523.jpg,train
27,0,27_1_0_20170117120642103.jpg,train
42,0,42_1_0_20170109004749442.jpg,train
29,2,29_0_2_20170116172041615.jpg,train
61,0,61_0_0_20170104185720734.jpg,train
60,0,60_0_0_20170117135546570.jpg,train
30,0,30_1_0_20170117174710486.jpg,train
29,3,29_0_3_20170119195113147.jpg,train
36,3,36_0_3_20170119183536726.jpg,train
26,1,26_1_1_20170116153255355.jpg,train
14,0,14_1_0_20170103183504594.jpg,train
68,0,68_0_0_20170117172347609.jpg,train
25,0,25_1_0_20170116223850990.jpg,train
26,3,26_0_3_20170119180905795.jpg,train
13,0,13_0_0_20170110220458081.jpg,train
54,0,54_0_0_20170111201425519.jpg,train
26,1,26_1_1_20170112213133100.jpg,train
45,3,45_0_3_20170119201748948.jpg,train
40,0,40_0_0_20170117120447856.jpg,train
30,3,30_1_3_20170119204037590.jpg,train
50,3,50_0_3_20170119205528760.jpg,train
50,0,50_0_0_20170117135339136.jpg,train
18,0,18_1_0_20170109214752340.jpg,train
22,0,22_1_0_20170103180211110.jpg,train
26,3,26_0_3_20170117154557054.jpg,train
39,0,39_1_0_20170117154452143.jpg,train
25,0,25_1_0_20170117135646592.jpg,train
35,0,35_0_0_20170103182703466.jpg,train
26,3,26_0_3_20170119154206922.jpg,train
25,0,25_0_0_20170117142944082.jpg,train
31,4,31_0_4_20170105161451773.jpg,train
9,0,9_0_0_20170110220406314.jpg,train
40,0,40_1_0_20170105173401214.jpg,train
35,3,35_1_3_20170117180204756.jpg,train
32,2,32_1_2_20170116192028254.jpg,train
26,2,26_0_2_20170104201313859.jpg,train
26,3,26_0_3_20170119183255877.jpg,train
58,0,58_0_0_20170117191944060.jpg,train
32,1,32_0_1_20170116185236084.jpg,train
18,0,18_1_0_20170109213103958.jpg,train
52,0,52_0_0_20170104212253932.jpg,train
75,0,75_0_0_20170111205232856.jpg,train
65,0,65_0_0_20170111202227430.jpg,train
3,0,3_1_0_20161219205449493.jpg,train
45,0,45_0_0_20170117135112380.jpg,train
32,3,32_0_3_20170119200400215.jpg,train
45,1,45_0_1_20170113183119558.jpg,train
24,1,24_1_1_20170115234849261.jpg,train
1,4,1_1_4_20161221195439775.jpg,train
26,3,26_0_3_20170119181258652.jpg,train
26,0,26_1_0_20170103181901521.jpg,train
26,1,26_1_1_20170114024504169.jpg,train
32,1,32_1_1_20170113011600858.jpg,train
4,4,4_1_4_20170103210522819.jpg,train
26,1,26_1_1_20170116155804560.jpg,train
29,1,29_1_1_20170112214912446.jpg,train
19,0,19_0_0_20170120133526566.jpg,train
25,3,25_1_3_20170104223238159.jpg,train
2,3,2_1_3_20161219224808112.jpg,train
53,0,53_0_0_20170117163655617.jpg,train
58,0,58_1_0_20170117173311314.jpg,train
22,2,22_1_2_20170116172719532.jpg,train
1,3,1_0_3_20161220143117879.jpg,train
35,0,35_0_0_20170117155112202.jpg,train
24,0,24_1_0_20170105183611646.jpg,train
35,1,35_0_1_20170116201954407.jpg,train
43,0,43_0_0_20170119204527446.jpg,train
85,0,85_1_0_20170110183559248.jpg,train
26,4,26_1_4_20170117201456142.jpg,train
50,3,50_0_3_20170119195746908.jpg,train
53,0,53_0_0_20170120223138763.jpg,train
70,0,70_0_0_20170117173632929.jpg,train
22,4,22_1_4_20170103224503415.jpg,train
22,0,22_1_0_20170112233748358.jpg,train
39,0,39_0_0_20170104202328306.jpg,train
1,0,1_0_0_20161219205141196.jpg,train
40,3,40_0_3_20170117125801143.jpg,train
65,1,65_0_1_20170117192046226.jpg,train
21,0,21_1_0_20170116234657499.jpg,train
37,0,37_0_0_20170104210303340.jpg,train
29,3,29_0_3_20170119195338355.jpg,train
28,0,28_0_0_20170117180538592.jpg,train
25,1,25_0_1_20170113173633210.jpg,train
25,0,25_1_0_20170116220927378.jpg,train
12,0,12_0_0_20170110224603045.jpg,train
24,1,24_0_1_20170117194352739.jpg,train
35,1,35_0_1_20170116002407914.jpg,train
26,2,26_1_2_20170116184241642.jpg,train
54,0,54_1_0_20170105173508749.jpg,train
29,0,29_0_0_20170104165154897.jpg,train
18,0,18_1_0_20170109213413212.jpg,train
56,1,56_1_1_20170105163352795.jpg,train
34,0,34_1_0_20170116232936514.jpg,train
23,3,23_1_3_20170116173247226.jpg,train
74,0,74_1_0_20170120225441633.jpg,train
65,0,65_0_0_20170120224637535.jpg,train
37,0,37_1_0_20170117184455008.jpg,train
3,2,3_0_2_20161219160801053.jpg,train
24,3,24_1_3_20161220221541210.jpg,train
25,0,25_0_0_20170114024601058.jpg,train
26,3,26_1_3_20170116233146621.jpg,train
24,0,24_1_0_20170117145436643.jpg,train
54,0,54_0_0_20170117191339385.jpg,train
35,0,35_1_0_20170109141753176.jpg,train
1,2,1_0_2_20161219155822605.jpg,train
32,0,32_1_0_20170103181859185.jpg,train
21,0,21_1_0_20170117142341545.jpg,train
38,0,38_0_0_20170117184616952.jpg,train
1,0,1_1_0_20170109191148861.jpg,train
65,0,65_1_0_20170110125326249.jpg,train
1,0,1_1_0_20170109191140082.jpg,train
24,0,24_1_0_20170116222843605.jpg,train
54,0,54_0_0_20170117171007439.jpg,train
68,0,68_1_0_20170110160644032.jpg,train
2,2,2_0_2_20161219160057853.jpg,train
5,0,5_1_0_20170109194058911.jpg,train
65,1,65_0_1_20170120222929626.jpg,train
26,1,26_0_1_20170116214444631.jpg,train
30,2,30_0_2_20170117181310236.jpg,train
35,2,35_1_2_20170104173050489.jpg,train
26,2,26_0_2_20170103181248536.jpg,train
29,0,29_1_0_20170109010152767.jpg,train
38,0,38_1_0_20170117121950680.jpg,train
35,2,35_1_2_20170116191855858.jpg,train
26,3,26_1_3_20170117153712926.jpg,train
10,0,10_0_0_20170110220541850.jpg,train
54,1,54_0_1_20170117190013790.jpg,train
29,1,29_0_1_20170115235536036.jpg,train
30,0,30_1_0_20170117150745435.jpg,train
26,4,26_1_4_20170103225129568.jpg,train
37,0,37_1_0_20170103183016626.jpg,train
1,2,1_0_2_20161219222219286.jpg,train
21,4,21_0_4_20161223214831392.jpg,train
54,1,54_0_1_20170120222533712.jpg,train
26,3,26_0_3_20170117154627472.jpg,train
1,4,1_0_4_20161221192555965.jpg,train
41,0,41_0_0_20170117171015249.jpg,train
1,3,1_1_3_20161220143202710.jpg,train
26,0,26_0_0_20170105164133579.jpg,train
32,2,32_0_2_20170116162300011.jpg,train
26,4,26_1_4_20170117153702405.jpg,train
24,1,24_1_1_20170116222720224.jpg,train
60,0,60_1_0_20170110131716428.jpg,train
15,0,15_0_0_20170110231550866.jpg,train
26,1,26_1_1_20170116154716047.jpg,train
78,0,78_0_0_20170120225240993.jpg,train
90,0,90_1_0_20170110182536477.jpg,train
25,0,25_1_0_20170116205342932.jpg,train
37,0,37_0_0_20170104201816626.jpg,train
65,0,65_0_0_20170111204914864.jpg,train
47,0,47_1_0_20170119205252879.jpg,train
70,0,70_0_0_20170111201407590.jpg,train
27,2,27_1_2_20161219204245668.jpg,train
31,0,31_0_0_20170117203033455.jpg,train
5,2,5_1_2_20161219203448084.jpg,train
32,1,32_0_1_20170113135300458.jpg,train
26,0,26_1_0_20170117091834220.jpg,train
35,0,35_0_0_20170117134941492.jpg,train
4,0,4_0_0_20170110224705396.jpg,train
23,0,23_0_0_20170117144620972.jpg,train
27,3,27_1_3_20170104223444183.jpg,train
1,2,1_1_2_20161219141436353.jpg,train
28,0,28_0_0_20170105164834828.jpg,train
11,0,11_1_0_20170110224810583.jpg,train
47,1,47_0_1_20170109001703779.jpg,train
35,1,35_0_1_20170116195822091.jpg,train
23,3,23_1_3_20161220222123987.jpg,train
24,2,24_1_2_20170116172622785.jpg,train
26,0,26_0_0_20170117003324706.jpg,train
24,4,24_0_4_20170117145745474.jpg,train
26,2,26_1_2_20170116182159301.jpg,train
25,0,25_1_0_20170117195136747.jpg,train
30,3,30_1_3_20170104235553643.jpg,train
28,2,28_1_2_20170116163016525.jpg,train
24,3,24_1_3_20170119171101656.jpg,train
52,0,52_0_0_20170111201135454.jpg,train
26,0,26_0_0_20170119180126156.jpg,train
26,1,26_0_1_20170113134235602.jpg,train
40,0,40_0_0_20170117120759137.jpg,train
1,2,1_0_2_20161219142039985.jpg,train
62,0,62_0_0_20170111193832899.jpg,train
35,2,35_0_2_20170117140448176.jpg,train
35,0,35_1_0_20170120220833948.jpg,train
26,0,26_0_0_20170117172035787.jpg,train
21,1,21_1_1_20170112231851007.jpg,train
3,0,3_1_0_20170103210428066.jpg,train
1,2,1_1_2_20161219195349964.jpg,train
52,0,52_0_0_20170109132901912.jpg,train
35,3,35_0_3_20170119171258208.jpg,train
35,2,35_0_2_20170117191008778.jpg,train
27,1,27_0_1_20170117013654319.jpg,train
69,0,69_1_0_20170117192247404.jpg,train
29,0,29_1_0_20170103180808736.jpg,train
34,0,34_0_0_20170117182749686.jpg,train
31,0,31_1_0_20170117181604195.jpg,train
40,0,40_0_0_20170117182122332.jpg,train
45,1,45_1_1_20170117183357517.jpg,train
64,0,64_0_0_20170105183706463.jpg,train
28,2,28_1_2_20170116164529258.jpg,train
30,2,30_0_2_20170116171830989.jpg,train
5,0,5_0_0_20170110213554657.jpg,train
62,1,62_0_1_20170113142229676.jpg,train
28,2,28_0_2_20170116162019874.jpg,train
60,0,60_1_0_20170110151345930.jpg,train
62,0,62_1_0_20170110140759145.jpg,train
26,3,26_1_3_20170117154635126.jpg,train
54,0,54_0_0_20170111171747438.jpg,train
1,3,1_0_3_20161220145308279.jpg,train
28,0,28_1_0_20170116200848585.jpg,train
26,1,26_0_1_20170113134808970.jpg,train
40,2,40_0_2_20170113190355448.jpg,train
60,0,60_1_0_20170110140806978.jpg,train
25,0,25_1_0_20170117152041619.jpg,train
56,0,56_1_0_20170110122842545.jpg,train
1,0,1_0_0_20170110213206043.jpg,train
1,0,1_0_0_20161220220135250.jpg,train
30,0,30_0_0_20170117132539923.jpg,train
40,0,40_0_0_20170117131053164.jpg,train
21,1,21_1_1_20170112233312848.jpg,train
55,0,55_0_0_20170111195801050.jpg,train
49,0,49_1_0_20170117160556897.jpg,train
61,0,61_1_0_20170120134639935.jpg,train
23,4,23_1_4_20170117194319028.jpg,train
2,3,2_0_3_20161219230055704.jpg,train
30,3,30_1_3_20170116185958458.jpg,train
26,0,26_0_0_20170117152636524.jpg,train
25,3,25_1_3_20170104231534609.jpg,train
1,2,1_0_2_20161219153151084.jpg,train
58,3,58_0_3_20170119211646161.jpg,train
75,0,75_1_0_20170120222715178.jpg,train
40,0,40_1_0_20170117001103881.jpg,train
85,0,85_0_0_20170111210414353.jpg,train
47,0,47_1_0_20170109220604136.jpg,train
55,3,55_0_3_20170119201235270.jpg,train
39,1,39_1_1_20170112234541208.jpg,train
28,2,28_1_2_20170104020633108.jpg,train
51,0,51_0_0_20170117173658531.jpg,train
48,0,48_0_0_20170109004813150.jpg,train
25,1,25_0_1_20170116003121821.jpg,train
26,2,26_1_2_20170116175501158.jpg,train
32,1,32_0_1_20170117020356727.jpg,train
43,1,43_0_1_20170116210444779.jpg,train
40,0,40_1_0_20170117131101542.jpg,train
36,1,36_1_1_20170117091644491.jpg,train
24,0,24_0_0_20170113142022092.jpg,train
26,3,26_1_3_20170117173636062.jpg,train
40,2,40_1_2_20170109003053046.jpg,train
1,2,1_1_2_20161219203303165.jpg,train
50,2,50_0_2_20170116173539623.jpg,train
45,3,45_0_3_20170119171417728.jpg,train
14,0,14_1_0_20170109213522480.jpg,train
35,3,35_0_3_20170119162812372.jpg,train
55,0,55_1_0_20170109132147662.jpg,train
2,4,2_1_4_20170103210129538.jpg,train
26,1,26_0_1_20170113134232465.jpg,train
40,0,40_1_0_20170109220527167.jpg,train
32,0,32_1_0_20170105164152987.jpg,train
32,0,32_1_0_20170113010345079.jpg,train
45,1,45_0_1_20170117182333220.jpg,train
32,1,32_0_1_20170113183229559.jpg,train
37,0,37_0_0_20170109015606661.jpg,train
25,0,25_0_0_20170117153733428.jpg,train
61,0,61_1_0_20170113013135239.jpg,train
42,0,42_1_0_20170104185202934.jpg,train
51,0,51_0_0_20170117190822714.jpg,train
15,0,15_0_0_20170116201123807.jpg,train
24,2,24_1_2_20170116165051346.jpg,train
57,0,57_0_0_20170104184213430.jpg,train
26,0,26_1_0_20170117003252979.jpg,train
26,0,26_0_0_20170117091206389.jpg,train
26,1,26_0_1_20170113154704138.jpg,train
35,1,35_0_1_20170116225124900.jpg,train
16,0,16_0_0_20170116201106640.jpg,train
54,3,54_0_3_20170119210123256.jpg,train
85,0,85_0_0_20170111210319130.jpg,train
25,3,25_1_3_20170119150911238.jpg,train
2,2,2_0_2_20161219212035798.jpg,train
8,2,8_1_2_20161219194234250.jpg,train
24,3,24_1_3_20170119171105800.jpg,train
60,3,60_0_3_20170117001217178.jpg,train
21,1,21_1_1_20170112202838467.jpg,train
21,0,21_0_0_20170117193719188.jpg,train
21,0,21_0_0_20170117141529337.jpg,train
35,0,35_0_0_20170105163947659.jpg,train
60,0,60_0_0_20170120220406122.jpg,train
45,1,45_0_1_20170117175348238.jpg,train
61,1,61_0_1_20170113175121180.jpg,train
26,1,26_0_1_20170116204830651.jpg,train
28,1,28_0_1_20170113142237196.jpg,train
65,0,65_0_0_20170120223336620.jpg,train
26,1,26_1_1_20170113000655059.jpg,train
28,1,28_0_1_20170117021406043.jpg,train
24,2,24_1_2_20170116171044181.jpg,train
28,0,28_0_0_20170105164905292.jpg,train
54,0,54_0_0_20170117204512072.jpg,train
62,0,62_0_0_20170111205342810.jpg,train
58,1,58_0_1_20170117191843355.jpg,train
26,1,26_0_1_20170105183720623.jpg,train
39,3,39_0_3_20170119195343676.jpg,train
24,2,24_1_2_20170112204451203.jpg,train
32,0,32_0_0_20170117203115358.jpg,train
28,2,28_1_2_20170116165649025.jpg,train
29,0,29_1_0_20170117154639272.jpg,train
28,1,28_1_1_20170117121931617.jpg,train
35,0,35_1_0_20170117193055396.jpg,train
17,0,17_1_0_20170103163207606.jpg,train
27,1,27_1_1_20170117010425092.jpg,train
28,1,28_0_1_20170113193253025.jpg,train
1,3,1_0_3_20161220220036937.jpg,train
9,0,9_0_0_20170110221659430.jpg,train
42,0,42_0_0_20170104205834299.jpg,train
27,1,27_0_1_20170117010123108.jpg,train
47,0,47_1_0_20170109142251314.jpg,train
5,2,5_1_2_20161219192448674.jpg,train
1,3,1_1_3_20161220144704959.jpg,train
86,0,86_1_0_20170120225525242.jpg,train
40,1,40_0_1_20170117195245795.jpg,train
1,2,1_1_2_20161219194735341.jpg,train
21,3,21_1_3_20170119155737580.jpg,train
32,1,32_1_1_20170116160935586.jpg,train
62,0,62_0_0_20170120223836366.jpg,train
29,0,29_0_0_20170117202657886.jpg,train
69,0,69_0_0_20170116193756964.jpg,train
1,0,1_0_0_20170109192948605.jpg,train
26,1,26_1_1_20170117174033437.jpg,train
29,0,29_1_0_20170116175235312.jpg,train
24,0,24_1_0_20170116222759439.jpg,train
40,1,40_0_1_20170117170632910.jpg,train
37,0,37_0_0_20170117183417406.jpg,train
16,0,16_0_0_20170110232528586.jpg,train
40,0,40_0_0_20170117175712368.jpg,train
55,3,55_0_3_20170119202635230.jpg,train
32,0,32_0_0_20170117182423470.jpg,train
4,0,4_1_0_20170109193342601.jpg,train
26,2,26_1_2_20170109213532617.jpg,train
54,0,54_0_0_20170111222018526.jpg,train
26,1,26_1_1_20170116155807484.jpg,train
45,1,45_0_1_20170113184154999.jpg,train
27,0,27_0_0_20170117202108094.jpg,train
39,0,39_1_0_20170117200850150.jpg,train
43,0,43_1_0_20170103183401202.jpg,train
20,4,20_1_4_20170103224446743.jpg,train
32,3,32_1_3_20170109141353848.jpg,train
25,3,25_1_3_20170119151524280.jpg,train
54,3,54_0_3_20170119201240675.jpg,train
34,0,34_0_0_20170117134854584.jpg,train
15,1,15_1_1_20170116000638538.jpg,train
29,1,29_1_1_20170117190515909.jpg,train
26,0,26_0_0_20170117091532995.jpg,train
43,0,43_1_0_20170103183357706.jpg,train
2,0,2_0_0_20170117192756285.jpg,train
26,0,26_1_0_20170117170847202.jpg,train
55,0,55_0_0_20170117191622249.jpg,train
76,0,76_0_0_20170120224044694.jpg,train
31,1,31_1_1_20170116175710225.jpg,train
40,3,40_0_3_20170116030108440.jpg,train
41,0,41_0_0_20170117131149828.jpg,train
4,4,4_1_4_20161223230002625.jpg,train
5,0,5_1_0_20170109193145120.jpg,train
50,0,50_0_0_20170109004250555.jpg,train
25,0,25_1_0_20170117141427897.jpg,train
26,0,26_0_0_20170117172151444.jpg,train
56,0,56_0_0_20170104184930061.jpg,train
2,2,2_1_2_20161219222054159.jpg,train
30,0,30_0_0_20170117130653432.jpg,train
28,2,28_1_2_20170116163327403.jpg,train
72,0,72_0_0_20170120225150033.jpg,train
7,0,7_0_0_20170110220552025.jpg,train
21,1,21_1_1_20170114032154585.jpg,train
34,0,34_0_0_20170104172731554.jpg,train
26,0,26_1_0_20170117152955925.jpg,train
65,0,65_0_0_20170120222348112.jpg,train
50,3,50_0_3_20170119205352398.jpg,train
55,0,55_0_0_20170120221314028.jpg,train
48,0,48_0_0_20170117140153107.jpg,train
19,0,19_0_0_20170114030748851.jpg,train
1,4,1_1_4_20161221192615380.jpg,train
26,3,26_1_3_20170119192312545.jpg,train
30,3,30_1_3_20170117154720797.jpg,train
28,1,28_0_1_20170117020658579.jpg,train
1,4,1_0_4_20161221202331737.jpg,train
42,0,42_1_0_20170117183347285.jpg,train
40,1,40_1_1_20170112231614270.jpg,train
24,1,24_1_1_20170112231700838.jpg,train
38,0,38_1_0_20170104183632893.jpg,train
68,0,68_0_0_20170111202304919.jpg,train
25,0,25_0_0_20170114030416988.jpg,train
36,1,36_0_1_20170119183437846.jpg,train
25,0,25_0_0_20170117135059549.jpg,train
53,0,53_1_0_20170110122533941.jpg,train
33,0,33_1_0_20170103181128408.jpg,train
39,0,39_1_0_20170104205026100.jpg,train
34,0,34_0_0_20170119151435927.jpg,train
15,4,15_1_4_20170109212947695.jpg,train
3,0,3_1_0_20170109191511657.jpg,train
50,0,50_0_0_20170117000303844.jpg,train
25,0,25_1_0_20170116211727465.jpg,train
24,4,24_1_4_20170103212911364.jpg,train
27,2,27_1_2_20170116163736839.jpg,train
1,0,1_0_0_20170110213223460.jpg,train
26,3,26_0_3_20170117154502598.jpg,train
53,0,53_0_0_20170109012723533.jpg,train
26,4,26_0_4_20170117200423270.jpg,train
35,0,35_0_0_20170117180618449.jpg,train
8,0,8_1_0_20170109204954253.jpg,train
1,4,1_1_4_20161221195938992.jpg,train
2,0,2_0_0_20170110224316546.jpg,train
24,0,24_0_0_20170104004125063.jpg,train
73,0,73_0_0_20170117195327991.jpg,train
56,0,56_0_0_20170111203109091.jpg,train
57,0,57_0_0_20170103183943554.jpg,train
23,4,23_1_4_20170103224258631.jpg,train
45,3,45_0_3_20170119201202684.jpg,train
32,0,32_0_0_20170104200805226.jpg,train
66,0,66_0_0_20170104184857950.jpg,train
32,1,32_0_1_20170113141942205.jpg,train
37,1,37_0_1_20170117164034574.jpg,train
10,0,10_1_0_20170109203512075.jpg,train
80,0,80_0_0_20170117175522915.jpg,train
40,0,40_0_0_20170117171106050.jpg,train
40,0,40_0_0_20170117141747634.jpg,train
2,2,2_1_2_20161219211625838.jpg,train
46,0,46_1_0_20170104235700307.jpg,train
53,0,53_0_0_20170120222602009.jpg,train
26,1,26_1_1_20170114031102802.jpg,train
26,0,26_1_0_20170117201551622.jpg,train
38,0,38_0_0_20170117120714034.jpg,train
20,0,20_1_0_20170117141204569.jpg,train
34,3,34_0_3_20170119171609737.jpg,train
35,2,35_0_2_20170117135233576.jpg,train
40,0,40_0_0_20170117135204149.jpg,train
4,2,4_0_2_20161219141202384.jpg,train
80,0,80_0_0_20170111211700924.jpg,train
43,1,43_0_1_20170113173701232.jpg,train
39,0,39_0_0_20170105172425829.jpg,train
1,2,1_1_2_20161219200451724.jpg,train
58,0,58_0_0_20170105173628294.jpg,train
31,1,31_0_1_20170116024257506.jpg,train
26,3,26_0_3_20170119181315374.jpg,train
40,0,40_0_0_20170117134408032.jpg,train
65,0,65_1_0_20170120133545325.jpg,train
29,1,29_1_1_20170112204807283.jpg,train
26,3,26_1_3_20170116232356027.jpg,train
23,0,23_0_0_20170116221012037.jpg,train
1,0,1_1_0_20170109191518278.jpg,train
26,2,26_1_2_20170116180131010.jpg,train
8,0,8_0_0_20170110220345778.jpg,train
26,2,26_1_2_20170116233134701.jpg,train
40,3,40_0_3_20170119183125702.jpg,train
32,1,32_1_1_20170117140929969.jpg,train
30,1,30_1_1_20170112205111027.jpg,train
53,0,53_0_0_20170111171747408.jpg,train
1,2,1_0_2_20161219161826830.jpg,train
26,1,26_1_1_20170116224118858.jpg,train
53,0,53_0_0_20170104184408718.jpg,train
42,0,42_0_0_20170117135635200.jpg,train
65,0,65_1_0_20170110140444495.jpg,train
45,0,45_0_0_20170117182743885.jpg,train
40,0,40_0_0_20170116235733229.jpg,train
24,3,24_0_3_20170119165839727.jpg,train
1,4,1_1_4_20161221202012433.jpg,train
32,3,32_0_3_20170116192300083.jpg,train
35,0,35_0_0_20170113183145134.jpg,train
2,0,2_0_0_20170103175540113.jpg,train
29,1,29_0_1_20170117095006160.jpg,train
3,0,3_1_0_20170114030048102.jpg,train
24,3,24_1_3_20170116220136183.jpg,train
1,2,1_0_2_20161219162719255.jpg,train
26,2,26_1_2_20170116184309896.jpg,train
16,0,16_0_0_20170110231532894.jpg,train
38,0,38_0_0_20170117120656921.jpg,train
29,1,29_1_1_20170112231935510.jpg,train
80,0,80_0_0_20170117174905374.jpg,train
26,0,26_1_0_20170109002602686.jpg,train
51,0,51_0_0_20170117160753918.jpg,train
25,4,25_0_4_20170113133224545.jpg,train
1,0,1_0_0_20161219212453942.jpg,train
21,3,21_0_3_20170119154329337.jpg,train
37,3,37_0_3_20170119202229780.jpg,train
55,3,55_0_3_20170119205515441.jpg,train
17,1,17_1_1_20170113005047678.jpg,train
31,1,31_0_1_20170117193258978.jpg,train
26,0,26_0_0_20170112205800959.jpg,train
7,0,7_1_0_20170109204550837.jpg,train
24,0,24_1_0_20170116214453175.jpg,train
2,0,2_1_0_20170117192801580.jpg,train
27,2,27_1_2_20170116162015711.jpg,train
1,2,1_0_2_20161219194820459.jpg,train
29,1,29_0_1_20170113141748034.jpg,train
1,2,1_0_2_20170109193535757.jpg,train
70,0,70_0_0_20170111203945060.jpg,train
28,0,28_1_0_20170108225857948.jpg,train
31,1,31_0_1_20170117135112522.jpg,train
22,0,22_0_0_20170110232146790.jpg,train
28,1,28_1_1_20170117010436105.jpg,train
32,1,32_0_1_20170113173554602.jpg,train
24,2,24_0_2_20170116163850936.jpg,train
35,0,35_0_0_20170104201742041.jpg,train
28,0,28_0_0_20170117180520264.jpg,train
55,3,55_0_3_20170119180841322.jpg,train
24,2,24_0_2_20170117141025894.jpg,train
26,1,26_1_1_20170116162413262.jpg,train
38,1,38_0_1_20170116193927383.jpg,train
51,0,51_0_0_20170111171747325.jpg,train
17,0,17_1_0_20170113210605193.jpg,train
25,2,25_1_2_20170104022416501.jpg,train
36,4,36_0_4_20170113133645566.jpg,train
24,4,24_0_4_20170103223928055.jpg,train
26,3,26_0_3_20170119192352369.jpg,train
34,0,34_0_0_20170117120149082.jpg,train
36,0,36_1_0_20170117091529401.jpg,train
30,1,30_1_1_20170117203530728.jpg,train
1,2,1_0_2_20161219221816327.jpg,train
35,2,35_0_2_20170116201218449.jpg,train
50,0,50_1_0_20170109012137723.jpg,train
25,4,25_1_4_20170117193933452.jpg,train
1,2,1_0_2_20170109192222822.jpg,train
70,0,70_0_0_20170111200458107.jpg,train
2,2,2_0_2_20161219192307618.jpg,train
35,0,35_1_0_20170116201535811.jpg,train
26,0,26_1_0_20170109134235854.jpg,train
40,4,40_0_4_20170117135456629.jpg,train
9,0,9_1_0_20170117172655681.jpg,train
40,1,40_1_1_20170117171222293.jpg,train
42,2,42_0_2_20170116192551178.jpg,train
45,3,45_0_3_20170119202030421.jpg,train
18,0,18_1_0_20170109213451167.jpg,train
28,1,28_1_1_20170117020448529.jpg,train
35,1,35_1_1_20170112230715541.jpg,train
35,4,35_0_4_20170104201734834.jpg,train
56,0,56_0_0_20170111211219557.jpg,train
34,0,34_1_0_20170116003510683.jpg,train
40,0,40_0_0_20170117134708024.jpg,train
45,0,45_1_0_20170103184012435.jpg,train
42,0,42_1_0_20170113001509060.jpg,train
2,2,2_0_2_20161219162357438.jpg,train
9,0,9_1_0_20170110224621441.jpg,train
55,0,55_0_0_20170120223727206.jpg,train
35,4,35_1_4_20170117203540087.jpg,train
23,0,23_0_0_20170117144550331.jpg,train
60,0,60_1_0_20170110141547583.jpg,train
26,1,26_1_1_20170112210418412.jpg,train
30,2,30_1_2_20170116163458646.jpg,train
24,2,24_0_2_20170119165656526.jpg,train
42,0,42_0_0_20170104205801060.jpg,train
32,1,32_1_1_20170112220247289.jpg,train
62,0,62_0_0_20170111205219231.jpg,train
75,0,75_1_0_20170110180503834.jpg,train
2,4,2_1_4_20161221202353640.jpg,train
26,3,26_1_3_20170117153326979.jpg,train
60,0,60_1_0_20170112231837159.jpg,train
38,3,38_0_3_20170119202640517.jpg,train
18,0,18_0_0_20170110231723682.jpg,train
26,4,26_0_4_20170103235258756.jpg,train
21,1,21_1_1_20170112233316503.jpg,train
28,2,28_1_2_20170116161343328.jpg,train
54,0,54_0_0_20170117163733561.jpg,train
60,0,60_0_0_20170117172847880.jpg,train
60,0,60_1_0_20170110143525297.jpg,train
45,0,45_0_0_20170117154220587.jpg,train
28,1,28_0_1_20170117170646824.jpg,train
65,0,65_0_0_20170104213147181.jpg,train
35,0,35_0_0_20170117180735041.jpg,train
24,0,24_1_0_20170117150315450.jpg,train
1,3,1_0_3_20161219224942305.jpg,train
40,0,40_0_0_20170120223924629.jpg,train
2,2,2_1_2_20161219140650888.jpg,train
30,0,30_1_0_20170116201303368.jpg,train
28,3,28_0_3_20170117121559306.jpg,train
31,2,31_0_2_20170116191320975.jpg,train
35,0,35_1_0_20170105172544509.jpg,train
3,2,3_1_2_20161219141659416.jpg,train
32,1,32_0_1_20170113142507421.jpg,train
1,4,1_0_4_20161221193434166.jpg,train
26,2,26_1_2_20170104022244853.jpg,train
49,0,49_1_0_20170104184230952.jpg,train
27,1,27_1_1_20170117014022812.jpg,train
26,2,26_1_2_20170104020703028.jpg,train
35,2,35_0_2_20170117122032979.jpg,train
35,0,35_1_0_20170108225911130.jpg,train
20,0,20_1_0_20170119153358328.jpg,train
65,0,65_0_0_20170117163738348.jpg,train
65,0,65_0_0_20170117162901325.jpg,train
26,3,26_0_3_20170119184330719.jpg,train
25,2,25_1_2_20170116175251099.jpg,train
9,0,9_0_0_20170110221723108.jpg,train
23,2,23_1_2_20170116173121565.jpg,train
8,3,8_1_3_20170104221828238.jpg,train
26,2,26_0_2_20170116180402719.jpg,train
16,0,16_0_0_20170110225310813.jpg,train
54,0,54_0_0_20170117190252594.jpg,train
42,1,42_0_1_20170116193736397.jpg,train
18,0,18_1_0_20170109213414723.jpg,train
39,1,39_0_1_20170116143117964.jpg,train
24,2,24_1_2_20170116173426810.jpg,train
31,1,31_1_1_20170117010333242.jpg,train
22,0,22_0_0_20170104002331117.jpg,train
20,0,20_0_0_20170105184038831.jpg,train
32,2,32_1_2_20170116190137074.jpg,train
26,0,26_0_0_20170117152914653.jpg,train
29,2,29_1_2_20170116192410313.jpg,train
36,1,36_0_1_20170112213546077.jpg,train
27,0,27_0_0_20170117175357929.jpg,train
35,1,35_1_1_20170113005348678.jpg,train
3,0,3_0_0_20161219154520213.jpg,train
28,2,28_1_2_20170116165143580.jpg,train
26,0,26_1_0_20170117200921982.jpg,train
54,3,54_0_3_20170119210131208.jpg,train
14,0,14_0_0_2017011022340900.jpg,train
26,3,26_1_3_20170119180605476.jpg,train
1,0,1_0_0_20170110212712576.jpg,train
8,0,8_1_0_20170109205329922.jpg,train
35,1,35_0_1_20170113142101291.jpg,train
40,0,40_0_0_20170116223913133.jpg,train
30,0,30_1_0_20170117140021432.jpg,train
25,0,25_1_0_20170117143942122.jpg,train
42,0,42_0_0_20170104184335702.jpg,train
22,4,22_1_4_20170117143713802.jpg,train
60,0,60_1_0_20170110122826993.jpg,train
63,0,63_0_0_20170105180928702.jpg,train
28,1,28_1_1_20170117131034507.jpg,train
35,1,35_1_1_20170117183053534.jpg,train
30,1,30_1_1_20170117170832874.jpg,train
28,0,28_0_0_20170117180613031.jpg,train
1,4,1_1_4_20161221195449497.jpg,train
38,4,38_1_4_20170109003326675.jpg,train
1,4,1_0_4_20161221202006449.jpg,train
26,2,26_1_2_20170116175900172.jpg,train
33,0,33_0_0_20170113210127212.jpg,train
35,0,35_1_0_20170117174520494.jpg,train
28,0,28_1_0_20170116164219746.jpg,train
65,1,65_1_1_20170113012956231.jpg,train
31,1,31_0_1_20170113151333608.jpg,train
1,0,1_0_0_20161219192713491.jpg,train
23,1,23_0_1_20170113133908465.jpg,train
64,0,64_0_0_20170104185849414.jpg,train
58,0,58_0_0_20170111195852891.jpg,train
55,0,55_0_0_20170117173834903.jpg,train
35,3,35_0_3_20170119211535833.jpg,train
8,0,8_1_0_20170117175945147.jpg,train
16,0,16_1_0_20170109204409777.jpg,train
28,1,28_1_1_20170112234152465.jpg,train
25,2,25_1_2_20170116223140371.jpg,train
35,0,35_1_0_20170117190350409.jpg,train
38,0,38_1_0_20170104201451243.jpg,train
23,3,23_0_3_20170117144210931.jpg,train
26,3,26_0_3_20170105175308269.jpg,train
26,0,26_0_0_20170119180652115.jpg,train
67,0,67_0_0_20170109002158153.jpg,train
26,3,26_0_3_20170119181609780.jpg,train
47,3,47_0_3_20170119205217135.jpg,train
21,0,21_1_0_20170116215450607.jpg,train
21,0,21_1_0_20170112233608086.jpg,train
25,3,25_0_3_20170104214613229.jpg,train
35,4,35_1_4_20170117203433192.jpg,train
35,3,35_0_3_20170104215607486.jpg,train
55,3,55_0_3_20170119205116040.jpg,train
9,0,9_0_0_20170110220534081.jpg,train
32,2,32_1_2_20170116191408835.jpg,train
40,2,40_0_2_20170116191415693.jpg,train
18,0,18_1_0_20170109212830216.jpg,train
28,0,28_1_0_20170116235010441.jpg,train
26,4,26_1_4_20170117200105003.jpg,train
50,3,50_0_3_20170117153047475.jpg,train
26,1,26_0_1_20170113134233888.jpg,train
32,1,32_0_1_20170113152011361.jpg,train
49,3,49_1_3_20170109141445294.jpg,train
35,2,35_1_2_20170116191843657.jpg,train
1,1,1_1_1_20170109194545320.jpg,train
28,4,28_0_4_20170117021421106.jpg,train
60,2,60_0_2_20170116193528583.jpg,train
47,0,47_0_0_20170119205119560.jpg,train
39,3,39_0_3_20170105172840532.jpg,train
84,0,84_1_0_20170110175644800.jpg,train
26,1,26_0_1_20170113151608208.jpg,train
1,3,1_1_3_20161220220536274.jpg,train
18,0,18_0_0_20170117135727463.jpg,train
28,0,28_0_0_20170114031734642.jpg,train
21,3,21_1_3_20170104222056815.jpg,train
49,0,49_0_0_20170104213117085.jpg,train
2,4,2_0_4_20170103210452250.jpg,train
25,3,25_1_3_20170119172138225.jpg,train
39,0,39_1_0_20170117171010820.jpg,train
55,0,55_0_0_20170117190028027.jpg,train
30,0,30_1_0_20170117181542323.jpg,train
34,1,34_1_1_20170112204814042.jpg,train
85,0,85_1_0_20170110182428223.jpg,train
35,0,35_1_0_20170117191955709.jpg,train
50,3,50_0_3_20170119204542975.jpg,train
17,1,17_0_1_20170110224421697.jpg,train
30,2,30_1_2_20170116161338805.jpg,train
15,0,15_1_0_20170109204354264.jpg,train
42,1,42_0_1_20170113175503980.jpg,train
36,1,36_1_1_20170115235824976.jpg,train
35,0,35_1_0_20170117170821193.jpg,train
40,0,40_0_0_20170105172617405.jpg,train
10,0,10_0_0_20170110224500062.jpg,train
29,0,29_1_0_20170104185616837.jpg,train
35,2,35_1_2_20170116191708474.jpg,train
26,3,26_1_3_20170119193136450.jpg,train
8,0,8_1_0_20170109203617429.jpg,train
29,0,29_1_0_20170117130628854.jpg,train
55,0,55_0_0_20170120222359871.jpg,train
28,1,28_1_1_20170117022248705.jpg,train
45,0,45_0_0_20170113182720390.jpg,train
25,0,25_1_0_20170117140238688.jpg,train
40,3,40_1_3_20170119145610534.jpg,train
1,2,1_0_2_20161219162649582.jpg,train
26,0,26_1_0_20170117171130618.jpg,train
9,0,9_0_0_20170110224411209.jpg,train
29,3,29_0_3_20170119195500659.jpg,train
26,4,26_1_4_20170117201736159.jpg,train
17,0,17_1_0_20170109214200825.jpg,train
17,0,17_0_0_20170114025941650.jpg,train
16,0,16_0_0_20170110232434079.jpg,train
25,3,25_0_3_20170119171224184.jpg,train
24,2,24_0_2_20161219190613907.jpg,train
77,0,77_0_0_20170111222228671.jpg,train
26,0,26_0_0_20170113210127209.jpg,train
29,3,29_1_3_20170119195154547.jpg,train
27,3,27_1_3_20170117175954467.jpg,train
25,0,25_1_0_20170117195319237.jpg,train
57,0,57_0_0_20170104212740101.jpg,train
54,0,54_0_0_20170120222607969.jpg,train
28,1,28_1_1_20170117121917805.jpg,train
25,3,25_1_3_20170104234854715.jpg,train
26,1,26_1_1_20170116175546596.jpg,train
23,2,23_1_2_20170116173215428.jpg,train
58,0,58_0_0_20170104185539454.jpg,train
2,2,2_0_2_20161219202639225.jpg,train
61,0,61_1_0_20170110181725541.jpg,train
8,0,8_1_0_20170109205015327.jpg,train
15,0,15_1_0_20170109213613605.jpg,train
1,2,1_0_2_20161219151026723.jpg,train
2,2,2_1_2_20161219222445647.jpg,train
2,2,2_0_2_20161219141143184.jpg,train
42,3,42_0_3_20170119202035565.jpg,train
54,0,54_1_0_20170110152827859.jpg,train
57,0,57_1_0_20170110160643595.jpg,train
31,0,31_1_0_20170117133437320.jpg,train
35,0,35_0_0_20170117120442763.jpg,train
25,0,25_0_0_20170116211924733.jpg,train
35,0,35_1_0_20170116201625242.jpg,train
25,4,25_0_4_20170117193022316.jpg,train
21,0,21_1_0_20170116205856338.jpg,train
27,2,27_0_2_20170116172514816.jpg,train
36,1,36_0_1_20170113142152196.jpg,train
2,2,2_1_2_20161219162410942.jpg,train
18,0,18_1_0_20170109214113667.jpg,train
29,0,29_1_0_20170116175630702.jpg,train
31,4,31_0_4_20170108235352933.jpg,train
40,0,40_0_0_20170117152327651.jpg,train
68,0,68_0_0_20170109012554003.jpg,train
35,1,35_0_1_20170117143145454.jpg,train
28,0,28_0_0_20170116213506025.jpg,train
34,0,34_1_0_20170112204921052.jpg,train
23,3,23_1_3_20170119164425613.jpg,train
30,2,30_0_2_20170103235423316.jpg,train
1,2,1_0_2_20161219204655933.jpg,train
16,0,16_0_0_20170110232641966.jpg,train
82,0,82_1_0_20170109150955073.jpg,train
48,3,48_0_3_20170119205323677.jpg,train
35,1,35_0_1_20170117135949737.jpg,train
16,0,16_1_0_20170109214719630.jpg,train
12,0,12_1_0_20170109201114375.jpg,train
29,4,29_0_4_20170117202634086.jpg,train
27,2,27_1_2_20170116171651433.jpg,train
23,3,23_1_3_20170104231807345.jpg,train
28,0,28_0_0_20170113133905983.jpg,train
28,3,28_0_3_20170116223108046.jpg,train
40,0,40_0_0_20170117145138881.jpg,train
35,0,35_0_0_20170117185301642.jpg,train
35,0,35_1_0_20170117135400203.jpg,train
8,0,8_1_0_20170117175651555.jpg,train
16,0,16_1_0_20170116000649066.jpg,train
80,0,80_0_0_20170119204109399.jpg,train
1,3,1_0_3_20161219224546584.jpg,train
12,0,12_1_0_20170117193148948.jpg,train
26,2,26_1_2_20170116184737269.jpg,train
38,2,38_0_2_20170116162307374.jpg,train
27,2,27_1_2_20170116163830302.jpg,train
50,3,50_0_3_20170104220753655.jpg,train
85,0,85_0_0_20170111210457043.jpg,train
42,0,42_1_0_20170109012301228.jpg,train
50,0,50_0_0_20170116232945236.jpg,train
40,0,40_1_0_20170117091845090.jpg,train
4,0,4_1_0_20170109201102915.jpg,train
71,0,71_0_0_20170109015622110.jpg,train
26,1,26_1_1_20170113011732808.jpg,train
36,1,36_1_1_20170116161213859.jpg,train
29,1,29_0_1_20170116192954996.jpg,train
21,1,21_0_1_20170114032109958.jpg,train
50,0,50_0_0_20170120221455142.jpg,train
27,1,27_0_1_20170117164549029.jpg,train
40,0,40_0_0_20170104170248249.jpg,train
33,0,33_0_0_20170105165028532.jpg,train
73,0,73_1_0_20170120225339921.jpg,train
38,2,38_0_2_20170117120432535.jpg,train
2,4,2_1_4_20161221202350529.jpg,train
1,2,1_0_2_20161219194849659.jpg,train
28,2,28_0_2_20170116170855714.jpg,train
34,1,34_1_1_20170104011329697.jpg,train
28,2,28_0_2_20170116192652371.jpg,train
85,0,85_1_0_20170110184025360.jpg,train
3,2,3_0_2_20161219212426998.jpg,train
63,0,63_1_0_20170117204830488.jpg,train
25,3,25_0_3_20170117135612879.jpg,train
1,3,1_0_3_20161219225519457.jpg,train
26,1,26_0_1_20170116205549440.jpg,train
7,0,7_0_0_20170110215321996.jpg,train
60,0,60_1_0_20170110131846245.jpg,train
8,0,8_1_0_20170109204818624.jpg,train
62,0,62_1_0_20170110180546671.jpg,train
21,3,21_1_3_20170104222105822.jpg,train
26,0,26_0_0_20170116235217494.jpg,train
26,0,26_1_0_20170117174807127.jpg,train
1,3,1_0_3_20161220222443283.jpg,train
25,0,25_0_0_20170117191852883.jpg,train
54,3,54_0_3_20170119210214520.jpg,train
1,0,1_0_0_20170110212907649.jpg,train
40,1,40_1_1_20170113012749881.jpg,train
26,3,26_1_3_20170117154838647.jpg,train
54,3,54_0_3_20170119210119072.jpg,train
30,1,30_0_1_20170117123837646.jpg,train
52,0,52_0_0_20170119205635848.jpg,train
32,2,32_0_2_20170117182411900.jpg,train
30,1,30_1_1_20170116022055600.jpg,train
31,2,31_0_2_20170115231427920.jpg,train
45,0,45_0_0_20170117135621471.jpg,train
56,0,56_1_0_20170110141114577.jpg,train
42,1,42_1_1_20170113001251739.jpg,train
29,0,29_0_0_20170116182424711.jpg,train
31,0,31_1_0_20170117131127303.jpg,train
32,0,32_0_0_20170113183159286.jpg,train
54,0,54_0_0_20170104165859441.jpg,train
16,0,16_0_0_20170110232259630.jpg,train
69,0,69_0_0_20170111200511915.jpg,train
40,2,40_0_2_20170104171941730.jpg,train
90,0,90_0_0_20170111224014347.jpg,train
58,0,58_0_0_20170105173550604.jpg,train
1,3,1_0_3_20161220222711441.jpg,train
90,0,90_1_0_20170110183737626.jpg,train
27,3,27_0_3_20170119193237466.jpg,train
80,0,80_1_0_20170110153259184.jpg,train
13,0,13_0_0_20170103200550455.jpg,train
52,3,52_0_3_20170113184200775.jpg,train
39,0,39_0_0_20170104170046913.jpg,train
26,0,26_1_0_20170116234649104.jpg,train
3,0,3_1_0_20170109194634188.jpg,train
38,1,38_1_1_20170116000558878.jpg,train
22,2,22_1_2_20170104015815276.jpg,train
26,0,26_0_0_20170117173416661.jpg,train
25,3,25_1_3_20170119171917192.jpg,train
3,0,3_1_0_20170109192758746.jpg,train
39,0,39_0_0_20170104181221245.jpg,train
60,0,60_0_0_20170109002333882.jpg,train
53,0,53_0_0_20170111171747425.jpg,train
26,2,26_0_2_20170105163936652.jpg,train
35,1,35_0_1_20170116235211478.jpg,train
32,0,32_0_0_20170117134728061.jpg,train
45,0,45_0_0_20170120220633050.jpg,train
35,0,35_0_0_20170117180543647.jpg,train
32,0,32_1_0_20170116221727711.jpg,train
27,3,27_1_3_20170119193234322.jpg,train
40,0,40_0_0_20170113184131287.jpg,train
25,1,25_0_1_20170113184508496.jpg,train
52,0,52_1_0_20170103183615673.jpg,train
26,3,26_1_3_20170117173705893.jpg,train
50,3,50_1_3_20170117154120315.jpg,train
5,2,5_1_2_20161219160439406.jpg,train
58,0,58_0_0_20170109015204241.jpg,train
26,3,26_0_3_20170119184126439.jpg,train
26,1,26_0_1_20170113134358506.jpg,train
2,4,2_0_4_20170103210801579.jpg,train
10,0,10_0_0_20170110225537307.jpg,train
85,0,85_1_0_20170110183721942.jpg,train
44,3,44_0_3_20170104204837339.jpg,train
28,3,28_0_3_20170105175516710.jpg,train
31,3,31_1_3_20170117181717125.jpg,train
28,1,28_0_1_20170113142355492.jpg,train
58,0,58_0_0_20170104211841244.jpg,train
32,0,32_1_0_20170116214216387.jpg,train
34,0,34_0_0_20170117182644198.jpg,train
26,0,26_0_0_20170117171932498.jpg,train
1,2,1_1_2_20161220220018380.jpg,train
64,0,64_1_0_20170110140833569.jpg,train
35,3,35_0_3_20170116235352900.jpg,train
30,3,30_1_3_20170104232147226.jpg,train
27,1,27_1_1_20170112213529269.jpg,train
26,2,26_1_2_20170116180003876.jpg,train
26,3,26_1_3_20170119193152594.jpg,train
12,0,12_1_0_20170109203631496.jpg,train
53,0,53_0_0_20170104212139332.jpg,train
2,2,2_1_2_20161219194740403.jpg,train
26,3,26_1_3_20170104222955855.jpg,train
1,0,1_1_0_20170109190939585.jpg,train
42,1,42_1_1_20170113001928635.jpg,train
46,0,46_1_0_20170109220530862.jpg,train
26,1,26_1_1_20170117134025403.jpg,train
36,1,36_1_1_20170113001658573.jpg,train
17,1,17_1_1_20170112234115471.jpg,train
45,0,45_0_0_20170117141859353.jpg,train
26,1,26_1_1_20170116232803092.jpg,train
54,1,54_0_1_20170117190531158.jpg,train
1,3,1_0_3_20161219230035168.jpg,train
26,1,26_0_1_20170116220218880.jpg,train
6,0,6_1_0_20170109194218239.jpg,train
1,2,1_0_2_20161219194800523.jpg,train
34,3,34_0_3_20170119163319768.jpg,train
24,1,24_1_1_20170116024111718.jpg,train
24,1,24_0_1_20170116204940167.jpg,train
28,4,28_0_4_20170113150805663.jpg,train
24,0,24_0_0_20170116215529092.jpg,train
45,4,45_0_4_20170103235240356.jpg,train
25,0,25_0_0_20170116212019911.jpg,train
20,1,20_1_1_20170112191224819.jpg,train
25,2,25_1_2_20170116162532991.jpg,train
26,0,26_0_0_20170113210319942.jpg,train
1,2,1_1_2_20161219222758263.jpg,train
45,3,45_1_3_20170104235059987.jpg,train
36,0,36_0_0_20170104172716658.jpg,train
3,2,3_0_2_20161219190020899.jpg,train
35,0,35_1_0_20170117135118514.jpg,train
28,2,28_1_2_20170116170001611.jpg,train
39,3,39_1_3_20170104234551137.jpg,train
61,3,61_1_3_20170109142555460.jpg,train
26,1,26_1_1_20170116224121946.jpg,train
2,2,2_0_2_20161219155553597.jpg,train
25,1,25_1_1_20170116003425155.jpg,train
25,0,25_1_0_20170117182558966.jpg,train
28,1,28_1_1_20170113003529300.jpg,train
29,0,29_1_0_20170104192921991.jpg,train
52,0,52_0_0_20170104210142444.jpg,train
70,0,70_1_0_20170110180429816.jpg,train
45,0,45_0_0_20170119171850161.jpg,train
22,1,22_0_1_20170114033132392.jpg,train
15,0,15_0_0_20170110232532949.jpg,train
24,0,24_1_0_20170116222200924.jpg,train
21,1,21_1_1_20170113005835590.jpg,train
16,0,16_0_0_20170110231529568.jpg,train
26,0,26_1_0_20170116220807186.jpg,train
28,2,28_1_2_20170116191639838.jpg,train
30,2,30_0_2_20170104021209963.jpg,train
1,2,1_0_2_20161219215433975.jpg,train
40,3,40_0_3_20170119180356516.jpg,train
26,3,26_1_3_20170117174028333.jpg,train
28,1,28_0_1_20170117021549834.jpg,train
1,2,1_0_2_20161219194859803.jpg,train
15,0,15_0_0_20170116201246071.jpg,train
30,3,30_0_3_20170119204722073.jpg,train
25,3,25_0_3_20170119171215856.jpg,train
4,0,4_1_0_20170109192831145.jpg,train
11,0,11_0_0_20170110225459361.jpg,train
32,0,32_1_0_20170116222855361.jpg,train
26,0,26_0_0_20170117195926293.jpg,train
72,0,72_0_0_20170120225636180.jpg,train
29,1,29_1_1_20170112205844564.jpg,train
22,0,22_1_0_20170116220816105.jpg,train
29,1,29_1_1_20170116173431601.jpg,train
1,2,1_0_2_20161219155902022.jpg,train
7,0,7_0_0_20170110215327391.jpg,train
10,0,10_1_0_20170109204502951.jpg,train
18,0,18_1_0_20170117140331327.jpg,train
36,0,36_0_0_20170117183231302.jpg,train
16,0,16_1_0_20170109214419099.jpg,train
40,0,40_0_0_20170117202859896.jpg,train
1,0,1_1_0_20170109194412700.jpg,train
75,0,75_0_0_20170111204958277.jpg,train
2,2,2_1_2_20161219203800420.jpg,train
26,1,26_1_1_20170112235250049.jpg,train
36,3,36_0_3_20170119201733085.jpg,train
28,1,28_0_1_20170114034234198.jpg,train
30,2,30_1_2_20170119150857103.jpg,train
32,1,32_1_1_20170112224739469.jpg,train
2,3,2_0_3_20161219225228376.jpg,train
35,0,35_1_0_20170105173525804.jpg,train
30,0,30_0_0_20170105170132300.jpg,train
28,1,28_0_1_20170116205618568.jpg,train
26,2,26_0_2_20170116182240440.jpg,train
5,0,5_1_0_20170109192408726.jpg,train
22,4,22_1_4_20170103233803763.jpg,train
28,3,28_0_3_20170119194510275.jpg,train
30,0,30_0_0_20170117130933486.jpg,train
29,0,29_1_0_20170103182933066.jpg,train
24,2,24_1_2_20170116174610352.jpg,train
32,0,32_0_0_20170117133721915.jpg,train
25,0,25_1_0_20170116001327790.jpg,train
26,1,26_1_1_20170116180908981.jpg,train
35,1,35_0_1_20170117141828539.jpg,train
1,3,1_0_3_20161219230234208.jpg,train
31,4,31_0_4_20170116193338756.jpg,train
22,1,22_0_1_20170113132348359.jpg,train
60,0,60_0_0_20170111205244694.jpg,train
35,3,35_1_3_20170109140914004.jpg,train
40,0,40_0_0_20170117172728601.jpg,train
30,1,30_1_1_20170112204445843.jpg,train
54,0,54_0_0_20170113210127075.jpg,train
38,3,38_0_3_20170104230714113.jpg,train
8,0,8_1_0_20170109201701754.jpg,train
20,0,20_0_0_20170117134213422.jpg,train
20,0,20_1_0_20170103201733831.jpg,train
4,0,4_0_0_20170110213539347.jpg,train
30,3,30_0_3_20170117130709884.jpg,train
40,0,40_0_0_20170117091924107.jpg,train
26,1,26_1_1_20170112211356292.jpg,train
60,0,60_1_0_20170110122544644.jpg,train
7,0,7_0_0_20170112211931030.jpg,train
25,1,25_0_1_20170113151350864.jpg,train
36,1,36_1_1_20170113182102246.jpg,train
29,1,29_0_1_20170116210509902.jpg,train
28,0,28_1_0_20170116221850018.jpg,train
8,0,8_0_0_20170110220350538.jpg,train
30,0,30_0_0_20170117142111641.jpg,train
24,3,24_1_3_20170104235417596.jpg,train
1,2,1_0_2_20161219151117789.jpg,train
45,3,45_0_3_20170119201303715.jpg,train
29,0,29_1_0_20170105165153564.jpg,train
39,0,39_0_0_20170113183735128.jpg,train
49,0,49_0_0_20170109001612820.jpg,train
1,3,1_0_3_20161219224713216.jpg,train
22,0,22_1_0_20170117171049498.jpg,train
35,2,35_0_2_20170116191853753.jpg,train
27,0,27_0_0_20170117175751139.jpg,train
31,0,31_1_0_20170103182729649.jpg,train
26,3,26_0_3_20170117153613636.jpg,train
58,0,58_0_0_20170117143055861.jpg,train
39,0,39_0_0_20170104181448317.jpg,train
40,0,40_0_0_20170117180244078.jpg,train
26,2,26_1_2_20170116184827669.jpg,train
25,0,25_0_0_20170119171843896.jpg,train
65,3,65_0_3_20170117171142579.jpg,train
26,0,26_0_0_20170113210604814.jpg,train
35,2,35_0_2_20170116172822574.jpg,train
63,0,63_1_0_20170110153346047.jpg,train
55,0,55_0_0_20170116232725357.jpg,train
1,3,1_1_3_20161219225730216.jpg,train
1,2,1_0_2_20161219205827749.jpg,train
24,3,24_0_3_20170119164638750.jpg,train
60,0,60_0_0_20170111204658174.jpg,train
26,2,26_0_2_20170116180757529.jpg,train
26,1,26_1_1_20170113001925675.jpg,train
2,2,2_1_2_20161219151908347.jpg,train
34,1,34_0_1_20170117141346326.jpg,train
14,0,14_0_0_20170110232319481.jpg,train
26,3,26_1_3_20170119192426755.jpg,train
30,2,30_1_2_20170104020950540.jpg,train
53,0,53_0_0_20170104212413221.jpg,train
26,0,26_0_0_20170113210127395.jpg,train
23,2,23_1_2_20170116173201790.jpg,train
29,0,29_0_0_20170116233154004.jpg,train
50,3,50_0_3_20170113190305936.jpg,train
26,4,26_0_4_20170117195554244.jpg,train
30,0,30_0_0_20170116222120436.jpg,train
24,2,24_1_2_20170116174412618.jpg,train
28,3,28_1_3_20170119194940491.jpg,train
65,0,65_1_0_20170110131349129.jpg,train
5,2,5_1_2_20161219194405259.jpg,train
27,2,27_1_2_20170116171522295.jpg,train
22,3,22_1_3_20170104223452679.jpg,train
20,0,20_0_0_20170116205525001.jpg,train
27,0,27_0_0_20170119145326086.jpg,train
46,0,46_0_0_20170113181403980.jpg,train
8,0,8_0_0_20170110220416458.jpg,train
54,3,54_0_3_20170119210124368.jpg,train
22,2,22_1_2_20170116161424702.jpg,train
29,0,29_1_0_20170103181430872.jpg,train
49,0,49_0_0_20170117163226874.jpg,train
36,1,36_1_1_20170116232708069.jpg,train
26,3,26_0_3_20170119162933629.jpg,train
1,2,1_0_2_20161219204736996.jpg,train
35,1,35_0_1_20170113133712152.jpg,train
24,0,24_1_0_20170117150644092.jpg,train
1,0,1_1_0_20170109191212799.jpg,train
54,3,54_0_3_20170111202045698.jpg,train
3,0,3_1_0_20170109191026269.jpg,train
26,0,26_0_0_20170119175528635.jpg,train
26,1,26_1_1_20170117153641469.jpg,train
25,3,25_1_3_20170104222459455.jpg,train
37,0,37_0_0_20170104205214549.jpg,train
18,0,18_1_0_20170109214554528.jpg,train
40,2,40_0_2_20170116192534886.jpg,train
9,0,9_1_0_20170109204249427.jpg,train
26,4,26_0_4_20170117172722652.jpg,train
1,0,1_0_0_20170110205339425.jpg,train
25,0,25_1_0_20170103182309849.jpg,train
45,0,45_1_0_20170117172231634.jpg,train
32,1,32_1_1_20170113005606791.jpg,train
2,4,2_1_4_20161221201556929.jpg,train
29,0,29_0_0_20170117010705850.jpg,train
24,0,24_1_0_20170117150848786.jpg,train
23,3,23_1_3_20170117185811408.jpg,train
54,3,54_0_3_20170119210222264.jpg,train
21,1,21_0_1_20170116030053264.jpg,train
35,2,35_0_2_20170119180256157.jpg,train
28,0,28_1_0_20170117180707457.jpg,train
15,0,15_0_0_20170110224250144.jpg,train
35,0,35_0_0_20170117141853785.jpg,train
32,0,32_0_0_20170117134725446.jpg,train
8,0,8_1_0_20170109203248565.jpg,train
23,0,23_1_0_20170117145105755.jpg,train
37,1,37_0_1_20170117164349761.jpg,train
50,0,50_1_0_20170109220459927.jpg,train
35,1,35_1_1_20170117201515542.jpg,train
6,0,6_1_0_20170109194207894.jpg,train
15,0,15_0_0_20170116201248395.jpg,train
30,0,30_0_0_20170117181217157.jpg,train
75,0,75_0_0_20170111205133334.jpg,train
56,1,56_0_1_20170113184309735.jpg,train
16,0,16_0_0_20170104012457770.jpg,train
1,0,1_0_0_20170109191445171.jpg,train
26,2,26_1_2_20170116184150015.jpg,train
40,0,40_1_0_20170117003453925.jpg,train
36,0,36_0_0_20170117181851709.jpg,train
26,1,26_1_1_20170116160838344.jpg,train
35,0,35_0_0_20170117122020502.jpg,train
2,2,2_0_2_20161219203736244.jpg,train
8,0,8_0_0_20170110220138938.jpg,train
23,3,23_1_3_20170104231753450.jpg,train
42,1,42_0_1_20170113135655554.jpg,train
1,0,1_1_0_20170109193334553.jpg,train
42,0,42_1_0_20170117154914871.jpg,train
1,2,1_0_2_20161219221908887.jpg,train
40,0,40_0_0_20170117151450653.jpg,train
50,0,50_1_0_20170120225451760.jpg,train
1,0,1_0_0_20161219154724341.jpg,train
38,1,38_0_1_20170113155448498.jpg,train
37,0,37_0_0_20170105183948391.jpg,train
30,3,30_0_3_20170117120952923.jpg,train
26,1,26_1_1_20170116021804434.jpg,train
53,0,53_0_0_20170104212423829.jpg,train
54,0,54_0_0_20170117191422211.jpg,train
26,3,26_0_3_20170119184304951.jpg,train
35,0,35_1_0_20170103182732026.jpg,train
26,4,26_0_4_20170117200225399.jpg,train
28,4,28_1_4_20170105164121996.jpg,train
35,0,35_0_0_20170117153829116.jpg,train
32,1,32_0_1_20170113135620561.jpg,train
2,4,2_0_4_20161221202432089.jpg,train
29,0,29_0_0_20170108230158864.jpg,train
52,0,52_1_0_20170104002309261.jpg,train
28,1,28_1_1_20170117021633232.jpg,train
35,2,35_0_2_20170116191751784.jpg,train
70,0,70_0_0_20170117173731439.jpg,train
26,3,26_1_3_20170104223133454.jpg,train
10,0,10_1_0_20170109203245653.jpg,train
20,3,20_1_3_20170119153712943.jpg,train
18,4,18_1_4_20161221195815432.jpg,train
26,0,26_1_0_20170103181326336.jpg,train
1,2,1_1_2_20161219192458643.jpg,train
26,4,26_1_4_20170117154150500.jpg,train
52,0,52_0_0_20170104212021653.jpg,train
27,4,27_0_4_20170103235757172.jpg,train
42,0,42_0_0_20170117185734922.jpg,train
10,0,10_0_0_20170110220514186.jpg,train
45,0,45_0_0_20170104205315204.jpg,train
26,1,26_1_1_20170116023808283.jpg,train
1,0,1_1_0_20161220220141090.jpg,train
27,3,27_0_3_20170119194354476.jpg,train
24,1,24_0_1_20170114030404017.jpg,train
1,4,1_0_4_20161221202601354.jpg,train
27,1,27_1_1_20170117165603509.jpg,train
35,0,35_1_0_20170116222743531.jpg,train
85,0,85_1_0_20170110183520442.jpg,train
60,0,60_1_0_20170113005301686.jpg,train
6,0,6_1_0_20170109205251485.jpg,train
1,2,1_0_2_20161219142452152.jpg,train
53,0,53_1_0_20170110124135439.jpg,train
35,3,35_1_3_20170104235558235.jpg,train
35,0,35_0_0_20170117140922617.jpg,train
28,2,28_0_2_20170116164233720.jpg,train
1,4,1_0_4_20161221202654538.jpg,train
32,0,32_0_0_20170116182638639.jpg,train
6,0,6_1_0_20170109192013556.jpg,train
32,3,32_0_3_20170119200235517.jpg,train
28,2,28_1_2_20170108224230864.jpg,train
14,0,14_0_0_20170103201123159.jpg,train
30,0,30_0_0_20170117142934426.jpg,train
29,3,29_0_3_20170119195300259.jpg,train
26,1,26_1_1_20170116225013300.jpg,train
14,0,14_0_0_20170110225712028.jpg,train
23,1,23_0_1_20170114034629665.jpg,train
24,0,24_1_0_20170117194800876.jpg,train
28,0,28_1_0_20170105000649036.jpg,train
27,0,27_1_0_20170117150919860.jpg,train
27,2,27_1_2_20170116172207087.jpg,train
72,0,72_0_0_20170111210705162.jpg,train
24,1,24_1_1_20170116162121188.jpg,train
36,1,36_1_1_20170117184339851.jpg,train
42,1,42_1_1_20170113000652498.jpg,train
78,0,78_1_0_20170120140110282.jpg,train
1,2,1_0_2_20161219203720956.jpg,train
24,2,24_1_2_20170116174406776.jpg,train
48,0,48_0_0_20170117160523895.jpg,train
30,0,30_0_0_20170119150440126.jpg,train
75,0,75_0_0_20170117173011522.jpg,train
30,0,30_1_0_20170117000320312.jpg,train
45,1,45_0_1_20170116191630240.jpg,train
54,0,54_1_0_20170117171502531.jpg,train
28,1,28_0_1_20170117202336846.jpg,train
72,0,72_0_0_20170111181750515.jpg,train
75,0,75_0_0_20170117173746334.jpg,train
20,1,20_0_1_20170113175209394.jpg,train
31,0,31_0_0_20170113210319237.jpg,train
23,0,23_1_0_20170116221813922.jpg,train
45,0,45_0_0_20170120221758572.jpg,train
26,0,26_0_0_20170116203328402.jpg,train
20,1,20_0_1_20170113132756615.jpg,train
88,0,88_0_0_20170120230341067.jpg,train
58,0,58_1_0_20170110151504170.jpg,train
1,2,1_1_2_20161219141709601.jpg,train
26,1,26_1_1_20170116233457700.jpg,train
35,1,35_1_1_20170113010415255.jpg,train
28,1,28_0_1_20170117020644358.jpg,train
4,2,4_0_2_20161219141410544.jpg,train
27,0,27_0_0_20170117202049702.jpg,train
24,3,24_0_3_20170119165927582.jpg,train
1,4,1_0_4_20161221195316815.jpg,train
1,2,1_1_2_20161219142156353.jpg,train
11,0,11_0_0_20170110224233654.jpg,train
32,1,32_1_1_20170115235709297.jpg,train
22,3,22_1_3_20170119163331125.jpg,train
42,0,42_0_0_20170117133711767.jpg,train
53,0,53_1_0_20170110154535039.jpg,train
55,0,55_1_0_20170117172131755.jpg,train
34,0,34_0_0_20170117134913196.jpg,train
25,0,25_1_0_20170105183547063.jpg,train
58,0,58_0_0_20170109015156022.jpg,train
34,0,34_0_0_20170117134919534.jpg,train
40,0,40_1_0_20170105164202500.jpg,train
47,0,47_1_0_20170109221107171.jpg,train
50,3,50_1_3_20170109011047973.jpg,train
27,1,27_1_1_20170103182202481.jpg,train
61,0,61_0_0_20170104212950061.jpg,train
23,2,23_1_2_20170116164541818.jpg,train
24,2,24_1_2_20170116171638407.jpg,train
26,2,26_1_2_20170116184244368.jpg,train
26,0,26_0_0_20170117195939941.jpg,train
1,0,1_0_0_20170109193841675.jpg,train
27,0,27_0_0_20170117202105807.jpg,train
25,3,25_1_3_20170119172045713.jpg,train
35,3,35_1_3_20170104214457383.jpg,train
63,0,63_0_0_20170113210319759.jpg,train
50,0,50_1_0_20170119205609399.jpg,train
28,1,28_0_1_20170117015429533.jpg,train
62,0,62_0_0_20170111205902585.jpg,train
40,0,40_0_0_20170116010717610.jpg,train
35,2,35_0_2_20170112215010390.jpg,train
28,0,28_1_0_20170117180704448.jpg,train
31,1,31_0_1_20170113133935353.jpg,train
38,1,38_1_1_20170116172524459.jpg,train
34,1,34_1_1_20170116233657414.jpg,train
24,2,24_1_2_20170116171513182.jpg,train
37,2,37_0_2_20170105163305795.jpg,train
75,0,75_0_0_20170111205635250.jpg,train
24,0,24_1_0_20170117150901270.jpg,train
3,0,3_0_0_20161219161157166.jpg,train
40,0,40_1_0_20170117171511139.jpg,train
28,2,28_0_2_20170119180256157.jpg,train
38,0,38_0_0_20170117133153508.jpg,train
1,2,1_0_2_20161219200010091.jpg,train
10,0,10_0_0_20170110220530650.jpg,train
75,0,75_0_0_20170111202232554.jpg,train
85,0,85_1_0_20170110183823331.jpg,train
50,1,50_0_1_20170116010809979.jpg,train
24,2,24_0_2_20170119165620535.jpg,train
59,0,59_1_0_20170110123116580.jpg,train
25,0,25_1_0_20170116223120888.jpg,train
75,0,75_0_0_20170117174918045.jpg,train
26,0,26_1_0_20170117171040563.jpg,train
34,0,34_0_0_20170117191037767.jpg,train
5,0,5_0_0_20170110213615044.jpg,train
65,0,65_0_0_20170120225159632.jpg,train
37,3,37_0_3_20170119202304167.jpg,train
34,1,34_1_1_20170114033230436.jpg,train
56,0,56_0_0_20170117173638281.jpg,train
23,3,23_1_3_20170119164602781.jpg,train
26,4,26_0_4_20170117200038821.jpg,train
1,3,1_0_3_20161219225811120.jpg,train
50,0,50_1_0_20170109012358091.jpg,train
24,0,24_1_0_20170117194558907.jpg,train
54,0,54_1_0_20170117165336562.jpg,train
2,2,2_0_2_20161219141650121.jpg,train
8,0,8_1_0_20170109204400392.jpg,train
41,0,41_0_0_20170116202014245.jpg,train
5,3,5_0_3_20161220221842826.jpg,train
54,0,54_0_0_20170120223356317.jpg,train
25,2,25_1_2_20170104015850244.jpg,train
25,4,25_1_4_20170103230205288.jpg,train
55,0,55_1_0_20170117185946850.jpg,train
21,3,21_1_3_20170104222105039.jpg,train
26,0,26_0_0_20170116192554607.jpg,train
1,2,1_1_2_20161219161743574.jpg,train
27,1,27_1_1_20170114030435835.jpg,train
37,2,37_0_2_20170116192043134.jpg,train
26,2,26_0_2_20170116180332055.jpg,train
21,1,21_1_1_20170114031645470.jpg,train
38,0,38_0_0_20170117133757073.jpg,train
50,0,50_0_0_20170117160622711.jpg,train
52,3,52_0_3_20170119205713544.jpg,train
32,0,32_0_0_20170117134824559.jpg,train
32,3,32_0_3_20170104230706290.jpg,train
28,3,28_1_3_20170119195110339.jpg,train
1,2,1_0_2_20161219155349310.jpg,train
65,1,65_1_1_20170113012637127.jpg,train
30,3,30_1_3_20170119205427119.jpg,train
53,0,53_1_0_20170109220402884.jpg,train
26,0,26_1_0_20170117201629485.jpg,train
35,0,35_0_0_20170104210200460.jpg,train
3,2,3_1_2_20161219141746993.jpg,train
26,1,26_0_1_20170116182254548.jpg,train
24,3,24_0_3_20170119165948191.jpg,train
29,1,29_0_1_20170113173002656.jpg,train
26,3,26_1_3_20170117174556511.jpg,train
25,0,25_1_0_20170117143909681.jpg,train
1,1,1_0_1_20170110213716266.jpg,train
30,1,30_0_1_20170117194500557.jpg,train
21,3,21_0_3_20170119154219118.jpg,train
35,4,35_0_4_20170117142259383.jpg,train
55,3,55_0_3_20170117183255158.jpg,train
1,3,1_1_3_20161219225015272.jpg,train
22,2,22_0_2_20170104022354725.jpg,train
32,1,32_1_1_20170116153011586.jpg,train
35,3,35_0_3_20170105172520740.jpg,train
9,0,9_0_0_20170110220241330.jpg,train
45,0,45_0_0_20170111195417833.jpg,train
3,2,3_0_2_20161219201230500.jpg,train
28,1,28_0_1_20170117165836339.jpg,train
38,1,38_0_1_20170113190540449.jpg,train
28,3,28_0_3_20170119194726564.jpg,train
23,0,23_0_0_20170119145312190.jpg,train
53,0,53_0_0_20170111195950035.jpg,train
36,0,36_0_0_20170119180045547.jpg,train
26,2,26_1_2_20170116184043483.jpg,train
41,0,41_1_0_20170116235150272.jpg,train
54,0,54_1_0_20170109132244248.jpg,train
52,0,52_0_0_20170104210032733.jpg,train
39,0,39_0_0_20170103183230555.jpg,train
63,0,63_0_0_20170117194948539.jpg,train
35,1,35_1_1_20170116010333522.jpg,train
26,3,26_1_3_20170119193126946.jpg,train
54,1,54_1_1_20170110120122138.jpg,train
85,0,85_1_0_20170110183711497.jpg,train
72,0,72_1_0_20170110184104942.jpg,train
56,1,56_0_1_20170112223748115.jpg,train
26,1,26_1_1_20170116021324542.jpg,train
3,0,3_1_0_20170109192027975.jpg,train
4,3,4_1_3_20161220220857450.jpg,train
60,2,60_0_2_20170112222017258.jpg,train
24,1,24_0_1_20170113134109338.jpg,train
55,0,55_0_0_20170120223706509.jpg,train
30,2,30_0_2_20170116191231876.jpg,train
25,3,25_1_3_20170119172134400.jpg,train
3,0,3_1_0_20161219203029020.jpg,train
27,0,27_1_0_20170117202230966.jpg,train
32,0,32_1_0_20170108224936101.jpg,train
36,0,36_1_0_20170103182902892.jpg,train
56,0,56_0_0_20170117155845920.jpg,train
18,0,18_0_0_20170110232049161.jpg,train
1,4,1_1_4_20161221192830036.jpg,train
1,2,1_1_2_20161219203436580.jpg,train
22,2,22_0_2_20170116165407686.jpg,train
35,1,35_0_1_20170117130110004.jpg,train
28,0,28_0_0_20170117180348335.jpg,train
25,1,25_0_1_20170113174811546.jpg,train
26,0,26_0_0_20170113152221966.jpg,train
26,0,26_0_0_20170117200045150.jpg,train
28,0,28_0_0_20170117202521375.jpg,train
61,1,61_1_1_20170113001835467.jpg,train
69,0,69_1_0_20170110143314986.jpg,train
15,0,15_1_0_20170109213421667.jpg,train
36,1,36_1_1_20170116014023777.jpg,train
33,0,33_0_0_20170104202119290.jpg,train
26,1,26_0_1_20170113175217148.jpg,train
26,1,26_0_1_20170113134729040.jpg,train
53,0,53_0_0_20170117161110830.jpg,train
61,3,61_0_3_20170119211851089.jpg,train
49,0,49_1_0_20170109142119876.jpg,train
29,1,29_1_1_20170114024847193.jpg,train
29,1,29_0_1_20170113141803388.jpg,train
26,1,26_0_1_20170117195747853.jpg,train
27,0,27_0_0_20170117135722872.jpg,train
15,0,15_1_0_20170116232438243.jpg,train
26,1,26_0_1_20170117152256332.jpg,train
20,2,20_0_2_20170117193519517.jpg,train
26,3,26_1_3_20170104222929063.jpg,train
24,2,24_0_2_20170104021847349.jpg,train
28,1,28_0_1_20170113142405196.jpg,train
30,3,30_1_3_20170104223318647.jpg,train
26,1,26_0_1_20170116204840434.jpg,train
53,0,53_1_0_20170120223149451.jpg,train
27,2,27_1_2_20170116163734036.jpg,train
42,0,42_0_0_20170116232941954.jpg,train
17,0,17_1_0_20170109212812805.jpg,train
70,0,70_0_0_20170111221935159.jpg,train
24,2,24_0_2_20170116165208785.jpg,train
32,0,32_1_0_20170103182614674.jpg,train
24,0,24_0_0_20170116215611282.jpg,train
60,0,60_1_0_20170110141408280.jpg,train
1,0,1_1_0_20170109194202932.jpg,train
24,3,24_1_3_20170104223616047.jpg,train
56,0,56_0_0_20170111203105369.jpg,train
8,0,8_1_0_20170109204817102.jpg,train
28,1,28_0_1_20170113135703082.jpg,train
27,1,27_0_1_20170117014026944.jpg,train
30,4,30_0_4_20170103230144585.jpg,train
43,0,43_1_0_20170108234555262.jpg,train
7,0,7_1_0_20170109193140411.jpg,train
48,0,48_0_0_20170120134009260.jpg,train
24,3,24_1_3_20170117150528724.jpg,train
34,0,34_0_0_20170117182629797.jpg,train
28,0,28_1_0_20170117193022560.jpg,train
14,0,14_1_0_20170109204135732.jpg,train
1,0,1_1_0_20170109190459034.jpg,train
21,0,21_1_0_20170103180123239.jpg,train
29,1,29_1_1_20170113012557033.jpg,train
2,2,2_0_2_20161219221937375.jpg,train
35,0,35_0_0_20170117130944941.jpg,train
1,2,1_1_2_20161219162843079.jpg,train
2,2,2_0_2_20161219163447671.jpg,train
32,1,32_0_1_20170117140342322.jpg,train
40,2,40_0_2_20170117135432344.jpg,train
25,3,25_1_3_20170117141259263.jpg,train
60,3,60_0_3_20170111203540060.jpg,train
16,0,16_0_0_20170110225715009.jpg,train
4,0,4_0_0_20170110224321631.jpg,train
53,0,53_1_0_20170109012818178.jpg,train
26,2,26_1_2_20170116162412165.jpg,train
1,0,1_0_0_20161219203009924.jpg,train
7,0,7_0_0_20170110224332642.jpg,train
3,2,3_1_2_20161219141356665.jpg,train
26,0,26_0_0_20170117172928270.jpg,train
28,2,28_1_2_20170105162418251.jpg,train
26,1,26_1_1_20170112213221119.jpg,train
62,0,62_1_0_20170110160643782.jpg,train
8,0,8_1_0_20170109205031725.jpg,train
26,0,26_0_0_20170117172603774.jpg,train
28,0,28_1_0_20170112235047937.jpg,train
22,4,22_1_4_20170103223419073.jpg,train
56,0,56_1_0_20170113001501874.jpg,train
28,2,28_1_2_20170104020746876.jpg,train
37,0,37_1_0_20170104183404469.jpg,train
35,0,35_1_0_20170114033327130.jpg,train
52,0,52_0_0_20170119205653447.jpg,train
26,1,26_0_1_20170116205647025.jpg,train
45,1,45_0_1_20170117204046200.jpg,train
46,0,46_1_0_20170105162245243.jpg,train
4,2,4_1_2_20161219141808855.jpg,train
1,4,1_0_4_20170103202331712.jpg,train
40,0,40_1_0_20170117135420797.jpg,train
50,0,50_1_0_20170103183831466.jpg,train
24,2,24_1_2_20170116165608430.jpg,train
26,0,26_1_0_20170117154103821.jpg,train
25,0,25_1_0_20170109213232182.jpg,train
1,0,1_1_0_20170109191640395.jpg,train
29,3,29_1_3_20170104223300263.jpg,train
52,0,52_0_0_20170113184840654.jpg,train
31,0,31_1_0_20170103182536130.jpg,train
4,2,4_0_2_20161220220440489.jpg,train
1,2,1_0_2_20161219205702141.jpg,train
21,1,21_1_1_20170117154222282.jpg,train
26,1,26_0_1_20170116010816035.jpg,train
20,1,20_0_1_20170113174858707.jpg,train
26,0,26_0_0_20170120140714337.jpg,train
65,0,65_0_0_20170111205153008.jpg,train
21,1,21_0_1_20170113133118839.jpg,train
26,1,26_1_1_20170112230609340.jpg,train
50,3,50_0_3_20170119203626302.jpg,train
41,1,41_1_1_20170116160915103.jpg,train
30,0,30_1_0_20170117174824936.jpg,train
26,1,26_1_1_20170112210320819.jpg,train
27,3,27_1_3_20170104223211159.jpg,train
21,1,21_0_1_20170113133205762.jpg,train
5,2,5_0_2_20161219192232922.jpg,train
25,0,25_1_0_20170112205049764.jpg,train
31,0,31_0_0_20170117120944631.jpg,train
39,0,39_1_0_20170103183459755.jpg,train
24,3,24_1_3_20170119170911086.jpg,train
34,1,34_1_1_20170116232159244.jpg,train
30,2,30_0_2_20170116164441153.jpg,train
26,3,26_1_3_20170104222943143.jpg,train
45,1,45_0_1_20170113183341175.jpg,train
33,0,33_0_0_20170113210319548.jpg,train
16,0,16_0_0_20170110231914222.jpg,train
51,0,51_0_0_20170105172830957.jpg,train
37,1,37_0_1_20170116205703656.jpg,train
54,0,54_0_0_20170117171047997.jpg,train
1,2,1_0_2_20161219222043223.jpg,train
25,1,25_0_1_20170116002254660.jpg,train
40,2,40_1_2_20170116162621368.jpg,train
26,3,26_1_3_20170119192302345.jpg,train
29,0,29_0_0_20170108223214078.jpg,train
27,3,27_1_3_20170104235412059.jpg,train
35,2,35_0_2_20170104023316343.jpg,train
40,1,40_1_1_20170113011754567.jpg,train
4,2,4_1_2_20170109192021720.jpg,train
60,3,60_0_3_20170117182826524.jpg,train
28,1,28_1_1_20170113012030016.jpg,train
85,0,85_1_0_20170110181621323.jpg,train
28,1,28_0_1_20170113141915947.jpg,train
1,4,1_1_4_20161221193419158.jpg,train
1,0,1_1_0_20170109194642759.jpg,train
17,0,17_0_0_20170110232616400.jpg,train
1,3,1_0_3_20161220220418690.jpg,train
2,2,2_1_2_20161219222030167.jpg,train
26,4,26_0_4_20170108224531895.jpg,train
26,1,26_1_1_20170112213041903.jpg,train
25,3,25_1_3_20170119172149792.jpg,train
26,0,26_0_0_20170117172931573.jpg,train
40,1,40_1_1_20170113012745577.jpg,train
80,0,80_0_0_20170111223549819.jpg,train
26,3,26_1_3_20170109133014151.jpg,train
40,3,40_0_3_20170119151504466.jpg,train
2,2,2_0_2_20161219161046894.jpg,train
39,0,39_1_0_20170117175641921.jpg,train
65,0,65_0_0_20170116233734186.jpg,train
58,3,58_0_3_20170119211703657.jpg,train
32,2,32_0_2_20170116191422270.jpg,train
25,3,25_1_3_20170119172106986.jpg,train
55,0,55_1_0_20170120222833049.jpg,train
26,0,26_0_0_20170116210147173.jpg,train
1,3,1_1_3_20161219224553880.jpg,train
25,1,25_0_1_20170114032055563.jpg,train
27,1,27_0_1_20170120133818199.jpg,train
1,2,1_0_2_20161219203943516.jpg,train
31,3,31_0_3_20170104232355440.jpg,train
1,4,1_0_4_20161219195147803.jpg,train
39,0,39_0_0_20170109002838942.jpg,train
3,4,3_0_4_20170103210604324.jpg,train
29,2,29_0_2_20170116164431232.jpg,train
39,0,39_0_0_20170117185152073.jpg,train
28,1,28_1_1_20170116215513416.jpg,train
51,0,51_0_0_20170117160746568.jpg,train
1,0,1_1_0_20170109194452834.jpg,train
23,3,23_1_3_20170119164040174.jpg,train
24,0,24_1_0_20170116215624769.jpg,train
20,0,20_1_0_20170116204003896.jpg,train
58,0,58_0_0_20170120224551943.jpg,train
28,3,28_0_3_20170119194658235.jpg,train
38,1,38_1_1_20170113184328127.jpg,train
24,4,24_1_4_20170103224247127.jpg,train
35,0,35_0_0_20170117000806885.jpg,train
29,1,29_1_1_20170117123750232.jpg,train
17,0,17_1_0_20170104005759343.jpg,train
31,0,31_1_0_20170103183155451.jpg,train
28,1,28_0_1_20170113141507985.jpg,train
32,2,32_1_2_20170116184058376.jpg,train
27,1,27_1_1_20170117013825934.jpg,train
2,0,2_1_0_20170109191715669.jpg,train
1,3,1_0_3_20161220142923423.jpg,train
65,0,65_1_0_20170110122725239.jpg,train
35,0,35_0_0_20170117123744051.jpg,train
26,1,26_0_1_20170116205225231.jpg,train
30,2,30_0_2_20170117134906136.jpg,train
22,1,22_0_1_20170114032119562.jpg,train
32,0,32_1_0_20170104165842857.jpg,train
20,4,20_0_4_20170117193437251.jpg,train
44,0,44_1_0_20170104210419052.jpg,train
1,2,1_0_2_20161219200427051.jpg,train
41,0,41_1_0_20170109132156624.jpg,train
32,2,32_1_2_20170105164147100.jpg,train
20,1,20_1_1_20170112191323933.jpg,train
1,2,1_0_2_20161219154041477.jpg,train
59,0,59_1_0_20170110160643688.jpg,train
46,0,46_1_0_20170104171626722.jpg,train
34,0,34_0_0_20170117203207119.jpg,train
70,0,70_0_0_20170117172631161.jpg,train
28,0,28_1_0_20170117202555320.jpg,train
3,0,3_1_0_20170109190522134.jpg,train
2,3,2_1_3_20161220144902743.jpg,train
1,2,1_0_2_20161219153457308.jpg,train
9,0,9_0_0_20170110220700428.jpg,train
35,0,35_0_0_20170117134954713.jpg,train
8,0,8_1_0_20170109203450522.jpg,train
22,2,22_1_2_20170116172702296.jpg,train
2,4,2_1_4_20161221200558048.jpg,train
32,0,32_1_0_20170109003522801.jpg,train
30,0,30_0_0_20170117154851974.jpg,train
40,0,40_0_0_20170117133829948.jpg,train
26,3,26_1_3_20170119193106881.jpg,train
2,0,2_0_0_20170103202750479.jpg,train
24,2,24_1_2_20170116173419546.jpg,train
28,3,28_0_3_20170104220743173.jpg,train
35,0,35_0_0_20170117175811427.jpg,train
53,0,53_0_0_20170111202247097.jpg,train
20,0,20_0_0_20170116205028194.jpg,train
39,0,39_1_0_20170104205624580.jpg,train
34,0,34_1_0_20170103163601073.jpg,train
9,0,9_0_0_20170110225359875.jpg,train
1,2,1_1_2_20161219142012569.jpg,train
3,0,3_1_0_20170109190700159.jpg,train
34,3,34_0_3_20170119200753235.jpg,train
10,0,10_0_0_20170110220644705.jpg,train
27,0,27_0_0_20170116205321366.jpg,train
28,1,28_1_1_20170112234526480.jpg,train
39,0,39_0_0_20170104210107057.jpg,train
51,0,51_0_0_20170111171747335.jpg,train
21,3,21_1_3_20170105003215901.jpg,train
56,0,56_0_0_20170113185507062.jpg,train
25,3,25_0_3_20170117134128269.jpg,train
39,1,39_0_1_20170117165839076.jpg,train
30,0,30_1_0_20170104165921257.jpg,train
35,1,35_1_1_20170117154230213.jpg,train
85,0,85_0_0_20170111210736421.jpg,train
39,1,39_1_1_20170116165532163.jpg,train
26,1,26_1_1_20170116180739158.jpg,train
26,2,26_0_2_20170104023102422.jpg,train
61,0,61_1_0_20170117175115575.jpg,train
31,4,31_0_4_20170117153920514.jpg,train
80,0,80_1_0_20170110122217473.jpg,train
64,0,64_0_0_20170111203901318.jpg,train
26,1,26_1_1_20170112235910121.jpg,train
29,3,29_1_3_20170104223010439.jpg,train
60,0,60_1_0_20170117155925896.jpg,train
26,0,26_0_0_20170117200723805.jpg,train
28,1,28_0_1_20170113133624449.jpg,train
24,2,24_1_2_20170116174411079.jpg,train
39,0,39_0_0_20170117154434474.jpg,train
24,3,24_1_3_20170104223019607.jpg,train
42,3,42_0_3_20170112205646694.jpg,train
32,1,32_0_1_20170117140220148.jpg,train
27,0,27_0_0_20170117010719987.jpg,train
29,1,29_0_1_20170112214947864.jpg,train
1,2,1_0_2_20161219155859061.jpg,train
35,0,35_0_0_20170104181243711.jpg,train
52,0,52_0_0_20170111171747376.jpg,train
50,0,50_0_0_20170120222755737.jpg,train
28,1,28_0_1_20170116024731879.jpg,train
1,2,1_1_2_20161219211701334.jpg,train
35,0,35_0_0_20170117191042138.jpg,train
18,1,18_0_1_20170113132623905.jpg,train
23,1,23_1_1_20170117175615774.jpg,train
12,0,12_1_0_20170109204805155.jpg,train
8,0,8_0_0_20170110215342047.jpg,train
1,3,1_1_3_20161220220548777.jpg,train
90,0,90_1_0_20170110175843628.jpg,train
37,0,37_0_0_20170104170051521.jpg,train
24,2,24_1_2_20170116174806841.jpg,train
56,0,56_0_0_20170120223014338.jpg,train
50,3,50_0_3_20170119205527856.jpg,train
30,1,30_0_1_20170117140615401.jpg,train
35,1,35_1_1_20170113011402287.jpg,train
20,0,20_0_0_20170117140842001.jpg,train
21,2,21_1_2_20170105183505385.jpg,train
25,0,25_0_0_20170117143313929.jpg,train
26,3,26_0_3_20170119153339006.jpg,train
26,1,26_1_1_20170116153234172.jpg,train
12,0,12_1_0_20170109214435512.jpg,train
32,0,32_1_0_20170109141308065.jpg,train
25,1,25_0_1_20170113151735327.jpg,train
30,1,30_1_1_20170112211330988.jpg,train
61,0,61_1_0_20170117175122341.jpg,train
26,0,26_1_0_20170117003226902.jpg,train
24,1,24_1_1_20170116021741900.jpg,train
28,3,28_0_3_20170119194920547.jpg,train
31,3,31_0_3_20170119195949996.jpg,train
35,0,35_1_0_20170117201013868.jpg,train
26,4,26_1_4_20170117174218966.jpg,train
90,0,90_0_0_20170110175833643.jpg,train
53,0,53_0_0_20170117163654249.jpg,train
21,3,21_1_3_20170104222653479.jpg,train
3,0,3_1_0_20161219190805051.jpg,train
20,3,20_1_3_20170104231525073.jpg,train
72,0,72_1_0_20170110183416570.jpg,train
28,1,28_0_1_20170117021402997.jpg,train
22,3,22_0_3_20170117143018402.jpg,train
31,1,31_0_1_20170116024204398.jpg,train
25,3,25_0_3_20170119171549168.jpg,train
19,0,19_1_0_20170109213113295.jpg,train
26,1,26_0_1_20170116231338453.jpg,train
25,0,25_0_0_20170117143430849.jpg,train
28,0,28_1_0_20170116202056699.jpg,train
40,0,40_1_0_20170116221041453.jpg,train
26,2,26_1_2_20170116180208093.jpg,train
47,0,47_0_0_20170109012320435.jpg,train
22,2,22_1_2_20170104231245440.jpg,train
40,1,40_1_1_20170113012951777.jpg,train
24,0,24_0_0_20170116213539070.jpg,train
53,0,53_1_0_20170117163702203.jpg,train
26,1,26_1_1_20170116182109736.jpg,train
26,0,26_0_0_20170117171921227.jpg,train
28,0,28_1_0_20170103182323771.jpg,train
30,1,30_1_1_20170112234441897.jpg,train
29,0,29_0_0_20170117180808770.jpg,train
26,4,26_0_4_20170117153949109.jpg,train
28,4,28_0_4_20170116021158408.jpg,train
37,0,37_0_0_20170119202224141.jpg,train
1,2,1_0_2_20161219211836743.jpg,train
38,1,38_1_1_20170112204552523.jpg,train
60,0,60_1_0_20170119152445591.jpg,train
26,0,26_1_0_20170109132910372.jpg,train
26,2,26_1_2_20170116184235976.jpg,train
25,0,25_0_0_20170117151628052.jpg,train
28,2,28_0_2_20170107212142294.jpg,train
54,3,54_0_3_20170117171122244.jpg,train
32,0,32_1_0_20170117182456548.jpg,train
38,1,38_1_1_20170116225245726.jpg,train
38,1,38_0_1_20170113141744284.jpg,train
35,1,35_1_1_20170116164941979.jpg,train
61,0,61_1_0_20170117192159555.jpg,train
2,2,2_0_2_20161219151144107.jpg,train
29,0,29_0_0_20170104235501676.jpg,train
30,1,30_0_1_20170117094442927.jpg,train
25,4,25_0_4_20170117155154894.jpg,train
16,0,16_0_0_20170110232432328.jpg,train
30,3,30_1_3_20170119195849148.jpg,train
22,0,22_1_0_20170112192301390.jpg,train
4,0,4_0_0_20170110213033450.jpg,train
56,0,56_1_0_20170104184326534.jpg,train
29,0,29_0_0_20170105163720435.jpg,train
49,0,49_1_0_20170109220611995.jpg,train
35,0,35_1_0_20170111182452837.jpg,train
29,0,29_1_0_20170103163136424.jpg,train
34,0,34_0_0_20170104181316780.jpg,train
80,0,80_0_0_20170111201430389.jpg,train
4,2,4_0_2_20161219160936862.jpg,train
40,2,40_1_2_20170116164709968.jpg,train
16,0,16_0_0_20170110231758466.jpg,train
50,0,50_0_0_20170109010637842.jpg,train
22,0,22_1_0_20170114033329650.jpg,train
25,1,25_0_1_20170113145422493.jpg,train
55,0,55_0_0_20170117190544306.jpg,train
25,0,25_0_0_20170117195127741.jpg,train
34,1,34_1_1_20170116012243049.jpg,train
75,0,75_0_0_20170111205248257.jpg,train
48,0,48_0_0_20170104212127187.jpg,train
27,0,27_1_0_20170119194402442.jpg,train
53,0,53_1_0_20170105171816333.jpg,train
14,0,14_1_0_20170109214635943.jpg,train
23,0,23_0_0_20170105184121759.jpg,train
28,3,28_0_3_20170119194430402.jpg,train
20,1,20_1_1_20170114031114934.jpg,train
85,0,85_1_0_20170110182404089.jpg,train
80,0,80_0_0_20170111205626183.jpg,train
1,3,1_0_3_20161219224709226.jpg,train
26,3,26_0_3_20170119180707115.jpg,train
55,3,55_0_3_20170119171830808.jpg,train
26,1,26_1_1_20170116232329337.jpg,train
31,0,31_0_0_20170104201938890.jpg,train
26,3,26_0_3_20170117153922501.jpg,train
10,0,10_0_0_20170110224416035.jpg,train
45,0,45_0_0_20170117182036284.jpg,train
28,2,28_1_2_20170116192755650.jpg,train
1,2,1_1_2_20161219203100068.jpg,train
28,3,28_1_3_20170104223216158.jpg,train
26,3,26_0_3_20170119183051629.jpg,train
29,1,29_0_1_20170116010112917.jpg,train
1,3,1_1_3_20161219225943008.jpg,train
26,3,26_1_3_20170104222936409.jpg,train
26,0,26_1_0_20170116235853558.jpg,train
26,0,26_1_0_20170116204809505.jpg,train
23,3,23_0_3_20170119163856511.jpg,train
38,0,38_1_0_20170104183625399.jpg,train
26,0,26_1_0_20170117003258343.jpg,train
26,3,26_0_3_20170119180528964.jpg,train
52,0,52_0_0_20170117161039222.jpg,train
27,0,27_0_0_20170117133125316.jpg,train
9,0,9_0_0_20170110225341709.jpg,train
47,3,47_1_3_20170109133358794.jpg,train
27,3,27_0_3_20170119194326882.jpg,train
24,2,24_1_2_20170116171152247.jpg,train
78,0,78_0_0_20170111221840478.jpg,train
22,2,22_1_2_20170116172557623.jpg,train
3,2,3_1_2_20161219160814805.jpg,train
1,4,1_0_4_20161221201454961.jpg,train
63,0,63_1_0_20170110142522883.jpg,train
56,0,56_1_0_20170117171814213.jpg,train
44,3,44_1_3_20170104235304584.jpg,train
3,0,3_0_0_20170110213136600.jpg,train
54,0,54_0_0_20170113142429138.jpg,train
57,0,57_0_0_20170117191704100.jpg,train
45,3,45_0_3_20170104220631406.jpg,train
25,0,25_1_0_20170113005444622.jpg,train
8,0,8_1_0_20170109200841548.jpg,train
25,1,25_1_1_20170116001332046.jpg,train
44,0,44_1_0_20170111182452895.jpg,train
26,3,26_1_3_20170119153809053.jpg,train
26,4,26_1_4_20170117201912672.jpg,train
22,1,22_1_1_20170114025217323.jpg,train
26,3,26_1_3_20170117174543231.jpg,train
26,0,26_1_0_20170117170217033.jpg,train
32,4,32_1_4_20170104011318584.jpg,train
27,1,27_1_1_20170112213549597.jpg,train
25,2,25_1_2_20161219194415803.jpg,train
25,0,25_0_0_20170117151036947.jpg,train
24,0,24_1_0_20170119211426377.jpg,train
24,3,24_1_3_20170104231939707.jpg,train
25,2,25_1_2_20170104015630471.jpg,train
27,1,27_0_1_20170117164420634.jpg,train
39,1,39_1_1_20170113012928648.jpg,train
8,3,8_1_3_20170109205422312.jpg,train
6,0,6_0_0_20170110215331722.jpg,train
3,3,3_1_3_20161219225530536.jpg,train
26,0,26_0_0_20170117173120220.jpg,train
27,0,27_0_0_20170102233549947.jpg,train
35,0,35_1_0_20170117121555358.jpg,train
1,3,1_1_3_20161219224700400.jpg,train
25,4,25_1_4_20170103235222492.jpg,train
4,0,4_0_0_20170110212844605.jpg,train
27,1,27_0_1_20170117010120903.jpg,train
1,0,1_1_0_20170109192245647.jpg,train
60,0,60_1_0_20170110141612400.jpg,train
20,1,20_1_1_20170117195034455.jpg,train
53,0,53_0_0_20170120223144035.jpg,train
31,0,31_1_0_20170103182531906.jpg,train
24,1,24_0_1_20170114025920224.jpg,train
34,3,34_0_3_20170119165834583.jpg,train
23,0,23_1_0_20170117171803722.jpg,train
22,3,22_1_3_20170119163324557.jpg,train
26,3,26_1_3_20170119153452146.jpg,train
30,3,30_1_3_20170104235219219.jpg,train
55,3,55_0_3_20170119181128452.jpg,train
1,1,1_0_1_20170110212837862.jpg,train
1,2,1_1_2_20161219153256492.jpg,train
31,0,31_1_0_20170113210319897.jpg,train
31,3,31_1_3_20170104232529874.jpg,train
53,3,53_1_3_20170119200419883.jpg,train
49,0,49_1_0_20170109013409205.jpg,train
6,0,6_1_0_20170109193106065.jpg,train
26,1,26_0_1_20170116200944233.jpg,train
35,0,35_0_0_20170104183524965.jpg,train
26,3,26_1_3_20170117173653317.jpg,train
31,1,31_0_1_20170117134930189.jpg,train
1,2,1_1_2_20161219155907501.jpg,train
23,2,23_1_2_20170104015902116.jpg,train
26,3,26_0_3_20170119180815126.jpg,train
1,2,1_0_2_20161219160951502.jpg,train
24,1,24_1_1_20170113195635133.jpg,train
26,2,26_0_2_20170116181317521.jpg,train
36,0,36_0_0_20170117175609824.jpg,train
32,0,32_1_0_20170116205329227.jpg,train
27,1,27_0_1_20170117164520983.jpg,train
25,1,25_1_1_20170116001921217.jpg,train
24,2,24_1_2_20170116161931674.jpg,train
29,4,29_1_4_20170103230245713.jpg,train
6,0,6_0_0_20170110221709278.jpg,train
1,4,1_0_4_20170103210247922.jpg,train
26,1,26_1_1_20170116160835715.jpg,train
31,3,31_1_3_20170104223314431.jpg,train
44,0,44_1_0_20170111182452900.jpg,train
90,0,90_0_0_20170111210516589.jpg,train
39,1,39_1_1_20170113012723081.jpg,train
14,0,14_1_0_20170109204358190.jpg,train
32,2,32_1_2_20170104023251558.jpg,train
36,1,36_1_1_20170116160832540.jpg,train
1,0,1_0_0_20170110212759695.jpg,train
27,0,27_1_0_20170103223625383.jpg,train
45,0,45_0_0_20170104202058505.jpg,train
46,0,46_0_0_20170104184807318.jpg,train
25,3,25_1_3_20170119172151113.jpg,train
35,0,35_0_0_20170117191049755.jpg,train
26,0,26_0_0_20170113210126011.jpg,train
32,0,32_0_0_20170120220856044.jpg,train
1,3,1_0_3_20161220220154425.jpg,train
23,2,23_1_2_20170116173016687.jpg,train
40,0,40_0_0_20170116213608958.jpg,train
25,1,25_1_1_20170116001337504.jpg,train
52,0,52_1_0_20170110151342799.jpg,train
46,0,46_0_0_20170104205301379.jpg,train
38,0,38_0_0_20170116235516373.jpg,train
32,1,32_1_1_20170112212952111.jpg,train
24,3,24_1_3_20170117150322043.jpg,train
26,0,26_1_0_20170117200609068.jpg,train
58,0,58_0_0_20170111203101211.jpg,train
67,0,67_0_0_20170120225706103.jpg,train
31,2,31_1_2_20161219211907149.jpg,train
28,2,28_1_2_20170116164331837.jpg,train
24,4,24_1_4_20170103212924934.jpg,train
46,0,46_0_0_20170104210235844.jpg,train
5,0,5_1_0_20170109192816278.jpg,train
58,0,58_0_0_20170117191923083.jpg,train
39,0,39_1_0_20170103182742753.jpg,train
60,0,60_1_0_20170110135905294.jpg,train
56,0,56_1_0_20170110141232209.jpg,train
54,1,54_0_1_20170117173258493.jpg,train
36,1,36_0_1_20170113135650138.jpg,train
30,2,30_0_2_20170117141818577.jpg,train
30,0,30_1_0_20170117151428835.jpg,train
9,0,9_0_0_20170110220132059.jpg,train
10,0,10_0_0_20170110220255346.jpg,train
36,0,36_0_0_20170104204247899.jpg,train
54,0,54_0_0_20170104212707930.jpg,train
21,1,21_1_1_20170116215704702.jpg,train
1,0,1_1_0_20170109194038813.jpg,train
35,1,35_0_1_20170117015451562.jpg,train
2,2,2_1_2_20161219161141325.jpg,train
24,0,24_0_0_20170117150004378.jpg,train
1,2,1_0_2_20161219194804739.jpg,train
28,0,28_0_0_20170114033036427.jpg,train
48,0,48_1_0_20170109010620232.jpg,train
26,4,26_0_4_20170117195717237.jpg,train
26,2,26_0_2_20170116184721092.jpg,train
52,0,52_0_0_20170104212848023.jpg,train
34,2,34_0_2_20170119200711947.jpg,train
33,1,33_1_1_20170113011456750.jpg,train
14,0,14_1_0_20170109212749213.jpg,train
38,1,38_0_1_20170117135747018.jpg,train
27,1,27_1_1_20170113000852746.jpg,train
30,2,30_0_2_20170116192739617.jpg,train
26,1,26_0_1_20170113135316041.jpg,train
21,2,21_0_2_20170117193634310.jpg,train
1,2,1_1_2_20161219222703503.jpg,train
55,0,55_0_0_20170120221715677.jpg,train
25,3,25_1_3_20170119172141792.jpg,train
27,0,27_0_0_20170119150234550.jpg,train
26,1,26_0_1_20170114033559337.jpg,train
35,4,35_0_4_20170117204355896.jpg,train
8,0,8_1_0_20170109202314510.jpg,train
29,3,29_0_3_20170119195240374.jpg,train
21,1,21_1_1_20170112202847954.jpg,train
47,0,47_0_0_20170103183440186.jpg,train
24,2,24_1_2_20170116165951514.jpg,train
40,2,40_0_2_20170116182746808.jpg,train
35,4,35_1_4_20170117203326008.jpg,train
42,0,42_1_0_20170109141959953.jpg,train
30,0,30_0_0_20170113195424859.jpg,train
26,3,26_1_3_20170119193120649.jpg,train
32,3,32_0_3_20170117182128437.jpg,train
44,3,44_1_3_20170119192758593.jpg,train
52,0,52_0_0_20170104205721803.jpg,train
9,0,9_0_0_20170110225520159.jpg,train
26,0,26_1_0_20170112231759374.jpg,train
35,3,35_0_3_20170119201342436.jpg,train
22,4,22_1_4_20161223225936076.jpg,train
30,0,30_0_0_20170117180449799.jpg,train
8,0,8_1_0_20170109203407112.jpg,train
28,1,28_0_1_20170116210503300.jpg,train
40,2,40_0_2_20170116181335777.jpg,train
40,0,40_1_0_20170116235449020.jpg,train
40,1,40_1_1_20170114032302199.jpg,train
49,0,49_1_0_20170117160607343.jpg,train
28,0,28_0_0_20170117202406775.jpg,train
25,3,25_0_3_20170119171953195.jpg,train
29,3,29_0_3_20170104232720881.jpg,train
25,0,25_1_0_20170112235132967.jpg,train
29,1,29_1_1_20170116222853534.jpg,train
2,3,2_0_3_20161219225707719.jpg,train
34,1,34_0_1_20170117010104315.jpg,train
35,3,35_1_3_20170119155040320.jpg,train
40,3,40_0_3_20170119204130582.jpg,train
15,0,15_1_0_20170109214633067.jpg,train
60,0,60_0_0_20170120221705045.jpg,train
63,0,63_0_0_20170111222203870.jpg,train
32,2,32_0_2_20170116191444550.jpg,train
34,0,34_0_0_20170116215618294.jpg,train
26,3,26_1_3_20170119193107971.jpg,train
29,4,29_1_4_20170117202752934.jpg,train
57,0,57_0_0_20170105173713685.jpg,train
58,3,58_0_3_20170119211651056.jpg,train
54,3,54_0_3_20170119181142982.jpg,train
1,0,1_0_0_20170109193511684.jpg,train
24,3,24_1_3_20170117150549883.jpg,train
42,2,42_1_2_20170116162349143.jpg,train
45,0,45_0_0_20170116224641273.jpg,train
90,0,90_0_0_20170111223757607.jpg,train
20,0,20_1_0_20170116212316301.jpg,train
24,0,24_1_0_20170105183618095.jpg,train
56,0,56_1_0_20170117172351482.jpg,train
29,1,29_1_1_20170114024736192.jpg,train
1,2,1_0_2_20161219161431358.jpg,train
85,0,85_1_0_20170110183131183.jpg,train
24,3,24_1_3_20170119171014400.jpg,train
4,0,4_1_0_20170116200920314.jpg,train
1,4,1_1_4_20161221201723169.jpg,train
40,0,40_0_0_20170105172906549.jpg,train
21,3,21_1_3_20170104223626119.jpg,train
1,0,1_1_0_20170110212607474.jpg,train
8,0,8_1_0_20170109203437340.jpg,train
59,0,59_0_0_20170119211444609.jpg,train
32,0,32_1_0_20170104165148201.jpg,train
24,3,24_1_3_20170104231625010.jpg,train
26,0,26_0_0_20170116192052348.jpg,train
36,0,36_0_0_20170104205158732.jpg,train
16,0,16_0_0_20170110231219975.jpg,train
55,3,55_1_3_20170119154458097.jpg,train
35,1,35_0_1_20170117141825261.jpg,train
59,0,59_0_0_20170116221951890.jpg,train
24,3,24_0_3_20170115230942077.jpg,train
30,3,30_0_3_20170119195801076.jpg,train
50,0,50_1_0_20170110154654768.jpg,train
28,0,28_1_0_20170103181722585.jpg,train
24,0,24_1_0_20170103180635111.jpg,train
26,0,26_0_0_20170117195903790.jpg,train
15,0,15_0_0_20170103200850696.jpg,train
29,1,29_1_1_20170113011557016.jpg,train
45,1,45_1_1_20170112231623286.jpg,train
26,3,26_0_3_20170119180941652.jpg,train
60,3,60_1_3_20170119171437890.jpg,train
1,0,1_1_0_20170109190512041.jpg,train
26,1,26_0_1_20170116182311719.jpg,train
4,4,4_1_4_20161223230120250.jpg,train
26,1,26_0_1_20170113134737474.jpg,train
28,3,28_0_3_20170116024927038.jpg,train
32,0,32_0_0_20170117122038021.jpg,train
35,2,35_0_2_20170116161858517.jpg,train
60,1,60_0_1_20170116233417966.jpg,train
30,1,30_0_1_20170117130022204.jpg,train
69,0,69_0_0_20170111203934092.jpg,train
56,3,56_1_3_20170109132208103.jpg,train
24,0,24_1_0_20170117135702616.jpg,train
26,0,26_1_0_20170117174903560.jpg,train
20,0,20_0_0_20170117151603012.jpg,train
27,0,27_0_0_20170104231544105.jpg,train
1,0,1_0_0_20161219205230805.jpg,train
55,0,55_0_0_20170117160031913.jpg,train
37,2,37_0_2_20170116184903745.jpg,train
35,1,35_0_1_20170116003600500.jpg,train
59,0,59_0_0_20170111201348742.jpg,train
35,0,35_0_0_20170117134935863.jpg,train
35,1,35_0_1_20170117134943933.jpg,train
27,1,27_0_1_20170117005926266.jpg,train
23,3,23_0_3_20170119164205782.jpg,train
45,3,45_0_3_20170119195305345.jpg,train
12,0,12_0_0_20170110220108459.jpg,train
30,3,30_1_3_20170117144459082.jpg,train
80,0,80_0_0_20170117173616376.jpg,train
30,2,30_1_2_20170116161348207.jpg,train
24,1,24_1_1_20170112204854107.jpg,train
29,2,29_1_2_20170116163132225.jpg,train
65,0,65_0_0_20170117185953586.jpg,train
1,2,1_0_2_20161219210754437.jpg,train
26,2,26_1_2_20170113000159185.jpg,train
2,4,2_0_4_20161221195159831.jpg,train
28,3,28_1_3_20170119194924075.jpg,train
26,3,26_1_3_20170104235414180.jpg,train
35,3,35_0_3_20170104214739069.jpg,train
24,4,24_1_4_20170117194806829.jpg,train
67,0,67_1_0_20170104170235233.jpg,train
42,0,42_0_0_20170117154810113.jpg,train
3,2,3_1_2_20161219161957470.jpg,train
25,3,25_1_3_20170104231357826.jpg,train
3,0,3_1_0_20170110213304238.jpg,train
23,3,23_1_3_20170104223436167.jpg,train
24,2,24_0_2_20170116164749805.jpg,train
26,2,26_1_2_20170117201843503.jpg,train
30,0,30_1_0_20170117135257534.jpg,train
29,0,29_0_0_20170116190029257.jpg,train
4,3,4_0_3_20161220222803227.jpg,train
36,1,36_1_1_20170113011509561.jpg,train
31,0,31_0_0_20170117131123126.jpg,train
28,0,28_1_0_20170104165123368.jpg,train
22,1,22_0_1_20170113133350977.jpg,train
63,0,63_0_0_20170117162837819.jpg,train
16,1,16_1_1_20170112230648917.jpg,train
32,0,32_1_0_20170113000739610.jpg,train
28,3,28_1_3_20170119194949914.jpg,train
26,0,26_1_0_20170117171248386.jpg,train
27,2,27_0_2_20170116165216481.jpg,train
31,0,31_0_0_20170109004623215.jpg,train
21,2,21_1_2_20170116171010589.jpg,train
85,0,85_1_0_20170120140054880.jpg,train
39,0,39_0_0_20170117021547363.jpg,train
40,0,40_1_0_20170117191308044.jpg,train
27,0,27_0_0_20170117144505322.jpg,train
35,1,35_1_1_20170117204141831.jpg,train
24,4,24_0_4_20161219192105922.jpg,train
32,1,32_1_1_20170117182443477.jpg,train
55,0,55_0_0_20170120222656161.jpg,train
25,0,25_1_0_20170119172030770.jpg,train
23,0,23_1_0_20170117144712244.jpg,train
37,1,37_1_1_20170116204841022.jpg,train
26,1,26_1_1_20170113000552163.jpg,train
35,0,35_1_0_20170120140127200.jpg,train
40,3,40_0_3_20170119210144247.jpg,train
28,0,28_0_0_20170103225936561.jpg,train
18,0,18_1_0_20170109212536049.jpg,train
74,0,74_0_0_20170111221942118.jpg,train
14,0,14_1_0_20170109203625481.jpg,train
22,2,22_1_2_20170104021344006.jpg,train
65,3,65_1_3_20170109135755974.jpg,train
26,3,26_1_3_20170104235111171.jpg,train
32,4,32_1_4_20170117203112816.jpg,train
30,2,30_1_2_20170105002521620.jpg,train
50,3,50_0_3_20170119205442263.jpg,train
75,0,75_0_0_20170111203745246.jpg,train
30,2,30_0_2_20170104022129599.jpg,train
56,0,56_1_0_20170120134758144.jpg,train
28,2,28_0_2_20170116163928068.jpg,train
29,3,29_1_3_20170119195530916.jpg,train
31,0,31_0_0_20170114034207474.jpg,train
14,0,14_1_0_20170103201434935.jpg,train
24,0,24_1_0_20170116222405565.jpg,train
78,0,78_0_0_20170111222218304.jpg,train
27,0,27_0_0_20170117175356352.jpg,train
22,0,22_1_0_20170120133804390.jpg,train
16,0,16_1_0_20170102234728107.jpg,train
1,4,1_1_4_20161221201852145.jpg,train
5,0,5_1_0_20170109193708669.jpg,train
54,0,54_1_0_20170110124144003.jpg,train
20,1,20_1_1_20170114031128316.jpg,train
50,3,50_0_3_20170119204500527.jpg,train
21,3,21_0_3_20170104230718873.jpg,train
50,0,50_0_0_20170117151732148.jpg,train
1,2,1_0_2_20161219203154684.jpg,train
23,0,23_0_0_20170117144111812.jpg,train
26,1,26_1_1_20170116232550099.jpg,train
27,3,27_1_3_20170104223400455.jpg,train
40,0,40_1_0_20170104172853980.jpg,train
35,0,35_0_0_20170117180601456.jpg,train
17,0,17_1_0_20170109213933756.jpg,train
26,0,26_1_0_20170117153205725.jpg,train
22,0,22_1_0_20170112233750014.jpg,train
29,0,29_1_0_20170103163726008.jpg,train
38,1,38_0_1_20170113174609987.jpg,train
26,3,26_1_3_20170104222823975.jpg,train
75,0,75_0_0_20170111210950605.jpg,train
26,2,26_1_2_20170116184510768.jpg,train
30,2,30_0_2_20161219190337805.jpg,train
41,1,41_0_1_20170116203626044.jpg,train
28,3,28_1_3_20170117141635345.jpg,train
28,3,28_0_3_20170119194725939.jpg,train
26,3,26_1_3_20170104235421282.jpg,train
60,3,60_0_3_20170117135043467.jpg,train
26,0,26_0_0_20170117152311509.jpg,train
85,0,85_1_0_20170110183616456.jpg,train
1,3,1_1_3_20161220144653855.jpg,train
2,2,2_1_2_20161219192330594.jpg,train
2,0,2_0_0_20170110213022114.jpg,train
10,0,10_0_0_20170110224253445.jpg,train
24,0,24_1_0_20170103225156008.jpg,train
25,1,25_1_1_20170116001945041.jpg,train
28,1,28_0_1_20170117020124788.jpg,train
22,3,22_1_3_20170119144107741.jpg,train
15,0,15_1_0_20170109214307598.jpg,train
1,0,1_0_0_20170109191453449.jpg,train
26,2,26_0_2_20170116183023692.jpg,train
30,0,30_0_0_20170117132538273.jpg,train
29,0,29_1_0_20170109134431956.jpg,train
23,4,23_1_4_20170103223903439.jpg,train
27,2,27_1_2_20170116194104406.jpg,train
26,0,26_0_0_20170117003319885.jpg,train
33,3,33_1_3_20170109133043550.jpg,train
52,0,52_1_0_20170113184714320.jpg,train
31,1,31_0_1_20170113141650230.jpg,train
1,0,1_1_0_20170109192015845.jpg,train
55,3,55_1_3_20170119171332121.jpg,train
25,0,25_0_0_20170113210127389.jpg,train
1,2,1_0_2_20161219140658208.jpg,train
49,0,49_0_0_20170104212516069.jpg,train
26,1,26_1_1_20170112212030764.jpg,train
43,0,43_0_0_20170117155101372.jpg,train
28,1,28_1_1_20170112204611851.jpg,train
60,0,60_0_0_20170117172331922.jpg,train
38,1,38_1_1_20170116164329443.jpg,train
32,0,32_1_0_20170105161518546.jpg,train
3,2,3_0_2_20161219190447811.jpg,train
50,0,50_0_0_20170120222745802.jpg,train
66,0,66_1_0_20170110140456209.jpg,train
67,0,67_0_0_20170117195143525.jpg,train
21,1,21_1_1_20170103223257503.jpg,train
56,0,56_1_0_20170103162933143.jpg,train
24,0,24_1_0_20170116222936821.jpg,train
23,1,23_1_1_20170113195607925.jpg,train
30,1,30_1_1_20170112234436144.jpg,train
1,4,1_1_4_20161221202135073.jpg,train
36,3,36_0_3_20170119191944665.jpg,train
54,0,54_0_0_20170109010040814.jpg,train
90,0,90_0_0_20170111210501751.jpg,train
28,1,28_0_1_20170117020050133.jpg,train
26,2,26_0_2_20170116182629321.jpg,train
25,3,25_1_3_20170119171211913.jpg,train
28,3,28_0_3_20170119194431378.jpg,train
29,0,29_0_0_20170117180900108.jpg,train
24,2,24_1_2_20170116165549493.jpg,train
41,0,41_0_0_20170117140625076.jpg,train
31,0,31_0_0_20170117181923333.jpg,train
38,0,38_1_0_20170105164238436.jpg,train
26,3,26_0_3_20170117154224766.jpg,train
66,0,66_1_0_20170110132126931.jpg,train
1,3,1_1_3_20161220220219634.jpg,train
30,0,30_0_0_20170117150940669.jpg,train
50,3,50_0_3_20170119204134671.jpg,train
23,0,23_1_0_20170117145132068.jpg,train
26,1,26_0_1_20170113155124217.jpg,train
38,1,38_1_1_20170116223105812.jpg,train
16,0,16_0_0_20170110231759619.jpg,train
22,3,22_1_3_20170104231720114.jpg,train
22,3,22_1_3_20170119152504672.jpg,train
5,2,5_1_2_20161219194330923.jpg,train
2,4,2_0_4_20161221192934773.jpg,train
68,0,68_0_0_20170117171825450.jpg,train
39,3,39_0_3_20170105164649724.jpg,train
49,0,49_0_0_20170104204517779.jpg,train
3,3,3_0_3_20161220222209691.jpg,train
26,4,26_0_4_20170117200020292.jpg,train
41,0,41_0_0_20170104200612385.jpg,train
1,0,1_0_0_20170109192219011.jpg,train
54,0,54_0_0_20170104212509821.jpg,train
28,4,28_1_4_20170117202558575.jpg,train
65,0,65_1_0_20170120222039350.jpg,train
32,0,32_0_0_20170116191419267.jpg,train
45,0,45_0_0_20170117172129436.jpg,train
55,3,55_0_3_20170119211435313.jpg,train
40,0,40_0_0_20170117170539486.jpg,train
21,1,21_1_1_20170112202848978.jpg,train
26,2,26_1_2_20170104021834541.jpg,train
5,2,5_1_2_20161219154637884.jpg,train
1,3,1_1_3_20161220220541057.jpg,train
65,1,65_0_1_20170117182422917.jpg,train
33,0,33_1_0_20170103182556882.jpg,train
32,0,32_0_0_20170116224633761.jpg,train
1,2,1_1_2_20161219202522028.jpg,train
52,0,52_0_0_20170103183600794.jpg,train
47,3,47_0_3_20170119152344615.jpg,train
34,1,34_1_1_20170113002123194.jpg,train
24,1,24_1_1_20170113011327776.jpg,train
16,0,16_0_0_20170110231230149.jpg,train
53,0,53_1_0_20170110132139134.jpg,train
30,2,30_1_2_20170116192730574.jpg,train
50,0,50_1_0_20170117155139407.jpg,train
51,0,51_1_0_20170104183749773.jpg,train
26,4,26_1_4_20170117152911110.jpg,train
22,2,22_0_2_20170104021322853.jpg,train
29,1,29_1_1_20170115234825058.jpg,train
32,1,32_1_1_20170114024610489.jpg,train
42,0,42_0_0_20170117135630521.jpg,train
24,3,24_1_3_20170104231426665.jpg,train
28,0,28_0_0_20170117202330366.jpg,train
36,0,36_1_0_20170103181817489.jpg,train
15,0,15_0_0_20170110232322390.jpg,train
26,3,26_0_3_20170120134528696.jpg,train
24,3,24_0_3_20170119164640038.jpg,train
4,2,4_1_2_20161219190303315.jpg,train
28,1,28_0_1_20170113134651866.jpg,train
27,3,27_0_3_20170117175516521.jpg,train
23,3,23_1_3_20170119164458614.jpg,train
32,1,32_1_1_20170112215200081.jpg,train
80,0,80_0_0_20170111211324676.jpg,train
28,1,28_1_1_20170116231251529.jpg,train
31,0,31_0_0_20170109134322184.jpg,train
46,1,46_1_1_20170116022038426.jpg,train
26,1,26_1_1_20170112235923687.jpg,train
72,0,72_1_0_20170110122624490.jpg,train
28,2,28_1_2_20170116164612760.jpg,train
24,0,24_0_0_20170117003314278.jpg,train
53,3,53_0_3_20170119202446453.jpg,train
34,0,34_0_0_20170103182639105.jpg,train
24,0,24_1_0_20170116205903763.jpg,train
30,1,30_0_1_20170117202910591.jpg,train
3,2,3_0_2_20161219162657782.jpg,train
26,0,26_1_0_20170116225049260.jpg,train
50,1,50_0_1_20170111204143668.jpg,train
60,0,60_1_0_20170110140707890.jpg,train
2,0,2_0_0_20161219160615893.jpg,train
34,3,34_0_3_20170119171627440.jpg,train
36,0,36_0_0_20170112003914754.jpg,train
3,2,3_1_2_20161219142501225.jpg,train
78,0,78_0_0_20170120140748041.jpg,train
42,1,42_1_1_20170104210422988.jpg,train
21,1,21_1_1_20170116233611534.jpg,train
59,0,59_0_0_20170108235700268.jpg,train
36,1,36_0_1_20170117170408725.jpg,train
12,0,12_0_0_20170103200900511.jpg,train
37,1,37_1_1_20170116021749594.jpg,train
8,0,8_1_0_20170109203241741.jpg,train
36,0,36_0_0_20170117202645622.jpg,train
24,0,24_1_0_20170117150909051.jpg,train
34,0,34_1_0_20170103183211424.jpg,train
23,2,23_0_2_20170108224712804.jpg,train
51,0,51_0_0_20170111181750481.jpg,train
46,1,46_0_1_20170117141729225.jpg,train
26,1,26_1_1_20170116222316103.jpg,train
23,2,23_1_2_20170116173105161.jpg,train
26,2,26_0_2_20170116182347867.jpg,train
26,1,26_0_1_20170113151758038.jpg,train
26,0,26_0_0_20170120134026967.jpg,train
22,0,22_0_0_20170117134653966.jpg,train
36,0,36_0_0_20170117135436708.jpg,train
40,1,40_0_1_20170113141623772.jpg,train
1,4,1_0_4_20170103210917330.jpg,train
70,0,70_0_0_20170117173652480.jpg,train
29,2,29_1_2_20170116163350492.jpg,train
5,2,5_0_2_20161219194354209.jpg,train
56,0,56_0_0_20170104212551397.jpg,train
30,0,30_0_0_20170113011224350.jpg,train
16,0,16_0_0_20170110232741392.jpg,train
24,3,24_1_3_20170119165918215.jpg,train
51,0,51_0_0_20170117162917059.jpg,train
27,1,27_0_1_20170117202122150.jpg,train
75,0,75_1_0_20170110182100626.jpg,train
58,0,58_0_0_20170117194037923.jpg,train
32,0,32_1_0_20170117180018829.jpg,train
27,1,27_0_1_20170113134047416.jpg,train
2,0,2_0_0_20161219162301430.jpg,train
36,0,36_1_0_20170105162608884.jpg,train
1,0,1_1_0_20170109191234378.jpg,train
20,0,20_1_0_20170117133854316.jpg,train
24,0,24_1_0_20170103180601840.jpg,train
54,3,54_0_3_20170119180901955.jpg,train
29,1,29_0_1_20170117194151643.jpg,train
8,0,8_1_0_20170109204534346.jpg,train
30,2,30_0_2_20170116223016131.jpg,train
22,0,22_1_0_20170110173815028.jpg,train
50,3,50_0_3_20170119194914299.jpg,train
2,4,2_0_4_20161221202356481.jpg,train
30,2,30_0_2_20170116180745378.jpg,train
2,2,2_0_2_20161219142522753.jpg,train
85,0,85_0_0_20170111210640890.jpg,train
53,0,53_0_0_20170113184941808.jpg,train
38,0,38_1_0_20170117130939679.jpg,train
28,3,28_0_3_20170119194503787.jpg,train
40,0,40_0_0_20170117154520771.jpg,train
1,2,1_0_2_20161219162427318.jpg,train
66,0,66_0_0_20170116233250943.jpg,train
23,2,23_0_2_20170116172912257.jpg,train
26,0,26_1_0_20170105002839534.jpg,train
55,3,55_0_3_20170104214223615.jpg,train
25,3,25_0_3_20170117151555901.jpg,train
56,3,56_0_3_20170109142154230.jpg,train
27,0,27_0_0_20170105164657988.jpg,train
27,1,27_1_1_20170116214220570.jpg,train
54,0,54_0_0_20170105173652462.jpg,train
34,0,34_1_0_20170111182452832.jpg,train
15,4,15_0_4_20170103233214059.jpg,train
35,3,35_0_3_20170119150724127.jpg,train
66,0,66_0_0_20170109015504776.jpg,train
23,0,23_1_0_20170103180451856.jpg,train
26,3,26_1_3_20170117174342230.jpg,train
30,3,30_1_3_20170109132828919.jpg,train
35,0,35_1_0_20170116201640357.jpg,train
24,0,24_0_0_20170117204449297.jpg,train
34,1,34_0_1_20170117141435706.jpg,train
38,0,38_1_0_20170117154130828.jpg,train
20,3,20_1_3_20170119151017902.jpg,train
26,3,26_1_3_20170104232952337.jpg,train
18,0,18_1_0_20170109214557098.jpg,train
20,0,20_1_0_20170117183640921.jpg,train
48,0,48_1_0_20170108224903494.jpg,train
60,0,60_1_0_20170110151441645.jpg,train
1,2,1_1_2_20161219192240930.jpg,train
37,0,37_0_0_20170104172740418.jpg,train
31,0,31_1_0_20170117133121639.jpg,train
30,0,30_0_0_20170117141919242.jpg,train
1,2,1_1_2_20161219204232221.jpg,train
2,0,2_0_0_20161219154439741.jpg,train
2,0,2_0_0_20170103205800494.jpg,train
36,0,36_0_0_20170104172701786.jpg,train
28,1,28_1_1_20170113012805025.jpg,train
54,0,54_0_0_20170117171049691.jpg,train
34,1,34_1_1_20170117173309216.jpg,train
1,1,1_1_1_20170109194553059.jpg,train
40,0,40_0_0_20170116222342864.jpg,train
16,0,16_0_0_20170110231918993.jpg,train
1,2,1_1_2_20161219141525504.jpg,train
26,2,26_1_2_20170116180828579.jpg,train
26,4,26_1_4_20170117201620471.jpg,train
54,3,54_0_3_20170119201443709.jpg,train
29,0,29_0_0_20170116214245025.jpg,train
61,0,61_1_0_20170110123303836.jpg,train
1,3,1_0_3_20161220143121101.jpg,train
58,0,58_0_0_20170111204513437.jpg,train
8,4,8_1_4_20161223230041764.jpg,train
1,0,1_0_0_20161220223221043.jpg,train
35,2,35_0_2_20170116184036787.jpg,train
23,3,23_1_3_20170119164543837.jpg,train
25,2,25_1_2_20170104015651372.jpg,train
28,1,28_0_1_20170116213517627.jpg,train
52,0,52_1_0_20170103163659575.jpg,train
61,0,61_1_0_20170117174639693.jpg,train
26,0,26_0_0_20170104230456289.jpg,train
29,3,29_0_3_20170119165856407.jpg,train
38,1,38_0_1_201701162330572788.jpg,train
54,0,54_0_0_20170120223258396.jpg,train
28,2,28_1_2_20170116163936289.jpg,train
39,3,39_1_3_20170104220213820.jpg,train
85,0,85_1_0_20170110183134095.jpg,train
47,0,47_0_0_20170105173121444.jpg,train
27,1,27_0_1_20170113000907378.jpg,train
55,0,55_0_0_20170117171818853.jpg,train
25,2,25_1_2_20170116161500037.jpg,train
64,0,64_0_0_20170104185416238.jpg,train
28,2,28_1_2_20170116164515900.jpg,train
62,0,62_1_0_20170110173800240.jpg,train
55,3,55_0_3_20170119201015604.jpg,train
29,1,29_1_1_20170116164102690.jpg,train
28,3,28_1_3_20170109132916902.jpg,train
1,2,1_1_2_20161219193510436.jpg,train
28,3,28_1_3_20170104232440417.jpg,train
36,0,36_1_0_20170103183426794.jpg,train
46,0,46_0_0_20170105173017060.jpg,train
13,0,13_1_0_20170109214635943.jpg,train
26,2,26_1_2_20170116184708173.jpg,train
55,0,55_0_0_20170117185928552.jpg,train
39,0,39_1_0_20170117154214155.jpg,train
25,0,25_1_0_20170116223859777.jpg,train
2,3,2_1_3_20161219224729352.jpg,train
60,1,60_0_1_20170119204250215.jpg,train
60,0,60_1_0_20170117174613438.jpg,train
4,2,4_1_2_20161219140718600.jpg,train
34,3,34_0_3_20170119200731972.jpg,train
9,0,9_0_0_20170110220232058.jpg,train
65,0,65_1_0_20170110160643907.jpg,train
29,2,29_0_2_20170116205917784.jpg,train
35,0,35_1_0_20170117171423779.jpg,train
36,0,36_0_0_20170104181520477.jpg,train
72,0,72_1_0_20170110184007710.jpg,train
35,1,35_0_1_20170117170546969.jpg,train
28,0,28_0_0_20170113210127446.jpg,train
25,0,25_1_0_20170117152143899.jpg,train
55,0,55_0_0_20170117190032456.jpg,train
54,0,54_1_0_20170117171600659.jpg,train
24,3,24_1_3_20170117145441075.jpg,train
21,0,21_1_0_20170117142612442.jpg,train
35,1,35_0_1_20170116010938697.jpg,train
21,3,21_1_3_20170104222522503.jpg,train
37,0,37_0_0_20170117183419508.jpg,train
22,3,22_1_3_20170104222553543.jpg,train
34,3,34_1_3_20170119163642029.jpg,train
25,1,25_1_1_20170112205216610.jpg,train
76,0,76_1_0_20170110182047993.jpg,train
24,2,24_1_2_20170116162430984.jpg,train
1,2,1_0_2_20161219153107301.jpg,train
52,0,52_0_0_20170111203259661.jpg,train
10,0,10_0_0_20170110225035898.jpg,train
1,2,1_1_2_20161219205048452.jpg,train
37,0,37_0_0_20170117175931852.jpg,train
22,0,22_0_0_20170112202935851.jpg,train
49,0,49_1_0_20170103181849281.jpg,train
26,1,26_1_1_20170112210539725.jpg,train
50,3,50_0_3_20170119205539984.jpg,train
26,2,26_1_2_20170116184502052.jpg,train
28,0,28_0_0_20170116215505239.jpg,train
26,0,26_0_0_20170117195907555.jpg,train
12,0,12_0_0_20170110232735095.jpg,train
18,0,18_1_0_20170117193303188.jpg,train
26,1,26_1_1_20170116234436659.jpg,train
26,2,26_0_2_20170116182237706.jpg,train
15,0,15_0_0_20170116211720424.jpg,train
39,0,39_1_0_20170105172844028.jpg,train
48,0,48_0_0_20170111195354415.jpg,train
26,2,26_0_2_20170104022441117.jpg,train
50,1,50_0_1_20170117173418899.jpg,train
26,1,26_1_1_20170112230617333.jpg,train
26,0,26_1_0_20170117175315496.jpg,train
62,0,62_1_0_20170104183415429.jpg,train
32,1,32_1_1_20170116175409630.jpg,train
26,1,26_1_1_20170116174208031.jpg,train
26,1,26_1_1_20170116164056356.jpg,train
9,0,9_0_0_20170110215520268.jpg,train
54,0,54_0_0_20170117170958924.jpg,train
23,3,23_0_3_20170119163841604.jpg,train
21,1,21_1_1_20170113005849484.jpg,train
26,3,26_1_3_20170119192108257.jpg,train
46,1,46_0_1_20170116011011516.jpg,train
1,2,1_0_2_20161219163930672.jpg,train
2,3,2_0_3_20161220143054648.jpg,train
21,4,21_1_4_20170117193754349.jpg,train
30,2,30_1_2_20170116175923384.jpg,train
16,0,16_0_0_20170110231726179.jpg,train
28,1,28_1_1_20170112234557232.jpg,train
67,0,67_0_0_20170103184144627.jpg,train
1,2,1_0_2_20161220145040127.jpg,train
1,2,1_1_2_20161219154612988.jpg,train
26,2,26_1_2_20170116180232341.jpg,train
18,0,18_1_0_20170109214042490.jpg,train
65,0,65_0_0_20170117153706996.jpg,train
3,3,3_1_3_20161219230125137.jpg,train
4,0,4_1_0_20170109192308345.jpg,train
25,3,25_1_3_20170104234944475.jpg,train
26,3,26_1_3_20170119193102258.jpg,train
85,0,85_1_0_20170110141027202.jpg,train
56,1,56_0_1_20170120223802390.jpg,train
33,1,33_0_1_20170113152629721.jpg,train
39,2,39_1_2_20170105170215020.jpg,train
32,0,32_1_0_20170117134819735.jpg,train
27,1,27_0_1_20170117010204286.jpg,train
17,0,17_1_0_20170109214546339.jpg,train
39,0,39_0_0_20170117154211467.jpg,train
8,0,8_1_0_20170109203200614.jpg,train
36,0,36_1_0_20170113000620083.jpg,train
24,3,24_0_3_20170104214346781.jpg,train
54,0,54_0_0_20170109150353590.jpg,train
26,1,26_1_1_20170116162307476.jpg,train
4,0,4_1_0_20170109192418427.jpg,train
4,2,4_1_2_20161219205035916.jpg,train
26,2,26_1_2_20170116184626759.jpg,train
35,0,35_1_0_20170103182348593.jpg,train
55,0,55_0_0_20170117190001481.jpg,train
46,3,46_0_3_20170119200449365.jpg,train
45,3,45_0_3_20170119154224697.jpg,train
27,0,27_0_0_20170116204122640.jpg,train
59,0,59_0_0_20170104212933919.jpg,train
1,2,1_0_2_20161219155854085.jpg,train
22,1,22_1_1_20170113010402343.jpg,train
42,0,42_1_0_20170109140758891.jpg,train
28,1,28_1_1_20170117020424778.jpg,train
26,3,26_0_3_20170119180343596.jpg,train
68,0,68_0_0_20170111204834965.jpg,train
50,0,50_1_0_20170117160742511.jpg,train
47,0,47_0_0_20170104210614252.jpg,train
29,0,29_1_0_20170117180955948.jpg,train
28,1,28_1_1_20170116171301974.jpg,train
26,1,26_1_1_20170116024053194.jpg,train
31,1,31_1_1_20170112230640389.jpg,train
28,0,28_0_0_20170117202358254.jpg,train
26,2,26_0_2_20170116183029241.jpg,train
2,4,2_0_4_20161221202316873.jpg,train
24,3,24_1_3_20170117150307141.jpg,train
37,0,37_0_0_20170104185229157.jpg,train
30,0,30_1_0_20170104234753946.jpg,train
62,1,62_0_1_20170113182604718.jpg,train
54,0,54_0_0_20170105173633085.jpg,train
17,0,17_1_0_20170109214542387.jpg,train
24,0,24_0_0_20170104230108767.jpg,train
68,0,68_0_0_20170111205947306.jpg,train
82,0,82_0_0_20170111223748572.jpg,train
29,1,29_0_1_20170113141729547.jpg,train
52,0,52_1_0_20170103180938968.jpg,train
26,0,26_0_0_20170120134533448.jpg,train
26,2,26_0_2_20170116175433114.jpg,train
1,2,1_0_2_20161219212648582.jpg,train
54,0,54_0_0_20170105173307381.jpg,train
51,0,51_0_0_20170104212200845.jpg,train
26,4,26_0_4_20170117153706349.jpg,train
7,0,7_1_0_20170114025204820.jpg,train
32,2,32_1_2_20170104170327891.jpg,train
75,0,75_1_0_20170120230326690.jpg,train
29,1,29_0_1_20170116192214658.jpg,train
24,2,24_1_2_20170116171557699.jpg,train
32,2,32_1_2_20170103181041008.jpg,train
2,4,2_1_4_20161221195444552.jpg,train
27,1,27_1_1_20170113001034770.jpg,train
27,3,27_0_3_20170104200540418.jpg,train
40,0,40_1_0_20170104185155934.jpg,train
32,2,32_1_2_20170116190009032.jpg,train
1,2,1_1_2_20161219221706807.jpg,train
27,1,27_1_1_20170117010217590.jpg,train
20,0,20_0_0_20170117140056058.jpg,train
34,0,34_0_0_20170117182621262.jpg,train
55,1,55_1_1_20170112221944068.jpg,train
25,3,25_0_3_20170119152931512.jpg,train
25,1,25_0_1_20170113150701015.jpg,train
53,0,53_0_0_20170117190948203.jpg,train
23,2,23_0_2_20170116173007268.jpg,train
25,3,25_0_3_20170107213404617.jpg,train
26,0,26_0_0_20170116200900839.jpg,train
1,4,1_1_4_20161221193742646.jpg,train
4,4,4_1_4_20161221201507280.jpg,train
26,2,26_1_2_20170116184702571.jpg,train
36,1,36_1_1_20170113182501102.jpg,train
21,1,21_1_1_20170112231905070.jpg,train
28,3,28_0_3_20170119194808322.jpg,train
25,4,25_0_4_20170117195058860.jpg,train
60,0,60_1_0_20170110140829202.jpg,train
52,0,52_0_0_20170109003616600.jpg,train
45,3,45_0_3_20170119175445883.jpg,train
29,1,29_1_1_20170115235932970.jpg,train
67,0,67_0_0_20170120224529039.jpg,train
42,0,42_0_0_20170116205352497.jpg,train
39,0,39_1_0_20170111182452865.jpg,train
31,3,31_1_3_20170104223530512.jpg,train
35,0,35_0_0_20170117191910468.jpg,train
26,1,26_1_1_20170116153050594.jpg,train
32,2,32_1_2_20170104165057208.jpg,train
30,0,30_1_0_20170117154828262.jpg,train
26,4,26_1_4_20170117173903318.jpg,train
52,0,52_1_0_20170103163641032.jpg,train
28,1,28_1_1_20170112230737559.jpg,train
26,3,26_0_3_20170119181302068.jpg,train
16,0,16_1_0_20170103201016775.jpg,train
2,0,2_1_0_20170109194238541.jpg,train
26,2,26_1_2_20170116184131117.jpg,train
26,0,26_0_0_20170117195919229.jpg,train
38,1,38_0_1_20170113142113619.jpg,train
10,0,10_0_0_20170110225252799.jpg,train
25,3,25_0_3_20170119150353974.jpg,train
21,1,21_1_1_20170114032208983.jpg,train
16,0,16_0_0_20170110232613101.jpg,train
26,4,26_0_4_20170117153355923.jpg,train
2,2,2_1_2_20161219204046924.jpg,train
25,1,25_1_1_20170113001941650.jpg,train
56,0,56_0_0_20170111200430322.jpg,train
34,0,34_0_0_20170116214408892.jpg,train
28,1,28_1_1_20170116180035164.jpg,train
26,3,26_1_3_20170119193128490.jpg,train
32,0,32_0_0_20170116232949988.jpg,train
21,4,21_1_4_20161221193306453.jpg,train
27,1,27_0_1_20170113135657435.jpg,train
28,2,28_1_2_20170116190130252.jpg,train
35,1,35_0_1_20170113134305216.jpg,train
20,0,20_0_0_20170117140628568.jpg,train
1,2,1_1_2_20161219200258716.jpg,train
24,0,24_1_0_20170112230455412.jpg,train
75,0,75_1_0_20170110154312939.jpg,train
26,1,26_1_1_20170113011621775.jpg,train
14,0,14_1_0_20170109212518607.jpg,train
29,0,29_1_0_20170105002624350.jpg,train
26,0,26_0_0_20170117195959667.jpg,train
90,0,90_1_0_20170110183406830.jpg,train
75,0,75_1_0_20170109142100690.jpg,train
43,0,43_1_0_20170103183354850.jpg,train
26,3,26_1_3_20170117153340356.jpg,train
76,0,76_0_0_20170111210806003.jpg,train
8,0,8_0_0_20170110225315590.jpg,train
7,0,7_0_0_20170110224448021.jpg,train
30,2,30_1_2_20170116191902270.jpg,train
1,2,1_0_2_20161219222014119.jpg,train
9,0,9_0_0_20170110220153114.jpg,train
24,4,24_0_4_20170117194435668.jpg,train
2,2,2_1_2_20161219192113948.jpg,train
31,1,31_0_1_20170117134920188.jpg,train
23,4,23_0_4_20170117194130117.jpg,train
18,0,18_1_0_20170109214646809.jpg,train
2,2,2_0_2_20161219151847379.jpg,train
45,0,45_0_0_20170117204750369.jpg,train
4,0,4_1_0_20170109192424440.jpg,train
67,0,67_0_0_20170109002906472.jpg,train
26,3,26_1_3_20170119192255577.jpg,train
34,1,34_0_1_20170113181625781.jpg,train
50,3,50_0_3_20170119205543104.jpg,train
1,2,1_1_2_20161219161814470.jpg,train
31,0,31_0_0_20170104165835728.jpg,train
4,0,4_0_0_20170110213317110.jpg,train
28,3,28_1_3_20170104232916497.jpg,train
26,4,26_0_4_20170117195406973.jpg,train
28,1,28_1_1_20170112211531805.jpg,train
49,0,49_1_0_20170104205013876.jpg,train
27,4,27_0_4_20170117202117229.jpg,train
26,1,26_1_1_20170112213024014.jpg,train
18,3,18_0_3_20170104225805617.jpg,train
54,3,54_0_3_20170119211333849.jpg,train
39,3,39_0_3_20170119160257563.jpg,train
2,3,2_0_3_20161219224848808.jpg,train
40,0,40_1_0_20170104021117189.jpg,train
23,4,23_1_4_20170117194311620.jpg,train
26,1,26_1_1_20170117155009422.jpg,train
58,0,58_1_0_20170117154253562.jpg,train
35,0,35_1_0_20170117170752436.jpg,train
8,0,8_1_0_20170109202851846.jpg,train
3,2,3_0_2_20161219204644036.jpg,train
4,0,4_1_0_20170109192828745.jpg,train
4,0,4_1_0_20170109193119036.jpg,train
29,3,29_1_3_20170104214540068.jpg,train
75,0,75_1_0_20170110182959300.jpg,train
30,1,30_1_1_20170112234651369.jpg,train
28,3,28_0_3_20170117120957310.jpg,train
43,0,43_1_0_20170117155104591.jpg,train
27,3,27_0_3_20170119211717281.jpg,train
3,0,3_1_0_20170109191351622.jpg,train
1,0,1_1_0_20161219190725427.jpg,train
13,0,13_1_0_20170109213526011.jpg,train
65,0,65_0_0_20170116224819158.jpg,train
26,0,26_0_0_20170117120944631.jpg,train
24,1,24_1_1_20170112233321383.jpg,train
35,1,35_0_1_20170116234332976.jpg,train
1,4,1_0_4_20161221202305778.jpg,train
80,0,80_1_0_20170110131703927.jpg,train
45,3,45_0_3_20170119201114381.jpg,train
13,0,13_1_0_20170109204325267.jpg,train
1,2,1_0_2_20161219141958386.jpg,train
26,0,26_1_0_20170117152551661.jpg,train
28,0,28_1_0_20170116164616853.jpg,train
9,0,9_0_0_20170110220159083.jpg,train
48,0,48_1_0_20170109142203204.jpg,train
5,0,5_1_0_20170109194229104.jpg,train
51,0,51_0_0_20170120134516424.jpg,train
58,0,58_0_0_20170105173528685.jpg,train
70,0,70_1_0_20170110180456347.jpg,train
26,0,26_0_0_20170113210605379.jpg,train
80,0,80_0_0_20170117175258116.jpg,train
36,1,36_0_1_20170113151337670.jpg,train
3,0,3_1_0_20170109193833863.jpg,train
28,0,28_0_0_20170117020857776.jpg,train
9,0,9_0_0_20170110225112927.jpg,train
28,1,28_0_1_20170117020634195.jpg,train
35,0,35_1_0_20170117022414604.jpg,train
32,2,32_0_2_20170116193536503.jpg,train
31,1,31_0_1_20170116142922375.jpg,train
66,0,66_1_0_20170110141754767.jpg,train
13,0,13_0_0_20170104011725761.jpg,train
28,1,28_1_1_20170112213623429.jpg,train
25,2,25_1_2_20170116175319780.jpg,train
26,0,26_1_0_20170103182456297.jpg,train
1,0,1_1_0_20170109190538300.jpg,train
24,4,24_0_4_20170117145341818.jpg,train
23,0,23_0_0_20170117194151965.jpg,train
17,0,17_1_0_20170109204406514.jpg,train
37,0,37_0_0_20170117140720825.jpg,train
60,0,60_1_0_20170120222309441.jpg,train
59,0,59_0_0_20170116215844539.jpg,train
35,1,35_1_1_20170117123859839.jpg,train
22,1,22_0_1_20170117020724763.jpg,train
28,3,28_1_3_20170119195104970.jpg,train
38,2,38_1_2_20170113190418047.jpg,train
1,0,1_1_0_20170109194219940.jpg,train
28,3,28_0_3_20170104220237582.jpg,train
25,4,25_1_4_20161223214751864.jpg,train
38,1,38_1_1_20170113003456314.jpg,train
9,0,9_0_0_20170110224610119.jpg,train
28,1,28_1_1_20170116000515902.jpg,train
26,1,26_1_1_20170116024021365.jpg,train
26,0,26_1_0_20170117001335885.jpg,train
6,0,6_1_0_20170109204905156.jpg,train
23,3,23_0_3_20170119164051638.jpg,train
27,1,27_1_1_20170113002029522.jpg,train
7,0,7_0_0_20170110225109143.jpg,train
26,3,26_1_3_20170104232131633.jpg,train
43,0,43_1_0_20170109141845861.jpg,train
14,0,14_1_0_20170109204158115.jpg,train
18,0,18_1_0_20170109212906609.jpg,train
26,0,26_1_0_20170116153206969.jpg,train
32,1,32_1_1_20170113002108866.jpg,train
24,0,24_0_0_20170117145820962.jpg,train
49,0,49_1_0_20170111182452938.jpg,train
32,2,32_1_2_20170116174801584.jpg,train
23,3,23_1_3_20170104222308327.jpg,train
45,0,45_0_0_20170104181613885.jpg,train
2,2,2_0_2_20161219161734262.jpg,train
26,0,26_0_0_20170113135244994.jpg,train
45,0,45_0_0_20170117203724896.jpg,train
85,0,85_1_0_20170110183057797.jpg,train
5,0,5_1_0_20170109193702627.jpg,train
33,0,33_0_0_20170104192751495.jpg,train
56,1,56_1_1_20170110153706986.jpg,train
8,0,8_1_0_20170109204450889.jpg,train
5,0,5_1_0_20170109193552396.jpg,train
22,0,22_0_0_20170117193856707.jpg,train
24,1,24_1_1_20170115235754853.jpg,train
30,2,30_1_2_20170116161408096.jpg,train
26,1,26_1_1_20170116223036741.jpg,train
1,0,1_1_0_20161219221246503.jpg,train
24,3,24_1_3_20170104234822506.jpg,train
42,1,42_1_1_20170113182842126.jpg,train
25,0,25_0_0_20170117142023338.jpg,train
2,3,2_0_3_20161219230614992.jpg,train
25,1,25_0_1_20170116220224657.jpg,train
1,3,1_0_3_20161219230320824.jpg,train
3,0,3_1_0_20170109194250272.jpg,train
66,0,66_1_0_20170110140430277.jpg,train
32,0,32_1_0_20170103183219410.jpg,train
53,3,53_0_3_20170104220848558.jpg,train
25,0,25_1_0_20170117135211463.jpg,train
28,0,28_1_0_20170119194946890.jpg,train
26,3,26_0_3_20170117153104987.jpg,train
26,1,26_1_1_20170112224805692.jpg,train
27,1,27_0_1_20170113142300658.jpg,train
1,0,1_0_0_20170110205409644.jpg,train
40,0,40_1_0_20170116224841122.jpg,train
15,0,15_0_0_20170103200828591.jpg,train
27,1,27_0_1_20170113155149675.jpg,train
72,0,72_1_0_20170110161254894.jpg,train
38,1,38_1_1_20170116154709016.jpg,train
45,3,45_0_3_20170119201309141.jpg,train
9,0,9_0_0_20170110224819698.jpg,train
24,3,24_1_3_20170117164656711.jpg,train
40,0,40_0_0_20170117130718950.jpg,train
1,2,1_0_2_20161219153209772.jpg,train
29,2,29_1_2_20170107213800190.jpg,train
40,1,40_0_1_20170113151525270.jpg,train
30,0,30_1_0_20170109012211696.jpg,train
63,0,63_0_0_20170117195107740.jpg,train
40,0,40_1_0_20170116232924702.jpg,train
35,1,35_1_1_20170115235922203.jpg,train
36,3,36_1_3_20161220221952627.jpg,train
54,0,54_0_0_20170104212610221.jpg,train
62,0,62_0_0_20170111210530412.jpg,train
32,1,32_1_1_20170113012741371.jpg,train
38,1,38_1_1_20170112231350830.jpg,train
34,1,34_1_1_20170116224143264.jpg,train
1,4,1_0_4_20161221192550798.jpg,train
14,0,14_1_0_20170103163023120.jpg,train
22,0,22_1_0_20170111182452750.jpg,train
78,0,78_0_0_20170111204704023.jpg,train
26,0,26_1_0_20170103180235712.jpg,train
26,0,26_1_0_20170116184824361.jpg,train
26,0,26_1_0_20170116165702615.jpg,train
13,0,13_0_0_20170110225438328.jpg,train
22,3,22_0_3_20170119162917829.jpg,train
28,1,28_0_1_20170113134041024.jpg,train
26,3,26_1_3_20170104223003860.jpg,train
25,3,25_1_3_20170117152032667.jpg,train
70,0,70_0_0_20170104213624677.jpg,train
18,0,18_0_0_20170117140126568.jpg,train
2,0,2_1_0_20161219162255926.jpg,train
26,3,26_1_3_20170104223140343.jpg,train
27,1,27_0_1_20170117010109482.jpg,train
26,3,26_0_3_20170119180750411.jpg,train
35,3,35_1_3_20170112211501949.jpg,train
54,0,54_1_0_20170117191238426.jpg,train
36,0,36_0_0_20170117135801612.jpg,train
24,1,24_0_1_20170116010734667.jpg,train
18,0,18_0_0_20170117133102084.jpg,train
32,1,32_0_1_20170113135916978.jpg,train
12,0,12_1_0_20170109204428993.jpg,train
13,0,13_0_0_20170110232526929.jpg,train
1,2,1_1_2_20161219205514837.jpg,train
22,3,22_1_3_20170104222126558.jpg,train
21,3,21_1_3_20170109132139583.jpg,train
53,0,53_0_0_20170113184718824.jpg,train
63,0,63_0_0_20170120223104851.jpg,train
22,3,22_1_3_20170119163026429.jpg,train
26,0,26_0_0_20170117195446239.jpg,train
25,0,25_1_0_20170117143916425.jpg,train
14,0,14_1_0_20170109212753539.jpg,train
26,3,26_1_3_20170119192916618.jpg,train
21,3,21_0_3_20161220221819298.jpg,train
26,1,26_0_1_20170114031743417.jpg,train
9,0,9_0_0_20170110220130810.jpg,train
35,1,35_0_1_20170117183513718.jpg,train
11,0,11_1_0_20170109203353740.jpg,train
22,0,22_1_0_20161219200404292.jpg,train
1,0,1_1_0_20170109190852630.jpg,train
26,0,26_0_0_20170117000343982.jpg,train
37,0,37_0_0_20170108235752354.jpg,train
35,0,35_0_0_20170117170757093.jpg,train
29,1,29_1_1_20170116021333343.jpg,train
42,0,42_0_0_20170113183421343.jpg,train
1,1,1_0_1_20170112211228948.jpg,train
26,3,26_0_3_20170119192319953.jpg,train
26,1,26_1_1_20170113134115794.jpg,train
16,1,16_1_1_20170112191148791.jpg,train
35,0,35_1_0_20170113001639849.jpg,train
29,1,29_0_1_20170117094757940.jpg,train
85,0,85_0_0_20170111210013098.jpg,train
33,0,33_1_0_20170105183847334.jpg,train
1,3,1_1_3_20161220220119985.jpg,train
25,1,25_0_1_20170113151354352.jpg,train
28,1,28_1_1_20170112234742977.jpg,train
35,0,35_0_0_20170117172025987.jpg,train
45,1,45_0_1_20170117140619918.jpg,train
28,0,28_0_0_20170120133901719.jpg,train
24,1,24_0_1_20170116003017226.jpg,train
30,1,30_1_1_20170117133823487.jpg,train
38,1,38_1_1_20170116165617759.jpg,train
36,3,36_0_3_20170119201833789.jpg,train
26,4,26_0_4_20170120140013888.jpg,train
35,2,35_1_2_20170116191840543.jpg,train
1,2,1_0_2_20161219203236876.jpg,train
50,0,50_0_0_20170113184526311.jpg,train
25,4,25_1_4_20161223230018963.jpg,train
30,0,30_0_0_20170117190440778.jpg,train
9,0,9_0_0_20170110221716630.jpg,train
1,2,1_1_2_20161219211316389.jpg,train
29,0,29_0_0_20170102233617277.jpg,train
28,0,28_0_0_20170117120854505.jpg,train
26,0,26_1_0_20170103181940954.jpg,train
80,0,80_0_0_20170120223453237.jpg,train
34,1,34_0_1_20170116003530809.jpg,train
57,0,57_1_0_20170104205902805.jpg,train
61,0,61_0_0_20170117192042278.jpg,train
27,0,27_0_0_20170117175400993.jpg,train
10,0,10_0_0_20170110224255796.jpg,train
30,0,30_1_0_20170116191956794.jpg,train
1,2,1_1_2_20161219195928428.jpg,train
52,0,52_1_0_20170103163702176.jpg,train
22,0,22_0_0_20170103180152583.jpg,train
30,2,30_1_2_20170117131105589.jpg,train
27,2,27_1_2_20170104020735627.jpg,train
65,0,65_1_0_20170117171643563.jpg,train
36,3,36_0_3_20170119181438574.jpg,train
54,3,54_0_3_20170119210121447.jpg,train
52,0,52_0_0_20170116183903737.jpg,train
23,0,23_1_0_20170117144839499.jpg,train
26,4,26_1_4_20170117154327501.jpg,train
1,2,1_1_2_20161219154533821.jpg,train
78,0,78_0_0_20170111222508641.jpg,train
28,0,28_0_0_20170117191934140.jpg,train
32,0,32_1_0_20170104172950778.jpg,train
54,0,54_0_0_20170117184739996.jpg,train
26,0,26_0_0_20170113210127258.jpg,train
37,1,37_1_1_20170116152605949.jpg,train
15,0,15_1_0_20170103200925950.jpg,train
1,2,1_1_2_20161219201453804.jpg,train
49,0,49_1_0_20170110125307207.jpg,train
39,0,39_0_0_20170116224915569.jpg,train
36,1,36_0_1_20170113195937061.jpg,train
1,2,1_1_2_20161219200119571.jpg,train
46,1,46_0_1_20170113142208515.jpg,train
28,2,28_1_2_20170116162858818.jpg,train
34,0,34_0_0_20170119171632720.jpg,train
26,3,26_1_3_20170104215700398.jpg,train
11,0,11_1_0_20170109205013531.jpg,train
1,2,1_1_2_20161219220519457.jpg,train
30,1,30_0_1_20170117123910079.jpg,train
78,0,78_0_0_20170111222500159.jpg,train
1,3,1_0_3_20161220144657607.jpg,train
34,0,34_1_0_20170117171706314.jpg,train
26,4,26_1_4_20170117202038959.jpg,train
35,0,35_1_0_20170117185506936.jpg,train
31,1,31_0_1_20170113182315918.jpg,train
26,3,26_1_3_20170119180544051.jpg,train
24,2,24_0_2_20170116161813837.jpg,train
44,3,44_0_3_20170119200840702.jpg,train
29,2,29_1_2_20170104022649462.jpg,train
12,0,12_0_0_20170104013257914.jpg,train
41,0,41_0_0_20170117154650158.jpg,train
31,1,31_1_1_20170114031015215.jpg,train
46,0,46_1_0_20170109142329559.jpg,train
53,1,53_1_1_20170117175751930.jpg,train
52,0,52_1_0_20170117161058646.jpg,train
42,0,42_1_0_20170117154907268.jpg,train
26,0,26_1_0_20170116175417440.jpg,train
25,1,25_0_1_20170113133830608.jpg,train
32,2,32_0_2_20170116183717004.jpg,train
26,1,26_1_1_20170113000647442.jpg,train
42,1,42_0_1_20170113185220472.jpg,train
40,0,40_0_0_20170117203219447.jpg,train
42,1,42_0_1_20170113155055273.jpg,train
63,0,63_0_0_20170111195517664.jpg,train
30,1,30_0_1_20170116002938608.jpg,train
26,1,26_1_1_20170109134519311.jpg,train
28,3,28_0_3_20170119194935947.jpg,train
42,0,42_0_0_20170117135530023.jpg,train
34,1,34_0_1_20170117141530204.jpg,train
29,1,29_0_1_20170117184719100.jpg,train
36,3,36_0_3_20170117183310510.jpg,train
9,0,9_0_0_20170110220339426.jpg,train
60,0,60_0_0_20170117160020104.jpg,train
3,0,3_1_0_20161220221915922.jpg,train
21,3,21_1_3_20170104222046054.jpg,train
1,3,1_0_3_20161220144429119.jpg,train
22,2,22_1_2_20170116172713575.jpg,train
1,2,1_1_2_20161219212514021.jpg,train
26,2,26_1_2_20170116180541533.jpg,train
1,4,1_1_4_20161221201545377.jpg,train
26,2,26_1_2_20170116173312689.jpg,train
31,2,31_1_2_20170116170736523.jpg,train
29,1,29_1_1_20170112235125873.jpg,train
26,1,26_1_1_20170117091458401.jpg,train
18,0,18_1_0_20170117140340105.jpg,train
26,1,26_1_1_20170117200205236.jpg,train
70,0,70_0_0_20170104213700973.jpg,train
56,0,56_0_0_20170111194856535.jpg,train
35,0,35_0_0_20170116232953930.jpg,train
1,2,1_0_2_20161219152901372.jpg,train
38,1,38_0_1_20170113195941277.jpg,train
60,0,60_0_0_20170120222420751.jpg,train
22,2,22_1_2_20170116172619218.jpg,train
26,0,26_1_0_20170117200514416.jpg,train
23,3,23_1_3_20170119164546693.jpg,train
69,0,69_0_0_20170104184837071.jpg,train
4,3,4_1_3_20161219230102512.jpg,train
25,1,25_1_1_20170112205114916.jpg,train
50,0,50_1_0_20170111182452949.jpg,train
26,1,26_1_1_20170119175543626.jpg,train
12,0,12_0_0_20170109213205384.jpg,train
32,0,32_1_0_20170112204801955.jpg,train
66,0,66_1_0_20170110153031033.jpg,train
53,0,53_1_0_20170109220746274.jpg,train
24,2,24_1_2_20170116172642345.jpg,train
34,0,34_0_0_20170116192050166.jpg,train
9,0,9_0_0_20170110225407300.jpg,train
1,2,1_1_2_20161219211423014.jpg,train
35,1,35_0_1_20170116235207950.jpg,train
24,4,24_0_4_20170117145745635.jpg,train
26,3,26_0_3_20170119160406155.jpg,train
61,3,61_0_3_20170109131758363.jpg,train
61,0,61_0_0_20170111171747571.jpg,train
16,0,16_1_0_20170104012420681.jpg,train
1,2,1_0_2_20161219141226856.jpg,train
24,4,24_1_4_20170117150628875.jpg,train
26,0,26_0_0_20170116233047853.jpg,train
27,1,27_1_1_20170117013846300.jpg,train
31,1,31_0_1_20170114032310376.jpg,train
26,0,26_1_0_20170119211348122.jpg,train
36,1,36_0_1_20170113152022544.jpg,train
60,0,60_0_0_20170113210127405.jpg,train
23,2,23_1_2_20170116173014665.jpg,train
55,0,55_0_0_20170104184424541.jpg,train
34,1,34_0_1_20170113135659457.jpg,train
27,3,27_1_3_20170119194359962.jpg,train
24,0,24_1_0_20170105162704533.jpg,train
73,0,73_1_0_20170110140417960.jpg,train
32,2,32_0_2_20170116163452816.jpg,train
1,0,1_0_0_20161219204512212.jpg,train
34,1,34_0_1_20170116194219198.jpg,train
63,0,63_0_0_20170117195022504.jpg,train
30,4,30_0_4_20170103235622469.jpg,train
1,2,1_0_2_20161219141908313.jpg,train
1,3,1_0_3_20161219224653256.jpg,train
28,1,28_0_1_20170116214405900.jpg,train
34,1,34_1_1_20170116225221273.jpg,train
68,0,68_1_0_20170110141522160.jpg,train
28,3,28_1_3_20170119195103765.jpg,train
28,3,28_0_3_20170119194453659.jpg,train
32,0,32_0_0_20170120220858579.jpg,train
12,0,12_1_0_20170109212505669.jpg,train
38,3,38_0_3_20170117162532923.jpg,train
24,1,24_1_1_20170113011232616.jpg,train
55,3,55_1_3_20170109150632123.jpg,train
1,2,1_0_2_20161219222755031.jpg,train
26,1,26_1_1_20170112235952009.jpg,train
25,0,25_0_0_20170113181537380.jpg,train
35,0,35_0_0_20170117175619787.jpg,train
35,1,35_0_1_20170113184041966.jpg,train
60,0,60_0_0_20170111201620287.jpg,train
1,0,1_1_0_20170109190457644.jpg,train
14,0,14_0_0_20170103200615511.jpg,train
3,2,3_1_2_20161219141251896.jpg,train
35,0,35_0_0_20170117144017811.jpg,train
32,1,32_0_1_20170117134722884.jpg,train
26,1,26_1_1_20170117003333387.jpg,train
24,3,24_1_3_20170116220311270.jpg,train
53,0,53_1_0_20170120223207284.jpg,train
70,0,70_0_0_20170117173907575.jpg,train
24,4,24_1_4_20170117194809365.jpg,train
65,0,65_0_0_20170117161049678.jpg,train
51,1,51_0_1_20170117141120750.jpg,train
53,0,53_1_0_20170110144754148.jpg,train
30,0,30_0_0_20170117140513184.jpg,train
37,0,37_0_0_20170117135950641.jpg,train
32,1,32_1_1_20170113001227602.jpg,train
26,3,26_1_3_20170119193137914.jpg,train
30,1,30_1_1_20170117154805220.jpg,train
25,1,25_0_1_20170116002246923.jpg,train
7,0,7_0_0_20170110220439570.jpg,train
26,1,26_0_1_20170113134328745.jpg,train
50,0,50_0_0_20170113185024040.jpg,train
35,0,35_0_0_20170120222700840.jpg,train
26,3,26_0_3_20170119180442156.jpg,train
54,0,54_0_0_20170109012848473.jpg,train
40,0,40_1_0_20170117154646262.jpg,train
23,1,23_1_1_20170113010455151.jpg,train
52,0,52_0_0_20170105173215909.jpg,train
15,0,15_1_0_20170109204314585.jpg,train
32,2,32_0_2_20170117133720063.jpg,train
30,0,30_1_0_20170117181400610.jpg,train
2,0,2_1_0_20170109191520985.jpg,train
90,0,90_0_0_20170111222243901.jpg,train
26,0,26_1_0_20170117153717556.jpg,train
26,4,26_1_4_20170117154442702.jpg,train
31,1,31_0_1_20170113175408636.jpg,train
31,0,31_1_0_20170104181343268.jpg,train
2,2,2_1_2_20161219155720461.jpg,train
23,0,23_1_0_20170112234315344.jpg,train
39,0,39_1_0_20170117185231233.jpg,train
27,3,27_1_3_20170117180001178.jpg,train
32,0,32_0_0_20170117133448148.jpg,train
25,0,25_1_0_20170117123818139.jpg,train
23,4,23_1_4_20170103233619053.jpg,train
26,1,26_1_1_20170112213253821.jpg,train
59,0,59_1_0_20170105171834484.jpg,train
40,0,40_0_0_20170104204933500.jpg,train
62,0,62_1_0_20170110122436007.jpg,train
34,1,34_0_1_20170117182640204.jpg,train
50,0,50_0_0_20170117190140770.jpg,train
27,0,27_0_0_20170116204126806.jpg,train
32,0,32_0_0_20170103182544874.jpg,train
15,0,15_1_0_20170109203912357.jpg,train
21,0,21_1_0_20170109214656355.jpg,train
8,0,8_1_0_20170109203701788.jpg,train
25,3,25_1_3_20170104231305129.jpg,train
26,1,26_0_1_20170116142927380.jpg,train
42,0,42_0_0_20170109004710455.jpg,train
35,4,35_1_4_20170117193701109.jpg,train
26,1,26_0_1_20170113152741498.jpg,train
1,3,1_1_3_20161220221547970.jpg,train
26,3,26_1_3_20170117174605432.jpg,train
5,0,5_1_0_20170109192447108.jpg,train
18,0,18_1_0_20170117140252214.jpg,train
2,4,2_1_4_20170103212142324.jpg,train
24,3,24_0_3_20170119152239904.jpg,train
4,3,4_1_3_20161220220859874.jpg,train
31,1,31_0_1_20170117021841979.jpg,train
25,0,25_0_0_20170117134007900.jpg,train
1,2,1_1_2_20161219204523605.jpg,train
29,1,29_1_1_20170103183648691.jpg,train
30,1,30_1_1_20170110120856819.jpg,train
25,0,25_0_0_20170116213510820.jpg,train
26,3,26_0_3_20170119191956113.jpg,train
48,0,48_0_0_20170117174428789.jpg,train
3,0,3_1_0_20170109191419044.jpg,train
32,1,32_1_1_20170113000704411.jpg,train
25,3,25_0_3_20170104214610101.jpg,train
28,2,28_1_2_20170116171528109.jpg,train
24,2,24_1_2_20170116173405460.jpg,train
32,1,32_1_1_20170116153759560.jpg,train
32,1,32_0_1_20170117021627922.jpg,train
85,0,85_0_0_20170117175305485.jpg,train
40,1,40_0_1_20170117182715021.jpg,train
26,0,26_0_0_20170117171708077.jpg,train
26,3,26_0_3_20170104214719799.jpg,train
16,0,16_0_0_20170110231916206.jpg,train
39,1,39_1_1_20170116012217327.jpg,train
47,0,47_0_0_20170103183442514.jpg,train
56,0,56_1_0_20170120222048719.jpg,train
49,0,49_1_0_20170103181021153.jpg,train
34,3,34_0_3_20170119200807500.jpg,train
36,0,36_0_0_20170117163349597.jpg,train
9,0,9_0_0_20170110220449969.jpg,train
35,0,35_0_0_20170117184839855.jpg,train
26,1,26_0_1_20170113135255058.jpg,train
50,0,50_1_0_20170104185100237.jpg,train
26,2,26_1_2_20170116180538949.jpg,train
14,0,14_1_0_20170109214501715.jpg,train
29,0,29_1_0_20170119164401126.jpg,train
3,2,3_1_2_20161219190344451.jpg,train
26,3,26_1_3_20170117174330285.jpg,train
26,1,26_1_1_20170116232156210.jpg,train
25,0,25_0_0_20170117151532082.jpg,train
68,0,68_0_0_20170117172618723.jpg,train
2,0,2_1_0_20170109191543990.jpg,train
58,0,58_0_0_20170111195305743.jpg,train
26,1,26_0_1_20170117091506354.jpg,train
15,0,15_1_0_20170109214412116.jpg,train
30,1,30_1_1_20170117133936142.jpg,train
25,3,25_1_3_20170117143802585.jpg,train
27,1,27_0_1_20170116220626107.jpg,train
28,1,28_0_1_20170116152956497.jpg,train
31,2,31_1_2_20170109141257277.jpg,train
34,3,34_1_3_20170119152405425.jpg,train
26,3,26_0_3_20170119180844118.jpg,train
26,0,26_1_0_20170119180130438.jpg,train
36,1,36_1_1_20170117135855155.jpg,train
1,3,1_1_3_20161219225050632.jpg,train
28,0,28_0_0_20170116192500842.jpg,train
15,0,15_1_0_20170104013549874.jpg,train
90,0,90_0_0_20170111211345356.jpg,train
36,0,36_1_0_20170120140736273.jpg,train
25,2,25_1_2_20170116174820922.jpg,train
36,0,36_0_0_20170105172613829.jpg,train
36,1,36_0_1_20170113174252891.jpg,train
40,3,40_1_3_20170119165539693.jpg,train
40,0,40_1_0_20170117174656768.jpg,train
32,1,32_1_1_20170117140852897.jpg,train
36,1,36_0_1_20170117163205356.jpg,train
29,2,29_0_2_20170116172141170.jpg,train
1,3,1_0_3_20161220221616882.jpg,train
2,2,2_0_2_20161219212013262.jpg,train
26,3,26_1_3_20170119193113828.jpg,train
60,0,60_0_0_20170111171747553.jpg,train
32,0,32_1_0_20170117121846946.jpg,train
29,0,29_1_0_20170117153920514.jpg,train
27,1,27_1_1_20170117013958462.jpg,train
55,0,55_0_0_20170104205336259.jpg,train
2,2,2_0_2_20161219151454787.jpg,train
28,0,28_0_0_20170117184714695.jpg,train
26,3,26_1_3_20170119193125362.jpg,train
58,1,58_0_1_20170117192230322.jpg,train
28,2,28_1_2_20170116164716297.jpg,train
23,4,23_0_4_20170103234915411.jpg,train
25,3,25_1_3_20170119171920688.jpg,train
21,1,21_1_1_20170113005728276.jpg,train
2,2,2_1_2_20161219205258285.jpg,train
28,3,28_1_3_20170119195104372.jpg,train
2,3,2_0_3_20161219225314616.jpg,train
24,0,24_1_0_20170116220453857.jpg,train
24,1,24_1_1_20170112193108564.jpg,train
28,3,28_1_3_20170119204506255.jpg,train
35,3,35_0_3_20170117182830027.jpg,train
53,0,53_1_0_20170110123801468.jpg,train
50,3,50_0_3_20170119205603287.jpg,train
28,1,28_1_1_20170112204756098.jpg,train
23,1,23_1_1_20170117175829359.jpg,train
26,2,26_0_2_20170116181354956.jpg,train
31,3,31_1_3_20170117170731113.jpg,train
23,3,23_1_3_20170119164536502.jpg,train
26,0,26_1_0_20170117003245354.jpg,train
24,2,24_1_2_20170112204741443.jpg,train
35,2,35_1_2_20170103182708145.jpg,train
28,2,28_0_2_20170116191850216.jpg,train
29,1,29_0_1_20170113134817225.jpg,train
72,0,72_0_0_20170111222538530.jpg,train
55,0,55_0_0_20170117185733289.jpg,train
54,0,54_0_0_20170117190358866.jpg,train
35,1,35_0_1_20170117020842523.jpg,train
60,3,60_0_3_20170119205210630.jpg,train
25,0,25_0_0_20170114025954319.jpg,train
16,0,16_1_0_20170103201347823.jpg,train
13,0,13_1_0_20170120133325603.jpg,train
56,0,56_0_0_20170120225933785.jpg,train
25,1,25_0_1_20170117195050698.jpg,train
30,2,30_1_2_20170116165039591.jpg,train
34,1,34_0_1_20170117014054215.jpg,train
24,2,24_1_2_20170116165619547.jpg,train
30,3,30_1_3_20170117181355132.jpg,train
23,2,23_1_2_20170116173253789.jpg,train
36,0,36_0_0_20170116225145916.jpg,train
27,1,27_1_1_20170112213535591.jpg,train
30,0,30_1_0_20170117171606522.jpg,train
26,3,26_1_3_20170119150754793.jpg,train
24,1,24_0_1_20170117010800698.jpg,train
26,4,26_0_4_20170116182250630.jpg,train
3,2,3_1_2_20161219211558470.jpg,train
85,0,85_1_0_20170110183746742.jpg,train
22,1,22_1_1_20170105002015683.jpg,train
1,3,1_0_3_20161220144712431.jpg,train
14,0,14_0_0_20170116222402683.jpg,train
26,3,26_1_3_20170117153633221.jpg,train
22,0,22_0_0_20170117171740692.jpg,train
18,3,18_0_3_20170119144144877.jpg,train
1,0,1_1_0_20170109191021631.jpg,train
26,3,26_1_3_20170119193045378.jpg,train
24,2,24_1_2_20170116173507147.jpg,train
55,0,55_0_0_20170120222234390.jpg,train
35,3,35_0_3_20170119201449076.jpg,train
30,3,30_1_3_20170117191057107.jpg,train
38,1,38_0_1_20170113174041634.jpg,train
31,3,31_0_3_20170104230731169.jpg,train
54,0,54_0_0_20170111210429835.jpg,train
26,3,26_0_3_20170104214448709.jpg,train
70,0,70_0_0_20170117175207508.jpg,train
29,0,29_1_0_20170117130626511.jpg,train
28,4,28_0_4_20170117202457142.jpg,train
35,0,35_0_0_20170120220510131.jpg,train
21,2,21_1_2_20170103201800511.jpg,train
32,0,32_1_0_20170117203611944.jpg,train
26,4,26_1_4_20170117154124606.jpg,train
58,0,58_0_0_20170117193250787.jpg,train
1,2,1_1_2_20161219200539420.jpg,train
27,1,27_0_1_20170117013622859.jpg,train
80,0,80_1_0_20170110140819226.jpg,train
26,1,26_1_1_20170116232409291.jpg,train
50,1,50_0_1_20170117154528349.jpg,train
25,0,25_1_0_20170111182452788.jpg,train
26,0,26_0_0_20170116204100913.jpg,train
68,0,68_0_0_20170105173736735.jpg,train
75,0,75_1_0_20170110180500719.jpg,train
1,3,1_1_3_20161219224753152.jpg,train
21,0,21_0_0_20170110232137372.jpg,train
47,0,47_0_0_20170111181750437.jpg,train
60,0,60_0_0_20170117135052544.jpg,train
31,1,31_1_1_20170113002013869.jpg,train
30,2,30_0_2_20170116193710051.jpg,train
34,0,34_0_0_20170117134918378.jpg,train
1,3,1_0_3_20161219225846512.jpg,train
29,2,29_1_2_20170116223039250.jpg,train
24,1,24_1_1_20170112233340647.jpg,train
43,0,43_1_0_20170117155110305.jpg,train
26,1,26_1_1_20170116155754189.jpg,train
32,1,32_0_1_20170113172916939.jpg,train
24,0,24_1_0_20170116222626783.jpg,train
20,3,20_0_3_20170119151327694.jpg,train
1,2,1_0_2_20161219195848259.jpg,train
26,2,26_0_2_20170116181259501.jpg,train
65,1,65_1_1_20170120222613985.jpg,train
30,0,30_1_0_20170117131055904.jpg,train
10,0,10_0_0_20170120220628194.jpg,train
26,1,26_1_1_20170116231446642.jpg,train
29,1,29_0_1_20170117103809403.jpg,train
33,3,33_1_3_20170119200543308.jpg,train
26,2,26_0_2_20170116161324238.jpg,train
31,3,31_0_3_20170104220255896.jpg,train
57,0,57_0_0_20170111201356375.jpg,train
29,0,29_1_0_20170117184636364.jpg,train
51,0,51_1_0_20170117173726343.jpg,train
28,2,28_0_2_20170116192951554.jpg,train
29,2,29_1_2_20170109005533803.jpg,train
28,3,28_1_3_20170119195054803.jpg,train
37,0,37_0_0_20170116183826361.jpg,train
58,3,58_0_3_20170119211546505.jpg,train
20,0,20_0_0_20170110232156775.jpg,train
22,2,22_1_2_20170104021310052.jpg,train
26,1,26_1_1_20170112213032340.jpg,train
26,0,26_1_0_20170117174536175.jpg,train
47,3,47_0_3_20170117020747617.jpg,train
25,3,25_1_3_20170119155132282.jpg,train
30,0,30_1_0_20170109001620649.jpg,train
24,3,24_1_3_20170119171023503.jpg,train
2,4,2_0_4_20170103210125060.jpg,train
60,3,60_0_3_20170104220126534.jpg,train
37,3,37_0_3_20170117183448630.jpg,train
18,0,18_1_0_20170109213011914.jpg,train
1,4,1_0_4_20161221202558993.jpg,train
14,0,14_1_0_20170104005158239.jpg,train
20,1,20_0_1_20170117184658976.jpg,train
60,0,60_0_0_20170116224754077.jpg,train
67,0,67_0_0_20170120224822464.jpg,train
28,2,28_1_2_20170116162607800.jpg,train
60,0,60_1_0_20170110143543095.jpg,train
26,2,26_1_2_20170116180014046.jpg,train
25,3,25_0_3_20170104220223342.jpg,train
42,0,42_0_0_20170117154809285.jpg,train
2,2,2_1_2_20161219211133165.jpg,train
28,3,28_0_3_20170119194622939.jpg,train
1,0,1_1_0_20170109193120893.jpg,train
17,0,17_1_0_20170109201930035.jpg,train
35,3,35_0_3_20170119211339158.jpg,train
31,1,31_1_1_20170117171933533.jpg,train
2,4,2_1_4_20161221195838329.jpg,train
32,3,32_1_3_20170109141308065.jpg,train
1,2,1_1_2_20161219155927997.jpg,train
66,0,66_1_0_20170117091537933.jpg,train
26,2,26_0_2_20170116181222639.jpg,train
26,1,26_1_1_20170113011707503.jpg,train
22,0,22_0_0_20170105161701210.jpg,train
30,0,30_0_0_20170117125951293.jpg,train
29,0,29_1_0_20170117130627761.jpg,train
25,0,25_1_0_20170117134403373.jpg,train
44,0,44_1_0_20170104235328961.jpg,train
28,1,28_1_1_20170112204819027.jpg,train
28,1,28_1_1_20170116225303264.jpg,train
30,0,30_0_0_20170117151438712.jpg,train
26,4,26_0_4_20170105163503003.jpg,train
1,2,1_1_2_20161219210324181.jpg,train
61,0,61_0_0_20170120225135009.jpg,train
14,0,14_1_0_20170109205344937.jpg,train
17,0,17_1_0_20170109201558943.jpg,train
29,1,29_1_1_20170117132637271.jpg,train
26,0,26_1_0_20170117174547382.jpg,train
26,3,26_0_3_20170119180948868.jpg,train
28,0,28_1_0_20170117180322086.jpg,train
26,3,26_1_3_20170119193113194.jpg,train
56,0,56_1_0_20170109141253341.jpg,train
10,0,10_0_0_20170116201337172.jpg,train
28,1,28_1_1_20170116171225686.jpg,train
85,0,85_1_0_20170110183603006.jpg,train
16,0,16_0_0_20170103201044224.jpg,train
54,0,54_1_0_20170117191534338.jpg,train
26,0,26_0_0_20170113210126964.jpg,train
21,4,21_1_4_20170103233920299.jpg,train
12,0,12_1_0_20170109204241570.jpg,train
29,2,29_1_2_20170116175313289.jpg,train
16,0,16_0_0_20170102234641453.jpg,train
40,1,40_1_1_20170113000204402.jpg,train
72,0,72_1_0_20170110180527464.jpg,train
1,0,1_1_0_20161219161646230.jpg,train
26,1,26_0_1_20170103180959080.jpg,train
28,1,28_1_1_20170113012508729.jpg,train
36,1,36_1_1_20170113010431887.jpg,train
40,1,40_1_1_20170116235434882.jpg,train
24,0,24_0_0_20170117150336900.jpg,train
25,1,25_1_1_20170117140352370.jpg,train
9,0,9_0_0_20170110223425782.jpg,train
70,0,70_1_0_20170120221601317.jpg,train
26,0,26_1_0_20170117175317465.jpg,train
55,3,55_0_3_20170119203918423.jpg,train
1,3,1_1_3_20161219224822176.jpg,train
43,0,43_0_0_20170119152313480.jpg,train
31,0,31_0_0_20170116191348943.jpg,train
27,2,27_1_2_20170116171613640.jpg,train
28,1,28_0_1_20170117020909688.jpg,train
25,2,25_1_2_20170116175249315.jpg,train
32,0,32_0_0_20170117130645242.jpg,train
26,1,26_1_1_20170116153853816.jpg,train
60,3,60_0_3_20170119211748888.jpg,train
29,4,29_0_4_20170117180914972.jpg,train
3,0,3_1_0_20170109192006973.jpg,train
17,0,17_0_0_20170110232216777.jpg,train
1,3,1_0_3_20161219225843128.jpg,train
85,0,85_1_0_20170110182128680.jpg,train
39,0,39_1_0_20170109141437262.jpg,train
35,0,35_0_0_20170117151444756.jpg,train
35,0,35_1_0_20170116201544674.jpg,train
11,0,11_1_0_20170109205441860.jpg,train
1,2,1_0_2_20161219202819916.jpg,train
34,0,34_0_0_20170116232927836.jpg,train
35,2,35_0_2_20170116182409965.jpg,train
29,3,29_1_3_20170104232640192.jpg,train
26,1,26_1_1_20170116221012056.jpg,train
26,1,26_0_1_20170116193015406.jpg,train
32,0,32_0_0_20170117140244970.jpg,train
21,1,21_1_1_20170112202846794.jpg,train
39,1,39_1_1_20170113011538935.jpg,train
26,0,26_0_0_20170116181255495.jpg,train
1,2,1_1_2_20161219160051941.jpg,train
1,4,1_0_4_20161221192604164.jpg,train
25,1,25_1_1_20170117125908204.jpg,train
30,2,30_0_2_20170116173546862.jpg,train
52,0,52_0_0_20170104212312373.jpg,train
24,2,24_1_2_20170116170732649.jpg,train
2,0,2_1_0_20170109191147581.jpg,train
32,1,32_1_1_20170112203815123.jpg,train
36,3,36_0_3_20170119201953309.jpg,train
5,2,5_0_2_20161219192452267.jpg,train
2,4,2_1_4_20161221192715844.jpg,train
49,0,49_1_0_20170104185051510.jpg,train
49,0,49_1_0_20170103181519681.jpg,train
40,2,40_0_2_20170117155231261.jpg,train
24,0,24_1_0_20170117194916850.jpg,train
2,2,2_0_2_20161219200442347.jpg,train
1,0,1_1_0_20170109190542206.jpg,train
26,3,26_0_3_20170117154554862.jpg,train
1,2,1_1_2_20161219221229279.jpg,train
25,0,25_0_0_20170116201855919.jpg,train
25,3,25_1_3_20170104232046530.jpg,train
36,0,36_0_0_20170113210318892.jpg,train
25,3,25_1_3_20170104222350215.jpg,train
27,2,27_0_2_20170119193326050.jpg,train
8,0,8_1_0_20170109204910999.jpg,train
56,1,56_0_1_20170111211502304.jpg,train
75,0,75_0_0_20170111210157776.jpg,train
1,2,1_0_2_20161219161944926.jpg,train
28,0,28_0_0_20170117202525511.jpg,train
13,0,13_1_0_20170104005742384.jpg,train
1,4,1_0_4_20170103210812538.jpg,train
36,0,36_1_0_20170117135851878.jpg,train
3,0,3_1_0_20170103212052443.jpg,train
20,0,20_1_0_20170117141338600.jpg,train
62,0,62_1_0_20170110160643766.jpg,train
35,2,35_1_2_20170116165645870.jpg,train
8,3,8_1_3_20161220220407073.jpg,train
30,2,30_0_2_20170116193341533.jpg,train
1,1,1_0_1_20161219160115237.jpg,train
2,2,2_1_2_20161219151919100.jpg,train
24,1,24_1_1_20170114025128077.jpg,train
32,1,32_0_1_20170117121639290.jpg,train
9,0,9_0_0_20170110225018913.jpg,train
31,1,31_0_1_20170116002854242.jpg,train
42,0,42_0_0_20170117154804658.jpg,train
24,1,24_0_1_20170113132554696.jpg,train
2,2,2_1_2_20161219195825228.jpg,train
27,2,27_1_2_20170116172637915.jpg,train
26,0,26_0_0_20170113210605429.jpg,train
45,0,45_0_0_20170117192031378.jpg,train
35,3,35_1_3_20170117154130323.jpg,train
61,3,61_0_3_20170113185453489.jpg,train
26,0,26_0_0_20170117172630031.jpg,train
49,0,49_1_0_20170110141243521.jpg,train
35,1,35_0_1_20170117020905603.jpg,train
10,0,10_1_0_20161220222001459.jpg,train
36,0,36_1_0_20170116221129203.jpg,train
26,0,26_0_0_20170117173443951.jpg,train
36,0,36_0_0_20170117162925765.jpg,train
29,1,29_1_1_20170115235003672.jpg,train
54,3,54_0_3_20170119210217153.jpg,train
85,0,85_0_0_20170117174447526.jpg,train
6,0,6_1_0_20170109193652525.jpg,train
20,0,20_0_0_20170117134052589.jpg,train
58,0,58_1_0_20170110160643673.jpg,train
2,2,2_0_2_20161219190245843.jpg,train
24,3,24_1_3_20170117150323460.jpg,train
24,2,24_1_2_20170116171548627.jpg,train
26,0,26_0_0_20170116233436547.jpg,train
1,2,1_0_2_20161219195311539.jpg,train
58,0,58_0_0_20170117164537154.jpg,train
26,3,26_1_3_20161220222108978.jpg,train
25,3,25_1_3_20170116200907622.jpg,train
20,0,20_1_0_20170105183447816.jpg,train
24,4,24_1_4_20170103223954911.jpg,train
32,3,32_0_3_20170119200348476.jpg,train
26,0,26_0_0_20170116224849492.jpg,train
26,1,26_1_1_20170117153740629.jpg,train
68,0,68_0_0_20170111205253736.jpg,train
29,1,29_0_1_20170116002244586.jpg,train
37,0,37_1_0_20170117172109990.jpg,train
65,0,65_0_0_20170111203730182.jpg,train
30,1,30_1_1_20170112215047361.jpg,train
32,0,32_1_0_20170104185215238.jpg,train
29,4,29_0_4_20170117202712541.jpg,train
55,3,55_0_3_20170119194918107.jpg,train
1,2,1_1_2_20161219220611473.jpg,train
26,2,26_0_2_20170116181353748.jpg,train
29,1,29_1_1_20170116162458302.jpg,train
25,0,25_1_0_20170103180657288.jpg,train
52,0,52_0_0_20170117161009270.jpg,train
24,2,24_1_2_20170116163638814.jpg,train
48,0,48_0_0_20170104184719245.jpg,train
28,3,28_0_3_20170119194909970.jpg,train
21,3,21_1_3_20170104232011770.jpg,train
1,2,1_1_2_20161219212714374.jpg,train
20,0,20_1_0_20170103175645974.jpg,train
28,2,28_0_2_20170117020805001.jpg,train
28,1,28_1_1_20170116021944520.jpg,train
58,0,58_0_0_20170104183336630.jpg,train
42,1,42_1_1_20170112234656696.jpg,train
26,4,26_1_4_20170117174256614.jpg,train
13,0,13_1_0_20170109204923296.jpg,train
54,0,54_0_0_20170120223421389.jpg,train
35,3,35_1_3_20170109135835957.jpg,train
55,0,55_0_0_20170120140655585.jpg,train
30,0,30_1_0_20170109012829305.jpg,train
26,3,26_1_3_20170119180539188.jpg,train
27,0,27_1_0_20170117202246110.jpg,train
24,4,24_1_4_20170116222729168.jpg,train
40,1,40_1_1_20170113012814600.jpg,train
50,0,50_0_0_20170120220738491.jpg,train
50,3,50_0_3_20170119203956223.jpg,train
1,2,1_0_2_20161219221845695.jpg,train
26,0,26_0_0_20170113135336472.jpg,train
34,1,34_0_1_20170113175238308.jpg,train
28,0,28_0_0_20170113210126785.jpg,train
1,1,1_1_1_20161219205055053.jpg,train
45,0,45_1_0_20170104205614347.jpg,train
9,0,9_0_0_20170110225111291.jpg,train
3,0,3_1_0_20170109194109844.jpg,train
18,0,18_1_0_20170109214749825.jpg,train
35,3,35_0_3_20170117171648788.jpg,train
16,0,16_1_0_20170109214444528.jpg,train
38,2,38_1_2_20170108224407554.jpg,train
26,1,26_0_1_20170117200010732.jpg,train
34,3,34_0_3_20170119183347270.jpg,train
31,1,31_0_1_20170116214505667.jpg,train
58,0,58_0_0_20170120224650587.jpg,train
35,2,35_0_2_20170116191717131.jpg,train
10,0,10_0_0_20170117135444407.jpg,train
26,3,26_1_3_20170119193143376.jpg,train
18,3,18_1_3_20170109213106901.jpg,train
37,1,37_1_1_20170112215450519.jpg,train
38,1,38_1_1_20170116160457906.jpg,train
27,0,27_0_0_20170117175349504.jpg,train
57,0,57_0_0_20170111201514151.jpg,train
25,3,25_1_3_20170119172053938.jpg,train
24,2,24_0_2_20170119165700590.jpg,train
65,0,65_0_0_20170111195430569.jpg,train
28,0,28_0_0_20170117021206167.jpg,train
54,0,54_0_0_20170104184945414.jpg,train
24,4,24_1_4_20170117194852596.jpg,train
23,4,23_1_4_20170103233611875.jpg,train
38,0,38_1_0_20170103182017326.jpg,train
30,0,30_1_0_20170116220947988.jpg,train
15,0,15_0_0_20170110232306381.jpg,train
44,0,44_0_0_20170105172858549.jpg,train
35,1,35_0_1_20170117091619928.jpg,train
39,0,39_0_0_20170104180001436.jpg,train
26,3,26_1_3_20170117174603671.jpg,train
26,0,26_1_0_20170117144831027.jpg,train
68,0,68_0_0_20170111171747655.jpg,train
24,0,24_1_0_20170116214235749.jpg,train
26,1,26_0_1_20170116183514931.jpg,train
35,0,35_0_0_20170117145704297.jpg,train
16,0,16_0_0_20170110225708208.jpg,train
35,3,35_0_3_20170117154729846.jpg,train
24,3,24_1_3_20170104222408639.jpg,train
26,2,26_0_2_20170116210411437.jpg,train
28,1,28_0_1_20170117202354238.jpg,train
29,0,29_0_0_20170114033106398.jpg,train
32,1,32_1_1_20170116234627342.jpg,train
32,0,32_1_0_20170112235000656.jpg,train
3,0,3_1_0_20170109192746527.jpg,train
52,0,52_0_0_20170111202028479.jpg,train
30,2,30_1_2_20170116201615061.jpg,train
14,0,14_0_0_20170110232745742.jpg,train
35,0,35_0_0_20170117182859549.jpg,train
38,0,38_1_0_20170105170148788.jpg,train
61,0,61_0_0_20170117193447568.jpg,train
54,0,54_0_0_20170117171636100.jpg,train
35,3,35_0_3_20170119144837604.jpg,train
8,0,8_1_0_20170117154607954.jpg,train
30,0,30_1_0_20170117140117810.jpg,train
31,1,31_1_1_20170117105607322.jpg,train
25,0,25_0_0_20170117195027938.jpg,train
36,0,36_0_0_20170119201622028.jpg,train
24,2,24_1_2_20170116163702026.jpg,train
26,2,26_1_2_20170116163558042.jpg,train
30,2,30_1_2_20170116171019788.jpg,train
23,0,23_0_0_20170116221722978.jpg,train
1,2,1_0_2_20161219211231133.jpg,train
66,0,66_0_0_20170120225927930.jpg,train
26,1,26_1_1_20170116153243210.jpg,train
35,0,35_0_0_20170104201328371.jpg,train
22,3,22_1_3_20170104232454786.jpg,train
60,0,60_1_0_20170110152900163.jpg,train
28,1,28_1_1_20170112202844634.jpg,train
13,0,13_0_0_20170110224328242.jpg,train
43,0,43_1_0_20170120222412663.jpg,train
25,0,25_1_0_20170105183634552.jpg,train
56,0,56_1_0_20170110160643563.jpg,train
32,2,32_1_2_20170113002101524.jpg,train
42,0,42_1_0_20170109142131660.jpg,train
24,1,24_0_1_20170113151024815.jpg,train
58,0,58_0_0_20170120224706941.jpg,train
8,0,8_1_0_20170109204251231.jpg,train
57,0,57_0_0_20170111203811339.jpg,train
27,0,27_1_0_20170117144846034.jpg,train
23,2,23_1_2_20170116172848833.jpg,train
21,0,21_0_0_20170117142053066.jpg,train
29,1,29_0_1_20170117022120994.jpg,train
26,1,26_0_1_20170113151928393.jpg,train
26,4,26_1_4_20170117200301221.jpg,train
34,0,34_0_0_20170114031602748.jpg,train
2,2,2_1_2_20161219140853880.jpg,train
24,3,24_0_3_20170119165805454.jpg,train
54,3,54_0_3_20170119210208992.jpg,train
3,0,3_1_0_20170109190802410.jpg,train
1,2,1_0_2_20161219160450054.jpg,train
35,1,35_1_1_20170112205159460.jpg,train
58,0,58_1_0_20170117173717097.jpg,train
38,0,38_1_0_20170104002144725.jpg,train
31,0,31_0_0_20170117191642900.jpg,train
1,2,1_0_2_20161219203726676.jpg,train
26,0,26_1_0_20170103181948785.jpg,train
27,3,27_1_3_20170119153535105.jpg,train
55,0,55_0_0_20170112220524560.jpg,train
24,2,24_0_2_20170116161806363.jpg,train
25,4,25_1_4_20170103233749355.jpg,train
39,0,39_1_0_20170104235806251.jpg,train
25,0,25_1_0_20170103183722595.jpg,train
53,0,53_0_0_20170111200949284.jpg,train
26,0,26_0_0_20170116183026094.jpg,train
4,2,4_1_2_20161219190751754.jpg,train
32,2,32_0_2_20170104170708615.jpg,train
1,1,1_0_1_20170110213701704.jpg,train
66,0,66_0_0_20170104002319293.jpg,train
34,1,34_0_1_20170113155128778.jpg,train
51,0,51_1_0_20170110160643172.jpg,train
2,0,2_0_0_20170110213349752.jpg,train
35,4,35_0_4_20170117153235020.jpg,train
40,0,40_1_0_20170117121910432.jpg,train
23,1,23_1_1_20170112234052856.jpg,train
37,0,37_1_0_20170105172729613.jpg,train
32,0,32_1_0_20170117170718385.jpg,train
43,0,43_0_0_20170117185833850.jpg,train
8,0,8_0_0_20170103200436055.jpg,train
26,0,26_0_0_20170120134250839.jpg,train
41,0,41_1_0_20170103163256248.jpg,train
2,3,2_1_3_20161219225003319.jpg,train
26,0,26_0_0_20170113210319560.jpg,train
30,0,30_1_0_20170117152122396.jpg,train
2,2,2_1_2_20161219195040188.jpg,train
56,0,56_0_0_20170111171747466.jpg,train
26,2,26_0_2_20170116175845872.jpg,train
1,3,1_1_3_20161220220214417.jpg,train
12,0,12_0_0_20170110224804208.jpg,train
28,0,28_0_0_20170113132725104.jpg,train
26,3,26_0_3_20170119183830982.jpg,train
17,0,17_0_0_20170110231820806.jpg,train
50,0,50_0_0_20170120222743386.jpg,train
36,0,36_0_0_20170117135559253.jpg,train
5,0,5_0_0_20170110213200213.jpg,train
24,4,24_1_4_20170117194854468.jpg,train
25,0,25_0_0_20170117193028403.jpg,train
26,3,26_1_3_20170104232420017.jpg,train
25,1,25_1_1_20170112205043660.jpg,train
51,0,51_0_0_20170104211553436.jpg,train
26,4,26_0_4_20170104200600267.jpg,train
28,3,28_1_3_20170119195058029.jpg,train
49,0,49_0_0_20170104204827251.jpg,train
4,3,4_1_3_20161219224506577.jpg,train
28,3,28_0_3_20170119194807411.jpg,train
50,3,50_1_3_20170117143102562.jpg,train
70,0,70_0_0_20170117171117703.jpg,train
34,3,34_0_3_20170119200757565.jpg,train
34,3,34_0_3_20170119152328504.jpg,train
2,4,2_1_4_20170103210934483.jpg,train
80,0,80_0_0_20170111222225975.jpg,train
1,0,1_1_0_20161219161130446.jpg,train
29,0,29_0_0_20170117122015236.jpg,train
24,2,24_1_2_20170103235106308.jpg,train
47,0,47_0_0_20170107213329593.jpg,train
42,3,42_1_3_20170109132630643.jpg,train
31,0,31_1_0_20170117135716524.jpg,train
55,3,55_0_3_20170119202440701.jpg,train
59,0,59_1_0_20170104185826390.jpg,train
27,4,27_0_4_20170104011307960.jpg,train
45,3,45_0_3_20170119194628649.jpg,train
46,0,46_1_0_20170110143242639.jpg,train
54,0,54_0_0_20170109013346505.jpg,train
26,2,26_0_2_20170116175904702.jpg,train
36,3,36_1_3_20170119202143325.jpg,train
26,0,26_1_0_20170117091431823.jpg,train
26,1,26_0_1_20170116235019054.jpg,train
40,0,40_0_0_20170104201002201.jpg,train
65,3,65_1_3_20170117135236191.jpg,train
45,0,45_0_0_20170117191748012.jpg,train
40,1,40_0_1_20170116143000824.jpg,train
45,0,45_0_0_20170119201904027.jpg,train
51,0,51_0_0_20170107212023866.jpg,train
24,0,24_1_0_20170117150853517.jpg,train
50,0,50_0_0_20170111201526040.jpg,train
35,1,35_0_1_20170117123836138.jpg,train
40,0,40_0_0_20170117134621935.jpg,train
47,0,47_0_0_20170117135913231.jpg,train
26,2,26_1_2_20170116184454934.jpg,train
29,3,29_0_3_20170119165447462.jpg,train
26,1,26_1_1_20170117100117876.jpg,train
1,2,1_0_2_20161219210310309.jpg,train
22,0,22_1_0_20170117141120129.jpg,train
30,2,30_0_2_20170116172753303.jpg,train
55,0,55_0_0_20170120223717438.jpg,train
30,0,30_1_0_20170117181122764.jpg,train
25,2,25_1_2_20170104022809304.jpg,train
26,1,26_0_1_20170116235022816.jpg,train
36,3,36_0_3_20170119201835557.jpg,train
38,0,38_0_0_20170105172811910.jpg,train
48,0,48_0_0_20170104193619832.jpg,train
23,4,23_1_4_20170103223551622.jpg,train
29,0,29_0_0_20170117094526002.jpg,train
10,0,10_1_0_20170109203427416.jpg,train
85,0,85_1_0_20170110181944631.jpg,train
19,0,19_1_0_20170116201120465.jpg,train
44,3,44_0_3_20170119165437319.jpg,train
31,0,31_0_0_20170116233154004.jpg,train
30,1,30_1_1_20170112231841071.jpg,train
35,3,35_0_3_20170117154016470.jpg,train
24,0,24_0_0_20170109214744250.jpg,train
12,0,12_0_0_20170110225348936.jpg,train
35,2,35_0_2_20170116233726860.jpg,train
30,3,30_0_3_20170104230725129.jpg,train
60,0,60_1_0_20170110131522551.jpg,train
26,2,26_1_2_20170116182804381.jpg,train
80,0,80_0_0_20170117175301125.jpg,train
3,0,3_1_0_20170109193055962.jpg,train
25,0,25_0_0_20170104011300160.jpg,train
28,2,28_0_2_20170104021218340.jpg,train
40,0,40_1_0_20170117201542095.jpg,train
28,4,28_1_4_20170117202538583.jpg,train
24,2,24_1_2_20170116172439655.jpg,train
24,0,24_0_0_20170116205634434.jpg,train
30,1,30_1_1_20170112193112574.jpg,train
35,1,35_0_1_20170117130547843.jpg,train
30,1,30_1_1_20170112215057720.jpg,train
1,4,1_1_4_20161221200207440.jpg,train
53,0,53_0_0_20170104212411036.jpg,train
67,0,67_0_0_20170109150725032.jpg,train
29,4,29_0_4_20170103235201420.jpg,train
41,0,41_0_0_20170117154653654.jpg,train
54,3,54_0_3_20170119210111784.jpg,train
28,3,28_0_3_20170117144207130.jpg,train
27,3,27_1_3_20170119145528477.jpg,train
6,0,6_1_0_20170109194210604.jpg,train
26,0,26_0_0_20170116224814179.jpg,train
34,0,34_1_0_20170115235719543.jpg,train
25,0,25_1_0_20170117151946851.jpg,train
26,2,26_1_2_20170104015910819.jpg,train
26,3,26_0_3_20170119184329894.jpg,train
32,3,32_0_3_20170119200401517.jpg,train
16,0,16_0_0_20170110231647118.jpg,train
61,0,61_0_0_20170111171747565.jpg,train
30,0,30_0_0_20170116222414030.jpg,train
25,3,25_0_3_20170119163012781.jpg,train
34,0,34_1_0_20170113001304724.jpg,train
37,0,37_1_0_20170117203545246.jpg,train
80,0,80_1_0_20170110154556609.jpg,train
2,4,2_0_4_20170103212058572.jpg,train
18,0,18_1_0_20170117140504776.jpg,train
2,2,2_0_2_20161219154003764.jpg,train
4,0,4_0_0_20170109191251137.jpg,train
1,3,1_0_3_20161219230232072.jpg,train
1,2,1_1_2_20161219210327381.jpg,train
26,0,26_1_0_20170116235548284.jpg,train
51,0,51_1_0_20170110140837714.jpg,train
45,3,45_0_3_20170119202559894.jpg,train
72,0,72_0_0_20170111222541402.jpg,train
1,0,1_1_0_20170109191529313.jpg,train
31,3,31_1_3_20170104234925395.jpg,train
52,0,52_1_0_20170110153711933.jpg,train
4,0,4_1_0_20170109191240933.jpg,train
58,1,58_1_1_20170120133757255.jpg,train
46,3,46_0_3_20170119205025182.jpg,train
26,3,26_0_3_20170119181013021.jpg,train
46,0,46_0_0_20170116214417440.jpg,train
26,2,26_1_2_20170116184444570.jpg,train
1,0,1_1_0_20170109190532650.jpg,train
53,0,53_0_0_20170109010238192.jpg,train
28,3,28_1_3_20170119195105802.jpg,train
26,0,26_0_0_20170120134634767.jpg,train
2,2,2_1_2_20161219162508902.jpg,train
3,3,3_0_3_20161219225157056.jpg,train
2,2,2_1_2_20161219212055926.jpg,train
1,2,1_0_2_20161219204450317.jpg,train
65,1,65_0_1_20170117193640771.jpg,train
28,2,28_1_2_20170109002652355.jpg,train
36,0,36_0_0_20170105170234235.jpg,train
24,3,24_0_3_20170104230211113.jpg,train
2,2,2_0_2_20161219211219902.jpg,train
39,0,39_0_0_20170105165203483.jpg,train
45,0,45_0_0_20170104002123472.jpg,train
22,4,22_1_4_20170103233328523.jpg,train
36,1,36_1_1_20170116014305365.jpg,train
65,0,65_0_0_20170120224744943.jpg,train
8,0,8_1_0_20170116234733445.jpg,train
32,3,32_0_3_20170119200310531.jpg,train
50,3,50_0_3_20170119205237303.jpg,train
27,3,27_0_3_20170119193411154.jpg,train
26,3,26_0_3_20170117154452224.jpg,train
27,0,27_1_0_20170113001007203.jpg,train
26,4,26_1_4_20170117200208341.jpg,train
45,3,45_0_3_20170119201120877.jpg,train
28,0,28_0_0_20170116003139657.jpg,train
29,1,29_1_1_20170117123810096.jpg,train
69,0,69_1_0_20170110141308465.jpg,train
30,4,30_0_4_20170116221659118.jpg,train
1,0,1_1_0_20170109192244272.jpg,train
24,4,24_1_4_20170120133956991.jpg,train
28,0,28_0_0_20170116232628323.jpg,train
36,0,36_1_0_20170104174248859.jpg,train
2,0,2_1_0_20161219190909739.jpg,train
26,2,26_1_2_20170116220837093.jpg,train
26,1,26_1_1_20170113012233232.jpg,train
34,1,34_1_1_20170116021114210.jpg,train
4,0,4_0_0_20170110213533405.jpg,train
37,0,37_1_0_20170117140054979.jpg,train
55,3,55_0_3_20170119200941652.jpg,train
63,0,63_1_0_20170117163639729.jpg,train
25,2,25_1_2_20170116174810385.jpg,train
30,1,30_1_1_20170112210943668.jpg,train
32,1,32_1_1_20170115234837392.jpg,train
39,0,39_0_0_20170117154233939.jpg,train
21,1,21_1_1_20170112193012350.jpg,train
28,2,28_1_2_20170116164200987.jpg,train
21,1,21_1_1_20170113005832318.jpg,train
30,1,30_0_1_20170112215013928.jpg,train
2,0,2_0_0_20170110212644094.jpg,train
68,0,68_1_0_20170110141150729.jpg,train
23,2,23_1_2_20170104020053452.jpg,train
63,0,63_1_0_20170110141842534.jpg,train
36,1,36_0_1_20170109010546978.jpg,train
40,0,40_0_0_20170117174139735.jpg,train
37,0,37_0_0_20170109001555863.jpg,train
36,1,36_1_1_20170117091839173.jpg,train
26,0,26_1_0_20170117173557316.jpg,train
42,3,42_1_3_20170109141104388.jpg,train
9,0,9_0_0_20170110220311291.jpg,train
61,3,61_0_3_20170119211813409.jpg,train
34,1,34_1_1_20170116234146241.jpg,train
45,0,45_0_0_20170117180150486.jpg,train
16,0,16_1_0_20170109214757287.jpg,train
26,3,26_1_3_20170104215719454.jpg,train
1,0,1_1_0_20170109190550456.jpg,train
60,0,60_0_0_20170113210127337.jpg,train
26,3,26_0_3_20170119192058354.jpg,train
32,2,32_0_2_20170116185010991.jpg,train
34,3,34_0_3_20170119151259742.jpg,train
28,0,28_1_0_20170112235209623.jpg,train
24,4,24_1_4_20170103224348784.jpg,train
54,0,54_0_0_20170113185012688.jpg,train
26,0,26_0_0_20170116225130512.jpg,train
26,0,26_1_0_20170105183935352.jpg,train
2,0,2_1_0_20170109191548450.jpg,train
54,3,54_0_3_20170119211306371.jpg,train
7,0,7_1_0_20170109205254531.jpg,train
4,0,4_1_0_20170109191135825.jpg,train
31,1,31_0_1_20170113142511604.jpg,train
20,1,20_0_1_20170117012858687.jpg,train
26,1,26_1_1_20170116223115624.jpg,train
20,0,20_1_0_20170105000707730.jpg,train
40,0,40_1_0_20170111182452872.jpg,train
1,3,1_1_3_20161220142851247.jpg,train
30,2,30_1_2_20170116192241195.jpg,train
26,1,26_1_1_20170116011413001.jpg,train
40,0,40_1_0_20170117171639587.jpg,train
3,2,3_1_2_20161219192632514.jpg,train
24,3,24_0_3_20170119165750589.jpg,train
39,0,39_0_0_20170104184941845.jpg,train
65,0,65_0_0_20170104185514678.jpg,train
1,3,1_0_3_20161219225654600.jpg,train
3,2,3_1_2_20161219140828120.jpg,train
1,3,1_0_3_20161219230004880.jpg,train
40,0,40_1_0_20170116204155182.jpg,train
30,2,30_0_2_20170116181351185.jpg,train
3,0,3_0_0_20170109191400809.jpg,train
35,1,35_1_1_20170115235811416.jpg,train
26,1,26_0_1_20170116010520961.jpg,train
8,0,8_1_0_20170109204920415.jpg,train
30,0,30_1_0_20170117141313938.jpg,train
18,1,18_1_1_20170114030334837.jpg,train
24,0,24_1_0_20170117150731090.jpg,train
40,0,40_0_0_20170117152411165.jpg,train
32,2,32_0_2_20170117134716913.jpg,train
28,2,28_1_2_20170116164230103.jpg,train
56,0,56_0_0_20170111203922369.jpg,train
11,0,11_1_0_20170109204123358.jpg,train
1,2,1_0_2_20161219204151442.jpg,train
32,0,32_0_0_20170104200937337.jpg,train
58,0,58_0_0_20170117191927955.jpg,train
1,2,1_0_2_20161219141824081.jpg,train
24,2,24_1_2_20170116165537446.jpg,train
47,0,47_0_0_20170117160016192.jpg,train
85,0,85_1_0_20170110183129402.jpg,train
78,0,78_0_0_20170120223933893.jpg,train
1,2,1_1_2_20161219160104053.jpg,train
25,1,25_1_1_20170116162433766.jpg,train
37,1,37_1_1_20170116153302333.jpg,train
66,0,66_0_0_20170105173731829.jpg,train
37,0,37_0_0_20170109010719371.jpg,train
26,4,26_1_4_20170117174327119.jpg,train
29,0,29_1_0_20170116211713681.jpg,train
29,1,29_1_1_20170116171310427.jpg,train
3,3,3_1_3_20161219225830840.jpg,train
36,0,36_0_0_20170117120755229.jpg,train
27,2,27_1_2_20170116163611289.jpg,train
45,3,45_1_3_20170119171447928.jpg,train
31,1,31_0_1_20170116235513414.jpg,train
36,0,36_0_0_20170108225341913.jpg,train
56,0,56_1_0_20170109221138733.jpg,train
1,3,1_0_3_20161220142921293.jpg,train
49,0,49_0_0_20170104185359894.jpg,train
36,0,36_0_0_20170109003426572.jpg,train
26,0,26_1_0_20170117200527405.jpg,train
34,1,34_1_1_20170116231528550.jpg,train
27,1,27_0_1_20170117012354143.jpg,train
43,0,43_0_0_20170104205149195.jpg,train
1,3,1_0_3_20161220220411577.jpg,train
68,0,68_0_0_20170111205927835.jpg,train
60,0,60_0_0_20170105173244278.jpg,train
9,0,9_0_0_20170110220236260.jpg,train
24,3,24_1_3_20170119165930967.jpg,train
27,0,27_0_0_20170117012331112.jpg,train
45,3,45_0_3_20170119171812944.jpg,train
26,1,26_0_1_20170116205227300.jpg,train
45,0,45_0_0_20170116232936514.jpg,train
31,4,31_1_4_20170104165129944.jpg,train
26,3,26_1_3_20170119193127730.jpg,train
37,0,37_1_0_20170104171729234.jpg,train
8,3,8_1_3_20161220222610115.jpg,train
37,3,37_0_3_20170119202215718.jpg,train
40,2,40_0_2_20170117000400201.jpg,train
24,2,24_0_2_20170116173635907.jpg,train
26,3,26_0_3_20170119183545783.jpg,train
18,3,18_1_3_20170104221922679.jpg,train
1,2,1_1_2_20161219221243095.jpg,train
5,2,5_0_2_20161219140923888.jpg,train
34,3,34_0_3_20170119200728660.jpg,train
38,1,38_0_1_20170116233242125.jpg,train
1,2,1_0_2_20161219205117501.jpg,train
43,0,43_0_0_20170117155008266.jpg,train
27,1,27_1_1_20170117005946474.jpg,train
45,1,45_0_1_20170120223517421.jpg,train
26,0,26_1_0_20170117174906552.jpg,train
32,0,32_1_0_20170117182439717.jpg,train
30,1,30_1_1_20170115235416290.jpg,train
1,0,1_0_0_20161219154956869.jpg,train
59,0,59_0_0_20170117175959580.jpg,train
35,1,35_1_1_20170117190321049.jpg,train
21,4,21_1_4_20170103224520560.jpg,train
24,3,24_1_3_20170119165246847.jpg,train
50,3,50_0_3_20170104183620454.jpg,train
58,0,58_0_0_20170113210319462.jpg,train
38,0,38_1_0_20170104201657730.jpg,train
54,0,54_0_0_20170111195752794.jpg,train
55,0,55_0_0_20170104212851085.jpg,train
63,0,63_0_0_20170104213553685.jpg,train
22,2,22_0_2_20170116172148714.jpg,train
26,3,26_0_3_20170119183101318.jpg,train
27,2,27_1_2_20170116171205598.jpg,train
26,2,26_0_2_20170116182411806.jpg,train
37,0,37_1_0_20170117140113541.jpg,train
5,0,5_0_0_20170110212949509.jpg,train
1,0,1_1_0_20161219205529388.jpg,train
26,1,26_1_1_20170116224953528.jpg,train
17,0,17_1_0_20170109213944067.jpg,train
8,3,8_1_3_20161220222820773.jpg,train
65,1,65_1_1_20170112220241647.jpg,train
23,3,23_1_3_20170105002606965.jpg,train
1,0,1_0_0_20170110212552670.jpg,train
36,3,36_0_3_20170119191949649.jpg,train
35,4,35_0_4_20170103230610313.jpg,train
3,2,3_1_2_20161219210417277.jpg,train
45,0,45_0_0_20170117185032873.jpg,train
24,4,24_1_4_20170103223710519.jpg,train
31,1,31_1_1_20170117164303317.jpg,train
31,0,31_0_0_20170109003033356.jpg,train
38,0,38_1_0_20170105001437325.jpg,train
58,1,58_0_1_20170117193132038.jpg,train
6,0,6_0_0_20170116201052637.jpg,train
25,1,25_1_1_20170112230722548.jpg,train
26,3,26_1_3_20170104222725472.jpg,train
28,0,28_0_0_20170120134432302.jpg,train
38,0,38_0_0_20170104200835937.jpg,train
34,3,34_0_3_20170119171624184.jpg,train
47,0,47_0_0_20170104210309196.jpg,train
21,4,21_0_4_20170114030756751.jpg,train
1,4,1_0_4_20161221200034160.jpg,train
1,4,1_1_4_20170117192656755.jpg,train
35,3,35_1_3_20170104235136827.jpg,train
78,0,78_1_0_20170120140748041.jpg,train
26,4,26_1_4_20170117154131789.jpg,train
39,0,39_1_0_20170103183137809.jpg,train
26,1,26_0_1_20170113134330586.jpg,train
1,2,1_0_2_20161219155659165.jpg,train
26,1,26_1_1_20170113012058856.jpg,train
18,3,18_0_3_20170104230409040.jpg,train
50,3,50_1_3_20170117151044708.jpg,train
26,0,26_1_0_20170117201443317.jpg,train
22,1,22_0_1_20170113133326664.jpg,train
3,3,3_1_3_20161220222009699.jpg,train
50,0,50_0_0_20170109012046787.jpg,train
1,3,1_1_3_20161220221808354.jpg,train
90,0,90_0_0_20170111211344071.jpg,train
2,3,2_1_3_20161219230209511.jpg,train
62,0,62_1_0_20170110160643829.jpg,train
27,3,27_1_3_20170116200945357.jpg,train
29,1,29_0_1_20170117104606138.jpg,train
19,0,19_1_0_20170104011946801.jpg,train
85,0,85_0_0_20170117175403892.jpg,train
25,1,25_0_1_20170117140732133.jpg,train
29,0,29_0_0_20170117120426927.jpg,train
2,4,2_1_4_20161221201540105.jpg,train
34,0,34_0_0_20170117134927863.jpg,train
40,1,40_1_1_20170117140949600.jpg,train
39,0,39_0_0_20170117021613788.jpg,train
29,1,29_0_1_20170113133129655.jpg,train
55,0,55_0_0_20170117184812800.jpg,train
37,1,37_0_1_20170113142027250.jpg,train
20,0,20_1_0_20170117192932485.jpg,train
59,0,59_0_0_20170117195223638.jpg,train
1,0,1_1_0_20170109194511600.jpg,train
24,0,24_1_0_20170116222618238.jpg,train
23,1,23_1_1_20170112192422750.jpg,train
21,1,21_0_1_20170113145729669.jpg,train
65,0,65_1_0_20170103184138483.jpg,train
3,2,3_1_2_20161219195114043.jpg,train
31,0,31_1_0_20170117181938381.jpg,train
50,0,50_1_0_20170110143557981.jpg,train
1,3,1_0_3_20161219225723376.jpg,train
26,3,26_1_3_20170119193126243.jpg,train
52,0,52_0_0_20170104210519108.jpg,train
28,0,28_0_0_20170117120915648.jpg,train
62,0,62_0_0_20170111210035323.jpg,train
1,4,1_0_4_20170103205301842.jpg,train
51,0,51_1_0_20170110123256915.jpg,train
26,1,26_1_1_20170113012350417.jpg,train
1,0,1_1_0_20161220220143105.jpg,train
25,3,25_1_3_20170119171906505.jpg,train
39,0,39_0_0_20170104184915702.jpg,train
32,1,32_0_1_20170113001057074.jpg,train
31,0,31_0_0_20170117181559819.jpg,train
40,0,40_0_0_20170117155031358.jpg,train
27,2,27_1_2_20170116171540755.jpg,train
32,2,32_1_2_20170116164625227.jpg,train
1,0,1_0_0_20161219225850912.jpg,train
50,0,50_1_0_20170119205606664.jpg,train
53,0,53_0_0_20170117163717545.jpg,train
26,3,26_0_3_20170119180512067.jpg,train
36,1,36_1_1_20170113000218202.jpg,train
35,3,35_0_3_20170119171249576.jpg,train
25,0,25_1_0_20170117151341916.jpg,train
22,1,22_1_1_20170119163338637.jpg,train
20,0,20_1_0_20170117150259426.jpg,train
35,1,35_0_1_20170117173329389.jpg,train
27,2,27_1_2_20170116163755263.jpg,train
23,2,23_0_2_20170116221009406.jpg,train
28,4,28_1_4_20170117120426927.jpg,train
90,0,90_1_0_20170111211648525.jpg,train
45,3,45_0_3_20170116201111523.jpg,train
54,3,54_0_3_20170119210115168.jpg,train
1,0,1_0_0_20161219210307125.jpg,train
27,0,27_0_0_20170117144431762.jpg,train
26,2,26_0_2_20170116183020432.jpg,train
1,3,1_0_3_20161219225958712.jpg,train
45,1,45_1_1_20170116162143245.jpg,train
52,3,52_1_3_20170104232909130.jpg,train
1,3,1_1_3_20161219225602184.jpg,train
75,0,75_1_0_20170110181743217.jpg,train
3,0,3_0_0_20170110212559987.jpg,train
18,0,18_1_0_20170109213624244.jpg,train
26,3,26_1_3_20170104232518026.jpg,train
32,0,32_1_0_20170117134822038.jpg,train
25,0,25_1_0_20170109213201198.jpg,train
36,1,36_0_1_20170117175543360.jpg,train
90,0,90_0_0_20170111221649509.jpg,train
52,0,52_1_0_20170109220926115.jpg,train
27,4,27_0_4_20170103235752276.jpg,train
32,2,32_1_2_20170105173433822.jpg,train
65,0,65_0_0_20170117171451971.jpg,train
26,1,26_0_1_20170116025952653.jpg,train
40,1,40_1_1_20170113001316202.jpg,train
30,3,30_0_3_20170117143052785.jpg,train
55,0,55_1_0_20170110160643422.jpg,train
38,0,38_0_0_20170117153718428.jpg,train
37,3,37_0_3_20170119202214518.jpg,train
26,1,26_0_1_20170116183512340.jpg,train
27,1,27_1_1_20170117013828981.jpg,train
29,1,29_1_1_20170112211222837.jpg,train
28,0,28_0_0_20170116224740572.jpg,train
26,2,26_1_2_20170116175512769.jpg,train
8,0,8_1_0_20170109205028805.jpg,train
20,4,20_1_4_20170103233649970.jpg,train
15,0,15_1_0_20170109214328421.jpg,train
22,0,22_1_0_20170116220950381.jpg,train
38,0,38_1_0_20170103183311778.jpg,train
29,1,29_0_1_20170116202000095.jpg,train
32,0,32_0_0_20170105172708084.jpg,train
42,3,42_0_3_20170119204443991.jpg,train
29,1,29_1_1_20170113005659333.jpg,train
2,0,2_0_0_20170110212852343.jpg,train
25,1,25_0_1_20170113145149676.jpg,train
26,2,26_0_2_20170116182621915.jpg,train
35,1,35_1_1_20170117194907090.jpg,train
35,1,35_1_1_20170112191352903.jpg,train
24,3,24_1_3_20170104223156607.jpg,train
1,2,1_1_2_20161219194751219.jpg,train
30,0,30_1_0_20170117171346533.jpg,train
26,0,26_0_0_20170119175520123.jpg,train
8,2,8_1_2_20161219163612574.jpg,train
30,0,30_0_0_20170117143502368.jpg,train
22,4,22_0_4_20170104213712014.jpg,train
40,0,40_0_0_20170117183221334.jpg,train
76,0,76_1_0_20170110181730883.jpg,train
4,2,4_0_2_20161219194114267.jpg,train
26,1,26_1_1_20170116224202361.jpg,train
24,2,24_0_2_20170116165205506.jpg,train
23,0,23_1_0_20170117175925529.jpg,train
28,2,28_1_2_20170116165147900.jpg,train
1,0,1_0_0_20170110212720644.jpg,train
16,0,16_1_0_20170109214323254.jpg,train
26,2,26_0_2_20170117172714981.jpg,train
25,3,25_0_3_20170119153018897.jpg,train
26,3,26_0_3_20170104230400274.jpg,train
20,1,20_0_1_20170113132706143.jpg,train
20,4,20_0_4_20170103234731301.jpg,train
42,3,42_1_3_20170104220806510.jpg,train
25,0,25_1_0_20170117143952249.jpg,train
51,0,51_0_0_20170120222858570.jpg,train
13,0,13_0_0_20170103200413990.jpg,train
44,3,44_0_3_20170119204716767.jpg,train
53,0,53_0_0_20170120223133507.jpg,train
40,1,40_1_1_20170113001137947.jpg,train
40,0,40_0_0_20170117120418754.jpg,train
70,0,70_0_0_20170120222043358.jpg,train
28,0,28_0_0_20170117180529832.jpg,train
36,3,36_1_3_20170117135521500.jpg,train
2,2,2_0_2_20161219201235452.jpg,train
37,0,37_1_0_20170103182950794.jpg,train
75,0,75_0_0_20170117174833509.jpg,train
45,1,45_0_1_20170117172020917.jpg,train
30,1,30_0_1_20170116025831395.jpg,train
21,1,21_1_1_20170116020956813.jpg,train
35,0,35_0_0_20170117134955604.jpg,train
24,2,24_1_2_20170116162528278.jpg,train
45,3,45_1_3_20170119171411898.jpg,train
32,2,32_0_2_20170104022020333.jpg,train
43,0,43_0_0_20170104172942851.jpg,train
53,0,53_0_0_20170109012721891.jpg,train
5,0,5_1_0_20170109194253514.jpg,train
32,0,32_1_0_20170105162332267.jpg,train
22,3,22_1_3_20170104222857952.jpg,train
26,1,26_1_1_20170113011811105.jpg,train
42,0,42_0_0_20170119204242599.jpg,train
39,0,39_1_0_20170117091134561.jpg,train
30,0,30_1_0_20170117131111201.jpg,train
1,4,1_1_4_20170103212217155.jpg,train
21,3,21_0_3_20170119154239873.jpg,train
25,0,25_0_0_20170117143439000.jpg,train
35,3,35_1_3_20170119150744831.jpg,train
36,1,36_0_1_20170113182443806.jpg,train
50,0,50_0_0_20170104021859988.jpg,train
27,2,27_1_2_20170116165642633.jpg,train
37,0,37_1_0_20170103163428135.jpg,train
56,0,56_0_0_20170117174903919.jpg,train
1,2,1_0_2_20170117195243732.jpg,train
8,0,8_1_0_20170109201107015.jpg,train
60,1,60_1_1_20170110120140583.jpg,train
28,1,28_0_1_20170113133943577.jpg,train
28,1,28_0_1_20170117022127921.jpg,train
30,0,30_1_0_20170117145129099.jpg,train
36,0,36_0_0_20170104174512284.jpg,train
1,3,1_0_3_20161220145416255.jpg,train
32,1,32_1_1_20170116170930529.jpg,train
28,1,28_1_1_20170117121837397.jpg,train
46,0,46_1_0_20170105172747597.jpg,train
16,0,16_0_0_20170104012330536.jpg,train
26,0,26_0_0_20170117173447156.jpg,train
21,3,21_1_3_20170119155649546.jpg,train
28,0,28_0_0_20170117180427607.jpg,train
2,2,2_1_2_20161219160232453.jpg,train
2,2,2_1_2_20161219211923782.jpg,train
28,1,28_0_1_20170113174923924.jpg,train
30,1,30_0_1_20170113134217498.jpg,train
27,0,27_0_0_20170117120549066.jpg,train
60,0,60_0_0_20170117192255540.jpg,train
39,0,39_1_0_20170104185134518.jpg,train
9,0,9_0_0_20170110220134026.jpg,train
6,0,6_1_0_20170117201301199.jpg,train
39,1,39_0_1_20170117165830236.jpg,train
38,1,38_1_1_20170113001028985.jpg,train
4,3,4_0_3_20161220223111195.jpg,train
26,1,26_0_1_20170117195800999.jpg,train
40,0,40_0_0_20170117154511273.jpg,train
56,0,56_0_0_20170111171747459.jpg,train
1,0,1_1_0_20170109194433758.jpg,train
26,1,26_1_1_20170113012111272.jpg,train
26,0,26_1_0_20170117171512771.jpg,train
45,3,45_0_3_20170119202051271.jpg,train
28,0,28_1_0_20170104181556245.jpg,train
35,4,35_1_4_20170116221035151.jpg,train
30,0,30_0_0_20170117135548182.jpg,train
1,0,1_0_0_20161219211607517.jpg,train
29,0,29_1_0_20170117133812262.jpg,train
45,0,45_0_0_20170117192010084.jpg,train
56,0,56_1_0_20170109220504650.jpg,train
64,0,64_1_0_20170110160643876.jpg,train
24,1,24_1_1_20170113013149199.jpg,train
51,0,51_0_0_20170111181750495.jpg,train
3,0,3_0_0_20170110212807163.jpg,train
58,0,58_1_0_20170117133115674.jpg,train
26,1,26_0_1_20170113151645856.jpg,train
58,0,58_0_0_20170109015209205.jpg,train
40,0,40_0_0_20170105172604533.jpg,train
62,0,62_1_0_20170110160643751.jpg,train
38,3,38_0_3_20170117184516041.jpg,train
32,1,32_1_1_20170113011729264.jpg,train
70,0,70_0_0_20170104213651117.jpg,train
26,1,26_0_1_20170117001235514.jpg,train
36,3,36_0_3_20170119201805435.jpg,train
34,1,34_1_1_20170116165755990.jpg,train
74,0,74_0_0_20170111224032125.jpg,train
27,0,27_1_0_20170117174845392.jpg,train
35,1,35_0_1_20170113142443251.jpg,train
30,0,30_0_0_20170104201459001.jpg,train
28,0,28_1_0_20170116214232243.jpg,train
12,0,12_1_0_20170109204750280.jpg,train
37,0,37_0_0_20170104205628245.jpg,train
34,1,34_0_1_20170117165134738.jpg,train
45,1,45_1_1_20170113195612333.jpg,train
25,2,25_1_2_20170116174847586.jpg,train
23,3,23_1_3_20170104220147782.jpg,train
24,2,24_1_2_20170116165534569.jpg,train
27,2,27_1_2_20170116162544980.jpg,train
26,0,26_1_0_20170117175343265.jpg,train
63,0,63_1_0_20170117175356028.jpg,train
36,3,36_0_3_20170119150422534.jpg,train
65,0,65_1_0_20170110175333844.jpg,train
28,2,28_0_2_20170117141552570.jpg,train
34,1,34_0_1_20170113151600638.jpg,train
68,0,68_0_0_20170111202050714.jpg,train
57,0,57_0_0_20170104185225142.jpg,train
26,0,26_0_0_20170117170706453.jpg,train
38,0,38_1_0_20170117154129371.jpg,train
60,0,60_1_0_20170110131848316.jpg,train
29,0,29_0_0_20170117190157234.jpg,train
26,3,26_1_3_20170104220140542.jpg,train
26,3,26_0_3_20170119183150981.jpg,train
27,1,27_0_1_20170117010428117.jpg,train
54,3,54_0_3_20170119184252470.jpg,train
24,2,24_1_2_20170116171002640.jpg,train
8,0,8_1_0_20170109205024714.jpg,train
57,0,57_0_0_20170105173458901.jpg,train
18,0,18_0_0_20170117175618980.jpg,train
38,0,38_1_0_20170109221205343.jpg,train
28,2,28_0_2_20170116193003015.jpg,train
26,1,26_1_1_20170116232602440.jpg,train
31,4,31_1_4_20170112235052769.jpg,train
31,1,31_1_1_20170117170047936.jpg,train
25,3,25_1_3_20170117152035011.jpg,train
40,3,40_1_3_20170119144248205.jpg,train
34,1,34_0_1_20170117204703255.jpg,train
25,1,25_0_1_20170117164554362.jpg,train
27,3,27_0_3_20170119193246961.jpg,train
1,0,1_0_0_20170103210032258.jpg,train
23,1,23_0_1_20170113133840296.jpg,train
26,0,26_1_0_20170116162357240.jpg,train
42,0,42_0_0_20170105173000197.jpg,train
26,1,26_1_1_20170116232801830.jpg,train
28,0,28_1_0_20170111182452808.jpg,train
26,1,26_1_1_20170112211326509.jpg,train
30,0,30_0_0_20170117151521587.jpg,train
10,0,10_1_0_20170109201728056.jpg,train
24,4,24_1_4_20170105183531601.jpg,train
35,0,35_1_0_20170103182746666.jpg,train
21,3,21_1_3_20170104231630017.jpg,train
18,0,18_1_0_20170103175516495.jpg,train
21,2,21_0_2_20170116170741864.jpg,train
26,3,26_1_3_20170117153434885.jpg,train
28,2,28_1_2_20170116164741320.jpg,train
3,0,3_0_0_20170110225025587.jpg,train
34,1,34_0_1_20170113151838664.jpg,train
35,0,35_1_0_20170103180514968.jpg,train
26,0,26_0_0_20170103235457445.jpg,train
62,0,62_0_0_20170117192208082.jpg,train
35,3,35_0_3_20170119201343148.jpg,train
45,1,45_1_1_20170117141755026.jpg,train
40,0,40_1_0_20170104183639757.jpg,train
27,2,27_1_2_20170116165955213.jpg,train
2,2,2_1_2_20161219204458116.jpg,train
26,1,26_1_1_20170116233641024.jpg,train
61,0,61_0_0_20170104210224700.jpg,train
18,3,18_1_3_20170109213214718.jpg,train
28,2,28_1_2_20170116192003103.jpg,train
3,0,3_0_0_20170110212934843.jpg,train
47,0,47_0_0_20170117160009711.jpg,train
30,4,30_1_4_20170103182430449.jpg,train
19,0,19_1_0_20170116212113630.jpg,train
27,0,27_1_0_20170117120620652.jpg,train
35,4,35_1_4_20170104181328997.jpg,train
53,0,53_1_0_20170109220751701.jpg,train
2,2,2_1_2_20161219162334438.jpg,train
85,0,85_1_0_20170110183546496.jpg,train
40,0,40_0_0_20170116210116677.jpg,train
25,1,25_0_1_20170114032830907.jpg,train
15,0,15_0_0_20170110232646170.jpg,train
28,1,28_1_1_20170112211535716.jpg,train
27,1,27_1_1_20170112234022671.jpg,train
50,0,50_0_0_20170111171747307.jpg,train
30,0,30_0_0_20170117181322508.jpg,train
40,1,40_0_1_20170113152150416.jpg,train
22,0,22_0_0_20170117143539234.jpg,train
50,0,50_1_0_20170116223837168.jpg,train
29,1,29_0_1_20170113145429766.jpg,train
28,0,28_0_0_20170116174356539.jpg,train
28,2,28_0_2_20170116220607771.jpg,train
24,3,24_1_3_20170117150733821.jpg,train
50,0,50_1_0_20170117160743553.jpg,train
27,1,27_0_1_20170117172206988.jpg,train
32,1,32_1_1_20170116173307655.jpg,train
4,4,4_1_4_20161221200153784.jpg,train
2,0,2_0_0_20170110205345455.jpg,train
44,3,44_0_3_20170119155521690.jpg,train
35,0,35_0_0_20170117140509709.jpg,train
51,0,51_0_0_20170104174529739.jpg,train
28,4,28_1_4_20170117145659083.jpg,train
1,2,1_1_2_20161219195213195.jpg,train
39,0,39_1_0_20170119204019503.jpg,train
26,2,26_1_2_20170116180506806.jpg,train
75,0,75_0_0_20170111204851535.jpg,train
29,1,29_0_1_20170113173058481.jpg,train
26,3,26_1_3_20170104235151882.jpg,train
28,1,28_0_1_20170116202028662.jpg,train
1,2,1_1_2_20161219151127243.jpg,train
45,0,45_0_0_20170117170948114.jpg,train
27,0,27_1_0_20170117175939676.jpg,train
26,1,26_0_1_20170117195949276.jpg,train
15,0,15_0_0_20170110232515682.jpg,train
27,2,27_1_2_20170104021101637.jpg,train
62,0,62_0_0_20170111210223707.jpg,train
36,1,36_1_1_20170116223054510.jpg,train
1,2,1_0_2_20161219212557190.jpg,train
25,0,25_0_0_20170116222939697.jpg,train
35,2,35_1_2_20170116191841660.jpg,train
55,0,55_0_0_20170117190811698.jpg,train
36,1,36_1_1_20170116234813239.jpg,train
29,0,29_0_0_20170117104629440.jpg,train
68,0,68_0_0_20170117155857481.jpg,train
63,0,63_0_0_20170109011137735.jpg,train
1,4,1_0_4_20161221192601052.jpg,train
54,0,54_1_0_20170117171700131.jpg,train
55,0,55_0_0_20170120221341989.jpg,train
25,3,25_1_3_20170104222218775.jpg,train
1,0,1_1_0_20170109194244035.jpg,train
20,0,20_1_0_20170104020801388.jpg,train
45,3,45_1_3_20170119204024497.jpg,train
26,1,26_1_1_20170116011345690.jpg,train
25,1,25_1_1_20170116001314901.jpg,train
38,0,38_1_0_20170117154132795.jpg,train
34,3,34_0_3_20170119165709773.jpg,train
26,1,26_1_1_20170104235433201.jpg,train
33,1,33_1_1_20170112210929221.jpg,train
28,2,28_0_2_20170116163443678.jpg,train
25,3,25_1_3_20170119172137400.jpg,train
28,3,28_0_3_20170119194452931.jpg,train
8,0,8_1_0_20170109205116937.jpg,train
56,3,56_0_3_20170119201957245.jpg,train
26,0,26_1_0_20170103234817732.jpg,train
8,0,8_0_0_20170110220038315.jpg,train
17,0,17_1_0_20170109214703699.jpg,train
28,3,28_0_3_20170120220130530.jpg,train
26,4,26_1_4_20161221193657350.jpg,train
29,3,29_0_3_20170119183457486.jpg,train
32,1,32_0_1_20170104203055003.jpg,train
26,0,26_0_0_20170113135319121.jpg,train
55,0,55_0_0_20170120222934130.jpg,train
26,2,26_1_2_20170116180214166.jpg,train
18,1,18_1_1_20170117140201823.jpg,train
1,2,1_1_2_20161219140803696.jpg,train
27,2,27_1_2_20170116172501420.jpg,train
4,0,4_1_0_20170109193854934.jpg,train
28,0,28_0_0_20170117120226377.jpg,train
39,0,39_1_0_20170103182509962.jpg,train
51,0,51_1_0_20170110154639018.jpg,train
24,3,24_0_3_20170119164654087.jpg,train
42,1,42_1_1_20170113012354401.jpg,train
22,1,22_1_1_20170114030733636.jpg,train
1,2,1_1_2_20161219154712061.jpg,train
26,1,26_0_1_20170113155018211.jpg,train
35,1,35_0_1_20170116203340428.jpg,train
27,1,27_0_1_20170113133215272.jpg,train
23,2,23_0_2_20170116221013973.jpg,train
26,0,26_0_0_20170117201133309.jpg,train
28,0,28_0_0_20170119194800515.jpg,train
1,2,1_1_2_20161219140604000.jpg,train
80,0,80_0_0_20170111211441005.jpg,train
39,1,39_1_1_20170117154243787.jpg,train
31,0,31_1_0_20170103182528433.jpg,train
45,0,45_0_0_20170116233229437.jpg,train
75,0,75_0_0_20170117174423110.jpg,train
40,1,40_0_1_20170113174215274.jpg,train
55,0,55_0_0_20170111200745714.jpg,train
4,0,4_0_0_20161219192808843.jpg,train
28,2,28_0_2_20170116175154482.jpg,train
15,0,15_0_0_20170116201342325.jpg,train
29,3,29_0_3_20170119153035762.jpg,train
72,0,72_0_0_20170113185248248.jpg,train
45,0,45_0_0_20170117180013541.jpg,train
26,3,26_1_3_20170119193147891.jpg,train
38,2,38_0_2_20170116192319328.jpg,train
35,0,35_1_0_20170105162559851.jpg,train
26,0,26_1_0_20170104022111485.jpg,train
28,0,28_0_0_20170117180135357.jpg,train
21,0,21_0_0_20170116215656696.jpg,train
26,1,26_1_1_20170112213116517.jpg,train
53,0,53_0_0_20170117161103166.jpg,train
28,3,28_0_3_20170119211746169.jpg,train
53,0,53_1_0_20170110141257440.jpg,train
29,1,29_1_1_20170112235112993.jpg,train
20,1,20_1_1_20170112205029995.jpg,train
28,1,28_0_1_20170113151400128.jpg,train
30,1,30_1_1_20170114031027306.jpg,train
8,3,8_1_3_20161220222538539.jpg,train
31,0,31_0_0_20170117135213674.jpg,train
44,3,44_0_3_20170119200725971.jpg,train
4,3,4_0_3_20161220220741730.jpg,train
27,0,27_1_0_20170117012350076.jpg,train
23,0,23_1_0_20170117144947570.jpg,train
34,1,34_1_1_20170115235753191.jpg,train
26,1,26_0_1_20170116200951477.jpg,train
54,0,54_0_0_20170104213129446.jpg,train
36,0,36_1_0_20170117091600475.jpg,train
1,0,1_1_0_20170109190516994.jpg,train
66,0,66_1_0_20170110140921650.jpg,train
27,1,27_1_1_20170117010418697.jpg,train
30,0,30_1_0_20170117150931275.jpg,train
54,0,54_1_0_20170110122231385.jpg,train
1,4,1_0_4_20161221201753176.jpg,train
66,0,66_1_0_20170110124457390.jpg,train
36,1,36_1_1_20170116175401101.jpg,train
56,0,56_1_0_20170113182536919.jpg,train
26,4,26_0_4_20170117200550222.jpg,train
1,0,1_1_0_20161219225855568.jpg,train
2,4,2_1_4_20161221203029673.jpg,train
31,1,31_1_1_20170105001003876.jpg,train
42,1,42_0_1_20170113184530032.jpg,train
1,3,1_0_3_20161220223014827.jpg,train
36,0,36_0_0_20170117162945609.jpg,train
66,0,66_1_0_20170110140711170.jpg,train
27,0,27_0_0_20170102233409115.jpg,train
22,1,22_1_1_20170113010332246.jpg,train
50,0,50_1_0_20170110123120845.jpg,train
85,0,85_0_0_20170111205432369.jpg,train
35,0,35_1_0_20170105165053628.jpg,train
1,0,1_1_0_20170109190811756.jpg,train
45,0,45_0_0_20170117135037969.jpg,train
31,3,31_0_3_20170104204851228.jpg,train
32,3,32_1_3_20170105003157142.jpg,train
25,0,25_1_0_20170117193539276.jpg,train
40,2,40_0_2_20170116162129430.jpg,train
12,0,12_0_0_20170117141849040.jpg,train
1,3,1_1_3_20161220220046801.jpg,train
52,0,52_1_0_20170104210038027.jpg,train
35,0,35_1_0_20170113001200131.jpg,train
34,0,34_1_0_20170105172420589.jpg,train
28,0,28_1_0_20170116192508046.jpg,train
22,0,22_0_0_20170117143335098.jpg,train
2,0,2_0_0_20170110213103595.jpg,train
28,2,28_1_2_20170104020939196.jpg,train
32,0,32_1_0_20170104234949266.jpg,train
25,0,25_0_0_20170117143507210.jpg,train
40,1,40_1_1_20170113001812259.jpg,train
26,0,26_1_0_20170117152808211.jpg,train
35,1,35_1_1_20170112193019582.jpg,train
30,0,30_1_0_20170117092621461.jpg,train
32,3,32_0_3_20170104232607114.jpg,train
21,2,21_1_2_20170116171134381.jpg,train
2,2,2_1_2_20161219151944003.jpg,train
62,0,62_0_0_20170111203756842.jpg,train
61,0,61_0_0_20170103181621665.jpg,train
27,3,27_1_3_20170104235750836.jpg,train
26,2,26_1_2_20170109012525167.jpg,train
34,0,34_0_0_20170117152424716.jpg,train
34,1,34_0_1_20170117203210989.jpg,train
50,3,50_0_3_20170119205145375.jpg,train
26,2,26_1_2_20170104022532727.jpg,train
26,2,26_1_2_20170116183651297.jpg,train
1,0,1_1_0_20170109192729677.jpg,train
14,0,14_0_0_20170102234854353.jpg,train
25,3,25_0_3_20170119171150192.jpg,train
30,1,30_0_1_20170117130041873.jpg,train
28,0,28_0_0_20170117202401886.jpg,train
35,1,35_1_1_20170113195518309.jpg,train
37,0,37_1_0_20170117140027921.jpg,train
10,0,10_1_0_20170109203438428.jpg,train
40,0,40_0_0_20170117135030209.jpg,train
50,0,50_0_0_20170116235445244.jpg,train
26,0,26_1_0_20170117174144110.jpg,train
38,1,38_1_1_20170114030101602.jpg,train
9,0,9_0_0_20170110220238481.jpg,train
1,2,1_0_2_20161219162618670.jpg,train
17,1,17_0_1_20170116182454836.jpg,train
28,3,28_1_3_20170104223241929.jpg,train
26,1,26_1_1_20170116234630017.jpg,train
30,3,30_1_3_20170119143632686.jpg,train
54,0,54_0_0_20170117190339460.jpg,train
26,3,26_1_3_20170119193134801.jpg,train
8,0,8_1_0_20170109203434803.jpg,train
25,0,25_1_0_20170117151432922.jpg,train
85,0,85_1_0_20170120230251394.jpg,train
20,0,20_1_0_20170113005610158.jpg,train
26,1,26_1_1_20170113011650632.jpg,train
25,2,25_0_2_20170104192902767.jpg,train
20,3,20_1_3_20170117141108233.jpg,train
30,2,30_1_2_20170104022925822.jpg,train
1,2,1_1_2_20161219220411361.jpg,train
29,1,29_1_1_20170112210246493.jpg,train
29,0,29_1_0_20170103183548206.jpg,train
36,0,36_0_0_20170104165455993.jpg,train
15,0,15_0_0_20170110232443234.jpg,train
35,2,35_0_2_20170116172943457.jpg,train
26,2,26_1_2_20170116184039763.jpg,train
18,0,18_1_0_20170109212847067.jpg,train
24,1,24_1_1_20170112233347824.jpg,train
39,0,39_0_0_20170117131210937.jpg,train
26,1,26_0_1_20170113135556026.jpg,train
26,0,26_1_0_20170117005859409.jpg,train
35,0,35_0_0_20170119200919084.jpg,train
58,0,58_0_0_20170120222516888.jpg,train
24,3,24_1_3_20170119171106744.jpg,train
24,4,24_1_4_20170117010442715.jpg,train
25,3,25_1_3_20170119172017568.jpg,train
85,0,85_1_0_20170110141034090.jpg,train
26,2,26_1_2_20170116161826427.jpg,train
21,0,21_0_0_20170114032114256.jpg,train
26,4,26_1_4_20170103225002166.jpg,train
36,1,36_1_1_20170117141102516.jpg,train
85,0,85_1_0_20170110182138154.jpg,train
67,0,67_1_0_20170110153312575.jpg,train
36,1,36_0_1_20170116024228249.jpg,train
30,0,30_1_0_20170117145258777.jpg,train
34,1,34_0_1_20170113173642027.jpg,train
26,3,26_1_3_20170116233617579.jpg,train
70,0,70_0_0_20170104185838254.jpg,train
26,1,26_0_1_20170116010530676.jpg,train
73,0,73_0_0_20170120225937921.jpg,train
28,1,28_0_1_20170116200710476.jpg,train
27,3,27_1_3_20170119155424633.jpg,train
35,3,35_1_3_20170117143024930.jpg,train
26,3,26_1_3_20170119192129993.jpg,train
38,0,38_0_0_20170117120920017.jpg,train
26,1,26_0_1_20170116200636640.jpg,train
52,0,52_0_0_20170105173619725.jpg,train
80,0,80_0_0_20170117173848607.jpg,train
14,0,14_1_0_20170109214406209.jpg,train
23,3,23_1_3_20170119164545181.jpg,train
61,0,61_1_0_20170109150858084.jpg,train
26,1,26_0_1_20170113134355472.jpg,train
70,0,70_1_0_20170120222024102.jpg,train
1,3,1_1_3_20161219225024289.jpg,train
28,0,28_1_0_20170116214208669.jpg,train
16,0,16_0_0_20170110232714508.jpg,train
25,1,25_0_1_20170117012445920.jpg,train
26,3,26_1_3_20170104222841167.jpg,train
26,3,26_1_3_20170117144854965.jpg,train
60,0,60_1_0_20170110141809495.jpg,train
45,3,45_0_3_20170119171853186.jpg,train
52,0,52_1_0_20170110143721250.jpg,train
72,0,72_0_0_20170111171747670.jpg,train
29,0,29_1_0_20170114030939325.jpg,train
24,2,24_0_2_20170116170629539.jpg,train
27,3,27_0_3_20161220221833874.jpg,train
15,4,15_1_4_20170104005807401.jpg,train
1,2,1_0_2_20161219193938507.jpg,train
28,0,28_1_0_20170120140301800.jpg,train
24,0,24_1_0_20170116222827257.jpg,train
29,1,29_0_1_20170117103814669.jpg,train
8,0,8_1_0_20170109205108577.jpg,train
9,0,9_0_0_20170110224607682.jpg,train
23,2,23_0_2_20170116172908582.jpg,train
46,0,46_0_0_20170103183413994.jpg,train
37,3,37_0_3_20170119193258657.jpg,train
39,3,39_1_3_20170110173815028.jpg,train
36,1,36_0_1_20170113151650223.jpg,train
26,4,26_1_4_20170117153657309.jpg,train
52,0,52_0_0_20170104212241724.jpg,train
25,1,25_1_1_20170117140407096.jpg,train
31,1,31_0_1_20170116192548730.jpg,train
26,1,26_1_1_20170112235515129.jpg,train
26,3,26_0_3_20170119184306231.jpg,train
26,0,26_1_0_20170117201212293.jpg,train
1,2,1_1_2_20161219155353413.jpg,train
72,0,72_0_0_20170111205848815.jpg,train
23,3,23_1_3_20170104231839354.jpg,train
26,2,26_1_2_20170116184523693.jpg,train
26,1,26_0_1_20170113155015170.jpg,train
1,2,1_0_2_20161219203743797.jpg,train
26,1,26_1_1_20170116231102643.jpg,train
29,0,29_0_0_20170117130607527.jpg,train
26,0,26_0_0_20170116182307851.jpg,train
1,4,1_0_4_20170103202326832.jpg,train
36,0,36_0_0_20170117183232940.jpg,train
22,3,22_1_3_20170104231655336.jpg,train
1,3,1_1_3_20161220144637487.jpg,train
64,0,64_0_0_20170104185632214.jpg,train
63,0,63_0_0_20170113210319817.jpg,train
29,2,29_0_2_20170104192909672.jpg,train
16,0,16_1_0_20170103163010615.jpg,train
27,0,27_1_0_20170103183711648.jpg,train
39,0,39_1_0_20170117154453643.jpg,train
28,0,28_0_0_20170117120925622.jpg,train
35,0,35_1_0_20170117182920141.jpg,train
35,1,35_0_1_20170117141822660.jpg,train
53,0,53_0_0_20170117190933140.jpg,train
28,0,28_0_0_20170117120914517.jpg,train
29,3,29_0_3_20170117180817266.jpg,train
53,0,53_0_0_20170109012726975.jpg,train
48,0,48_0_0_20170120222650520.jpg,train
24,2,24_1_2_20170116174434040.jpg,train
45,3,45_0_3_20170117121740949.jpg,train
24,0,24_0_0_20170119152257171.jpg,train
60,0,60_0_0_20170111202420384.jpg,train
26,1,26_1_1_20170112210553412.jpg,train
32,0,32_1_0_20170120220532409.jpg,train
38,1,38_1_1_20170117203703512.jpg,train
35,1,35_0_1_20170117143142516.jpg,train
46,3,46_0_3_20170119202242015.jpg,train
15,0,15_1_0_20170109213511851.jpg,train
28,0,28_1_0_20170117122005148.jpg,train
26,0,26_1_0_20170117200744612.jpg,train
17,1,17_0_1_20170113151030175.jpg,train
26,1,26_0_1_20170116184632849.jpg,train
26,0,26_1_0_20170113210126901.jpg,train
26,1,26_0_1_20170117200051836.jpg,train
26,1,26_1_1_20170112230643812.jpg,train
26,2,26_1_2_20170117141036153.jpg,train
24,4,24_0_4_20170103210052027.jpg,train
28,0,28_1_0_20170104021158812.jpg,train
2,2,2_0_2_20161219161049398.jpg,train
26,3,26_0_3_20170119192253329.jpg,train
25,0,25_0_0_20170117144604250.jpg,train
32,1,32_1_1_20170116001955132.jpg,train
34,3,34_0_3_20170119181337573.jpg,train
35,1,35_1_1_20170112230432254.jpg,train
40,0,40_1_0_20170104183630718.jpg,train
50,0,50_0_0_20170117144652339.jpg,train
53,0,53_0_0_20170104184207950.jpg,train
18,0,18_1_0_20170109214700491.jpg,train
29,1,29_1_1_20170105183913087.jpg,train
1,2,1_0_2_20161219203752612.jpg,train
26,4,26_1_4_20170117201852933.jpg,train
30,3,30_1_3_20170109141058153.jpg,train
60,0,60_0_0_20170109013457906.jpg,train
25,4,25_0_4_20170117151003346.jpg,train
48,0,48_0_0_20170117000056530.jpg,train
18,0,18_0_0_20170110232121048.jpg,train
24,2,24_1_2_20170116165105160.jpg,train
17,0,17_0_0_20170116221917954.jpg,train
35,0,35_0_0_20170117174409006.jpg,train
72,0,72_1_0_20170105164536452.jpg,train
26,2,26_1_2_20170116175339024.jpg,train
26,1,26_0_1_20170116024232879.jpg,train
8,0,8_0_0_20170104012108817.jpg,train
35,0,35_1_0_20170117092628774.jpg,train
34,0,34_0_0_20170105173453140.jpg,train
17,0,17_1_0_20170104012433529.jpg,train
55,3,55_0_3_20170119201108715.jpg,train
54,1,54_0_1_20170113184959007.jpg,train
32,1,32_1_1_20170117183639941.jpg,train
29,1,29_1_1_20170113000843651.jpg,train
1,3,1_0_3_20161219225900970.jpg,train
54,0,54_1_0_20170117171652901.jpg,train
26,3,26_0_3_20170119183729879.jpg,train
26,3,26_1_3_20170119193121906.jpg,train
12,0,12_1_0_20170109203628860.jpg,train
35,0,35_0_0_20170117153823071.jpg,train
31,0,31_1_0_20170103183408770.jpg,train
35,0,35_0_0_20170117190124521.jpg,train
32,0,32_1_0_20170117182446213.jpg,train
1,2,1_0_2_20161219153300420.jpg,train
45,0,45_0_0_20170117203225383.jpg,train
24,0,24_1_0_20170117194613108.jpg,train
80,0,80_0_0_20170117172944233.jpg,train
26,3,26_1_3_20170117174352558.jpg,train
23,3,23_1_3_20170119164534718.jpg,train
5,2,5_1_2_20161219200132701.jpg,train
10,0,10_0_0_20170110224402264.jpg,train
36,1,36_0_1_20170113183054437.jpg,train
39,3,39_0_3_20170119203757237.jpg,train
53,0,53_1_0_20170104202409738.jpg,train
24,0,24_1_0_20161223231304660.jpg,train
58,0,58_1_0_20170117204758881.jpg,train
26,4,26_1_4_20170103225817689.jpg,train
1,0,1_1_0_20170109193455503.jpg,train
30,2,30_0_2_20170116173516742.jpg,train
27,0,27_0_0_20170103182122389.jpg,train
32,2,32_0_2_20170105162228515.jpg,train
40,0,40_0_0_20170117190502770.jpg,train
36,0,36_1_0_20170116165722892.jpg,train
58,1,58_0_1_20170117173247104.jpg,train
22,0,22_0_0_20170110231835011.jpg,train
32,1,32_0_1_20170117135943245.jpg,train
35,2,35_0_2_20170117173352860.jpg,train
26,2,26_0_2_20170116184103544.jpg,train
1,2,1_0_2_20170109191453449.jpg,train
1,3,1_0_3_20161219225413968.jpg,train
25,1,25_0_1_20170113175701874.jpg,train
30,2,30_0_2_20170113132649300.jpg,train
1,0,1_0_0_20170110213748813.jpg,train
24,3,24_1_3_20170104222905601.jpg,train
1,2,1_0_2_20161219161621566.jpg,train
25,2,25_0_2_20170116174836155.jpg,train
24,0,24_1_0_20170108225915369.jpg,train
48,0,48_0_0_20170105172432012.jpg,train
27,1,27_0_1_20170117012340251.jpg,train
16,0,16_0_0_20170110224435349.jpg,train
28,1,28_0_1_20170113134701210.jpg,train
49,0,49_0_0_20170117190515851.jpg,train
26,2,26_1_2_20170116192923098.jpg,train
22,1,22_0_1_20170113133320370.jpg,train
23,0,23_1_0_20170117144825371.jpg,train
35,1,35_1_1_20170117154228361.jpg,train
32,0,32_1_0_20170120134012302.jpg,train
49,3,49_0_3_20170119205447575.jpg,train
4,2,4_1_2_20161219155845373.jpg,train
26,2,26_0_2_20170104022626733.jpg,train
27,1,27_1_1_20170119153000146.jpg,train
36,4,36_1_4_20170117180642329.jpg,train
2,4,2_1_4_20170103212103556.jpg,train
20,0,20_1_0_20170103175638671.jpg,train
3,2,3_1_2_20161219190118219.jpg,train
50,0,50_0_0_20170120222217575.jpg,train
21,3,21_1_3_20170117142239360.jpg,train
26,0,26_0_0_20170113210319774.jpg,train
26,3,26_0_3_20170105175423430.jpg,train
1,0,1_0_0_20170109193826712.jpg,train
5,2,5_0_2_20161219222232487.jpg,train
28,3,28_1_3_20170119152713848.jpg,train
26,2,26_0_2_20170116175514457.jpg,train
1,2,1_0_2_20161219205604996.jpg,train
35,4,35_0_4_20170104192501919.jpg,train
32,3,32_1_3_20170104235157578.jpg,train
49,0,49_0_0_20170117135838690.jpg,train
29,0,29_0_0_20170116221737674.jpg,train
26,4,26_1_4_20170117143809650.jpg,train
21,0,21_1_0_20170116220220347.jpg,train
34,0,34_0_0_20170117121730983.jpg,train
26,3,26_1_3_20170117154601686.jpg,train
26,1,26_1_1_20170116234847156.jpg,train
24,3,24_1_3_20170104223152030.jpg,train
26,1,26_0_1_20170116010315712.jpg,train
37,3,37_0_3_20170119153105041.jpg,train
28,0,28_0_0_20170109141837163.jpg,train
31,1,31_1_1_20170116173814201.jpg,train
26,4,26_1_4_20170117154137164.jpg,train
29,1,29_0_1_20170117104547721.jpg,train
9,0,9_0_0_20170110225508509.jpg,train
28,3,28_0_3_20170119194511483.jpg,train
35,4,35_0_4_20170117152542891.jpg,train
37,0,37_0_0_20170104204438250.jpg,train
40,1,40_0_1_20170117134411786.jpg,train
26,3,26_1_3_20170119163652438.jpg,train
42,0,42_0_0_20170117154802006.jpg,train
40,0,40_0_0_20170117182908711.jpg,train
7,0,7_1_0_20170109204120279.jpg,train
24,2,24_1_2_20170116174528024.jpg,train
28,1,28_0_1_20170117022120994.jpg,train
32,1,32_0_1_20170109003627385.jpg,train
2,0,2_1_0_20170109191841423.jpg,train
27,2,27_1_2_20170116163651888.jpg,train
49,0,49_0_0_20170104212123348.jpg,train
23,3,23_0_3_20170119164028527.jpg,train
48,0,48_1_0_20170119205430280.jpg,train
23,0,23_0_0_20170117144116074.jpg,train
2,3,2_1_3_20161219230145088.jpg,train
46,3,46_0_3_20170104220249837.jpg,train
27,3,27_0_3_20170119193300742.jpg,train
30,3,30_0_3_20170104220333766.jpg,train
63,0,63_1_0_20170110160643845.jpg,train
37,0,37_1_0_20170116221006327.jpg,train
30,0,30_0_0_20170104185757997.jpg,train
16,0,16_0_0_20170110231732210.jpg,train
26,0,26_0_0_20170117114657664.jpg,train
59,0,59_0_0_20170111205324096.jpg,train
20,0,20_0_0_20170104230042553.jpg,train
45,0,45_1_0_20170103183902347.jpg,train
28,3,28_0_3_20170119194817585.jpg,train
60,0,60_0_0_20170119145422774.jpg,train
36,1,36_1_1_20170117170752063.jpg,train
34,1,34_1_1_20170113011534310.jpg,train
50,2,50_0_2_20170116191755793.jpg,train
62,0,62_1_0_20170110143413907.jpg,train
62,0,62_0_0_20170104212928133.jpg,train
1,2,1_0_2_20161219193503635.jpg,train
28,0,28_1_0_20170116000542977.jpg,train
24,0,24_0_0_20170116221926893.jpg,train
26,1,26_1_1_20170116233613793.jpg,train
29,1,29_1_1_20170116195846538.jpg,train
27,2,27_1_2_20170116192232693.jpg,train
2,3,2_1_3_20161220144550221.jpg,train
1,4,1_0_4_20161221195827599.jpg,train
75,0,75_0_0_20170117192218987.jpg,train
1,0,1_1_0_20170109193015973.jpg,train
1,3,1_0_3_20161219230715892.jpg,train
26,2,26_1_2_20170116180254435.jpg,train
27,1,27_1_1_20170117000109588.jpg,train
56,0,56_1_0_20170110122655288.jpg,train
28,2,28_1_2_20170116190129400.jpg,train
25,0,25_0_0_20170117140947335.jpg,train
22,3,22_0_3_20170119160339867.jpg,train
3,0,3_1_0_20170109194247387.jpg,train
27,3,27_0_3_20170119193238122.jpg,train
8,0,8_1_0_20170109201746036.jpg,train
45,0,45_0_0_20170116224726258.jpg,train
28,1,28_1_1_20170116223115624.jpg,train
15,0,15_0_0_20170110232311158.jpg,train
30,3,30_1_3_20170117145238579.jpg,train
1,0,1_1_0_20170109191027883.jpg,train
25,0,25_0_0_20170116201844624.jpg,train
58,0,58_0_0_20170120222805833.jpg,train
30,1,30_0_1_20170116010659651.jpg,train
7,0,7_1_0_20170109204456971.jpg,train
26,2,26_0_2_20170116175926376.jpg,train
30,2,30_1_2_20170116173725888.jpg,train
59,0,59_0_0_20170104212437869.jpg,train
22,3,22_0_3_20170119160410155.jpg,train
36,1,36_0_1_20170113141850810.jpg,train
32,0,32_1_0_20170110143445415.jpg,train
15,0,15_0_0_20170120133307597.jpg,train
36,1,36_1_1_20170112231520246.jpg,train
29,2,29_0_2_20170116161810177.jpg,train
10,0,10_1_0_20170109205141310.jpg,train
25,0,25_0_0_20170117143411179.jpg,train
26,2,26_1_2_20170116184250474.jpg,train
57,0,57_1_0_20170109134603312.jpg,train
26,3,26_0_3_20170116232725357.jpg,train
65,0,65_0_0_20170120223704629.jpg,train
1,3,1_1_3_20161220145228183.jpg,train
24,0,24_0_0_20170116205530259.jpg,train
21,1,21_0_1_20170114032058290.jpg,train
90,0,90_0_0_20170111221647621.jpg,train
9,0,9_0_0_20170110224508007.jpg,train
32,2,32_1_2_20170109141403511.jpg,train
75,0,75_0_0_20170111201623183.jpg,train
18,0,18_1_0_20170103175433456.jpg,train
50,0,50_1_0_20170105162633419.jpg,train
28,4,28_0_4_20170103184156947.jpg,train
32,0,32_1_0_20170103163352672.jpg,train
28,1,28_0_1_20170116192030399.jpg,train
4,0,4_0_0_20170110213510791.jpg,train
26,0,26_1_0_20170116153830684.jpg,train
28,2,28_1_2_20170116162147060.jpg,train
50,0,50_0_0_20170104210539348.jpg,train
35,0,35_0_0_20170117001240657.jpg,train
30,0,30_0_0_20170117171057875.jpg,train
25,4,25_0_4_20170117144100122.jpg,train
1,0,1_0_0_20170110213005631.jpg,train
40,0,40_0_0_20170117135450087.jpg,train
45,0,45_0_0_20170120220923483.jpg,train
23,2,23_1_2_20170116173233383.jpg,train
26,1,26_1_1_20170116170849354.jpg,train
35,0,35_0_0_20170105172434989.jpg,train
38,0,38_1_0_20170103163517069.jpg,train
29,2,29_1_2_20170116174619470.jpg,train
36,3,36_1_3_20170119181235533.jpg,train
27,2,27_1_2_20170104021418549.jpg,train
29,3,29_0_3_20170119195311083.jpg,train
26,1,26_0_1_20170116192339054.jpg,train
27,2,27_1_2_20170116173140813.jpg,train
31,0,31_1_0_20170105162529475.jpg,train
80,0,80_0_0_20170117174600725.jpg,train
4,2,4_0_2_20161219141105897.jpg,train
32,3,32_0_3_20170117182131397.jpg,train
26,0,26_0_0_20170113210127348.jpg,train
1,0,1_0_0_20170110213328641.jpg,train
1,0,1_0_0_20170110212623527.jpg,train
58,3,58_0_3_20170119211547537.jpg,train
40,0,40_0_0_20170117175654041.jpg,train
53,0,53_1_0_20170117000739940.jpg,train
40,0,40_0_0_20170113134225018.jpg,train
26,1,26_1_1_20170113012101312.jpg,train
13,0,13_1_0_20170109204048554.jpg,train
45,0,45_1_0_20170109221119437.jpg,train
25,3,25_0_3_20170117135144679.jpg,train
28,0,28_1_0_20170116201648691.jpg,train
20,4,20_0_4_20170117193454180.jpg,train
45,0,45_0_0_20170117170513474.jpg,train
28,0,28_0_0_20170113132654464.jpg,train
54,3,54_0_3_20170117191318186.jpg,train
32,1,32_0_1_20170113134404473.jpg,train
21,3,21_1_3_20170117142147306.jpg,train
30,2,30_1_2_20170116171040262.jpg,train
28,3,28_1_3_20170109142213006.jpg,train
26,4,26_0_4_20170116193007097.jpg,train
73,0,73_1_0_20170120230335947.jpg,train
32,0,32_1_0_20170117091929838.jpg,train
1,4,1_0_4_20170110212923157.jpg,train
2,0,2_1_0_20170109193848145.jpg,train
32,1,32_0_1_20170113183741368.jpg,train
24,1,24_1_1_20170113011234375.jpg,train
29,1,29_1_1_20170104192718648.jpg,train
46,3,46_0_3_20170119204836094.jpg,train
38,1,38_0_1_20170113152209191.jpg,train
9,0,9_0_0_20170110224736067.jpg,train
59,0,59_0_0_20170104211855508.jpg,train
36,0,36_0_0_20170105172611117.jpg,train
28,4,28_1_4_20170117202541845.jpg,train
26,1,26_1_1_20170113000030801.jpg,train
25,2,25_1_2_20170104015838780.jpg,train
33,0,33_1_0_20170109001602570.jpg,train
65,0,65_0_0_20170120222749697.jpg,train
36,0,36_1_0_20170104172916913.jpg,train
26,3,26_1_3_20170119193135681.jpg,train
3,2,3_1_2_20161219205437357.jpg,train
85,0,85_1_0_20170110182139534.jpg,train
25,3,25_1_3_20170119150412270.jpg,train
34,3,34_0_3_20170117141317532.jpg,train
45,0,45_1_0_20170104170321489.jpg,train
24,1,24_0_1_20170117194748068.jpg,train
2,4,2_0_4_20170103213256420.jpg,train
28,0,28_1_0_20170103181535329.jpg,train
1,0,1_1_0_20170109191000191.jpg,train
25,0,25_0_0_20170113210319573.jpg,train
36,0,36_0_0_20170117135443581.jpg,train
26,1,26_0_1_20170114033050455.jpg,train
45,0,45_1_0_20170117153716084.jpg,train
26,0,26_0_0_20170117173510724.jpg,train
8,0,8_1_0_20170109205109678.jpg,train
30,0,30_1_0_20170117150804179.jpg,train
26,1,26_1_1_20170116160647680.jpg,train
40,0,40_0_0_20170104210228028.jpg,train
46,0,46_1_0_20170120133945310.jpg,train
35,1,35_1_1_20170117141052934.jpg,train
15,0,15_0_0_20170110232331351.jpg,train
68,0,68_0_0_20170117172924008.jpg,train
4,0,4_1_0_20170116215618294.jpg,train
58,0,58_1_0_20170109012204899.jpg,train
30,0,30_0_0_20170117003435100.jpg,train
26,0,26_1_0_20170103235707476.jpg,train
32,0,32_0_0_20170104204313908.jpg,train
61,0,61_0_0_20170120225505530.jpg,train
15,0,15_0_0_20170110232717464.jpg,train
51,0,51_0_0_20170117171936642.jpg,train
27,1,27_0_1_20170116001407357.jpg,train
24,2,24_0_2_20170104234829387.jpg,train
60,0,60_0_0_20170117160535000.jpg,train
22,1,22_1_1_20170112214852574.jpg,train
26,1,26_1_1_20170112210923338.jpg,train
29,4,29_1_4_20170103230119816.jpg,train
49,0,49_1_0_20170104183921310.jpg,train
29,3,29_1_3_20170116162100478.jpg,train
53,0,53_1_0_20170117163710642.jpg,train
68,0,68_0_0_20170117174131505.jpg,train
29,0,29_1_0_20170116214325947.jpg,train
34,0,34_1_0_20170103182645609.jpg,train
26,2,26_0_2_20170116184700065.jpg,train
32,2,32_1_2_20170116184323930.jpg,train
22,1,22_1_1_20170113010336430.jpg,train
61,0,61_0_0_20170117194619461.jpg,train
1,3,1_1_3_20161220145401126.jpg,train
38,1,38_0_1_20170116002845718.jpg,train
70,0,70_0_0_20170111201419254.jpg,train
26,1,26_0_1_20170113151923696.jpg,train
10,0,10_0_0_20170110224725285.jpg,train
85,0,85_0_0_20170111210445676.jpg,train
39,0,39_0_0_20170104210052987.jpg,train
8,0,8_0_0_20170110220118138.jpg,train
35,0,35_0_0_20170117175724098.jpg,train
30,3,30_1_3_20170109134035009.jpg,train
65,0,65_0_0_20170117162843250.jpg,train
24,2,24_1_2_20170116174400891.jpg,train
23,2,23_0_2_20170116172947652.jpg,train
54,3,54_0_3_20170119210157496.jpg,train
27,1,27_1_1_20170112231931030.jpg,train
8,0,8_1_0_20170109202858319.jpg,train
26,1,26_0_1_20170116030131527.jpg,train
16,0,16_0_0_20170110231815815.jpg,train
13,0,13_0_0_20170104013342923.jpg,train
7,0,7_0_0_20170110215335739.jpg,train
27,3,27_0_3_20170104214210099.jpg,train
45,4,45_0_4_20170104184343710.jpg,train
35,0,35_0_0_20170117183000621.jpg,train
26,1,26_1_1_20170116024031179.jpg,train
56,0,56_1_0_20170110141043329.jpg,train
52,0,52_1_0_20170109220625669.jpg,train
25,0,25_1_0_20170103181306464.jpg,train
24,3,24_1_3_20170119170926830.jpg,train
23,2,23_1_2_20170116172812034.jpg,train
36,1,36_0_1_20170113151003293.jpg,train
36,3,36_1_3_20170109135738379.jpg,train
24,0,24_1_0_20170117194942245.jpg,train
32,2,32_0_2_20170116201214616.jpg,train
24,0,24_1_0_20170103163129280.jpg,train
58,3,58_0_3_20170119211656985.jpg,train
36,1,36_0_1_20170113184110991.jpg,train
29,1,29_0_1_20170113141746548.jpg,train
26,2,26_1_2_20170116184447374.jpg,train
1,2,1_1_2_20161219153439021.jpg,train
2,0,2_1_0_20170109192459049.jpg,train
46,1,46_0_1_20170113135634688.jpg,train
33,0,33_1_0_20170103163004757.jpg,train
26,0,26_1_0_20170117201642542.jpg,train
15,0,15_0_0_20170110225440579.jpg,train
34,1,34_0_1_20170113145505629.jpg,train
40,0,40_1_0_20170117135406232.jpg,train
27,3,27_1_3_20170119194422834.jpg,train
35,1,35_0_1_20170116022038426.jpg,train
36,0,36_1_0_20170105164705002.jpg,train
39,1,39_0_1_20170116202008001.jpg,train
39,0,39_0_0_20170116214253075.jpg,train
12,0,12_1_0_20170109204113685.jpg,train
22,1,22_1_1_20170112230554655.jpg,train
24,4,24_1_4_20170103224705429.jpg,train
12,0,12_1_0_20170104013219930.jpg,train
58,0,58_0_0_20170117191921441.jpg,train
25,1,25_0_1_20170113151512351.jpg,train
35,0,35_0_0_20170105164841588.jpg,train
1,0,1_0_0_20161219154556757.jpg,train
40,3,40_0_3_20170119205347547.jpg,train
26,0,26_1_0_20170117173739125.jpg,train
36,3,36_0_3_20170119153128584.jpg,train
34,0,34_0_0_20170117123737793.jpg,train
30,2,30_1_2_20170116192047079.jpg,train
65,0,65_1_0_20170110154347701.jpg,train
48,3,48_0_3_20170119201811053.jpg,train
70,0,70_0_0_20170117173832407.jpg,train
25,3,25_1_3_20170117141253241.jpg,train
26,1,26_0_1_20170117154704178.jpg,train
35,3,35_1_3_20170119201543070.jpg,train
28,1,28_1_1_20170112220128599.jpg,train
30,0,30_1_0_20170103182948122.jpg,train
1,0,1_0_0_20170110212652648.jpg,train
68,0,68_1_0_20170103183639034.jpg,train
1,0,1_0_0_20161220220239129.jpg,train
24,3,24_1_3_20170119170547814.jpg,train
24,0,24_1_0_20170117145431948.jpg,train
55,3,55_0_3_20170119204811925.jpg,train
50,0,50_1_0_20170110153432618.jpg,train
49,0,49_0_0_20170117180047148.jpg,train
3,0,3_1_0_20170109192420753.jpg,train
75,0,75_1_0_20170110183152937.jpg,train
14,0,14_1_0_20170109201824270.jpg,train
28,2,28_1_2_20170116190143221.jpg,train
4,0,4_0_0_20170110224817102.jpg,train
3,0,3_0_0_20170110213411465.jpg,train
51,0,51_0_0_20170119205617887.jpg,train
47,0,47_0_0_20170113184617953.jpg,train
32,1,32_1_1_20170114024717988.jpg,train
26,1,26_0_1_20170113154951523.jpg,train
40,0,40_0_0_20170104205931291.jpg,train
26,1,26_1_1_20170116232349861.jpg,train
25,0,25_1_0_20170117140903569.jpg,train
40,0,40_0_0_20170117170636232.jpg,train
14,0,14_1_0_20170109203330417.jpg,train
32,1,32_0_1_20170117140227057.jpg,train
58,0,58_0_0_20170104212603957.jpg,train
1,0,1_1_0_20161219203420685.jpg,train
45,3,45_1_3_20170119193037786.jpg,train
29,2,29_0_2_20170116165939507.jpg,train
26,0,26_0_0_20170117200152694.jpg,train
17,0,17_1_0_20170116222802508.jpg,train
8,0,8_0_0_20170110220124291.jpg,train
26,2,26_1_2_20170116184656151.jpg,train
24,0,24_1_0_20170117150535820.jpg,train
26,1,26_1_1_20170112211649085.jpg,train
45,0,45_0_0_20170120220558289.jpg,train
40,3,40_0_3_20170119183828462.jpg,train
60,0,60_1_0_20170110122430900.jpg,train
23,3,23_0_3_20170119164041958.jpg,train
26,2,26_1_2_20170116180525400.jpg,train
60,0,60_1_0_20170110152954671.jpg,train
27,1,27_1_1_20170117013836057.jpg,train
21,1,21_1_1_20170112230510269.jpg,train
43,0,43_1_0_20170103183352530.jpg,train
12,0,12_0_0_20170110225049785.jpg,train
25,1,25_1_1_20170116003311354.jpg,train
46,0,46_1_0_20170104170621792.jpg,train
22,2,22_1_2_20170116172028415.jpg,train
1,2,1_1_2_20161219200328764.jpg,train
28,0,28_1_0_20170105162423130.jpg,train
32,1,32_0_1_20170114032927412.jpg,train
40,2,40_1_2_20170116161916676.jpg,train
2,4,2_0_4_20170103205108602.jpg,train
23,0,23_1_0_20170116221827674.jpg,train
25,1,25_0_1_20170113132417184.jpg,train
31,0,31_1_0_20170103163117935.jpg,train
8,0,8_1_0_20170109204627905.jpg,train
26,3,26_1_3_20170117154109300.jpg,train
30,2,30_0_2_20170116164436658.jpg,train
26,1,26_0_1_20170116193423469.jpg,train
26,1,26_1_1_20170116232807177.jpg,train
38,1,38_1_1_20170116012120261.jpg,train
11,0,11_1_0_20170109203319557.jpg,train
25,0,25_1_0_20170117191541627.jpg,train
50,3,50_0_3_20170119205526776.jpg,train
23,2,23_1_2_20170116173131148.jpg,train
21,0,21_1_0_20170116220224031.jpg,train
54,0,54_1_0_20170117171658965.jpg,train
42,0,42_0_0_20170111200657340.jpg,train
26,0,26_0_0_20170113210127179.jpg,train
24,2,24_1_2_20170116164744956.jpg,train
26,0,26_0_0_20170117195452420.jpg,train
55,0,55_0_0_20170120221851229.jpg,train
14,0,14_1_0_20170109204321875.jpg,train
25,1,25_0_1_20170113175802374.jpg,train
35,1,35_1_1_20170116021348604.jpg,train
26,3,26_0_3_20170119184132638.jpg,train
1,2,1_1_2_20161219200456451.jpg,train
50,0,50_0_0_20170117172254068.jpg,train
1,3,1_0_3_20161220142918568.jpg,train
13,0,13_1_0_20170109212934682.jpg,train
56,0,56_0_0_20170104184302965.jpg,train
1,2,1_0_2_20161219194716652.jpg,train
1,0,1_0_0_20170110212654271.jpg,train
4,0,4_0_0_20170110213500051.jpg,train
26,2,26_1_2_20170116175903368.jpg,train
31,0,31_0_0_20170104204310315.jpg,train
18,0,18_0_0_20170103201308008.jpg,train
35,3,35_0_3_20170117181837205.jpg,train
42,0,42_0_0_20170117171624633.jpg,train
35,0,35_0_0_20170120221052421.jpg,train
54,0,54_1_0_20170110153052834.jpg,train
22,1,22_1_1_20170117141140945.jpg,train
56,0,56_1_0_20170110154644528.jpg,train
37,0,37_0_0_20170117171523531.jpg,train
50,0,50_0_0_20170117154157436.jpg,train
16,0,16_1_0_20170109203419299.jpg,train
21,3,21_0_3_20170119150216454.jpg,train
30,0,30_1_0_20170117135309423.jpg,train
24,3,24_1_3_20170119170909047.jpg,train
27,0,27_1_0_20170117202238951.jpg,train
27,0,27_0_0_20170117010049965.jpg,train
1,2,1_0_2_20161219161623174.jpg,train
25,2,25_1_2_20170116175239383.jpg,train
26,3,26_1_3_20170119192359458.jpg,train
31,1,31_0_1_20170117162921198.jpg,train
50,0,50_0_0_20170117185149577.jpg,train
26,2,26_0_2_20170116184137536.jpg,train
60,0,60_0_0_20170116221104102.jpg,train
24,0,24_1_0_20170117150815148.jpg,train
34,3,34_0_3_20170109140934624.jpg,train
25,1,25_0_1_20170116002302626.jpg,train
62,1,62_0_1_20170116204827125.jpg,train
56,0,56_1_0_20170104212444956.jpg,train
26,2,26_1_2_20170104021513981.jpg,train
16,0,16_0_0_20170110232200900.jpg,train
37,0,37_0_0_20170117183624982.jpg,train
5,0,5_1_0_20170109193957869.jpg,train
63,0,63_0_0_20170113185508976.jpg,train
41,1,41_1_1_20170117171024861.jpg,train
5,3,5_0_3_20161220220253921.jpg,train
35,1,35_0_1_20170109001203061.jpg,train
25,3,25_1_3_20170119172049633.jpg,train
1,3,1_0_3_20161219230544016.jpg,train
35,0,35_0_0_20170117183005428.jpg,train
35,1,35_0_1_20170113182403214.jpg,train
26,3,26_1_3_20170117152925781.jpg,train
29,0,29_0_0_20170104165027441.jpg,train
26,0,26_0_0_20170104172735675.jpg,train
60,0,60_1_0_20170110122626700.jpg,train
26,4,26_1_4_20161221193707668.jpg,train
27,0,27_0_0_20170113210319553.jpg,train
32,0,32_1_0_20170103163347255.jpg,train
55,3,55_0_3_20170119184209837.jpg,train
52,0,52_0_0_20170117161042224.jpg,train
34,1,34_1_1_20170116162046501.jpg,train
28,3,28_1_3_20170104223537760.jpg,train
61,0,61_0_0_20170111203523343.jpg,train
36,3,36_0_3_20170117183132325.jpg,train
40,0,40_1_0_20170104205021796.jpg,train
60,0,60_0_0_20170117155525709.jpg,train
68,0,68_0_0_20170117172835921.jpg,train
1,0,1_0_0_20170109191105641.jpg,train
1,3,1_0_3_20161219230714633.jpg,train
9,0,9_0_0_20170110220005370.jpg,train
1,2,1_1_2_20161219160842277.jpg,train
30,4,30_0_4_20170117130018135.jpg,train
2,3,2_0_3_20161220143229191.jpg,train
27,0,27_1_0_20170117120616194.jpg,train
1,2,1_1_2_20161219161751262.jpg,train
24,1,24_1_1_20170112204507818.jpg,train
5,0,5_1_0_20170109194051532.jpg,train
35,0,35_1_0_20170117135354644.jpg,train
26,3,26_1_3_20170104222939159.jpg,train
27,2,27_1_2_20170116175930683.jpg,train
24,2,24_1_2_20170116171030907.jpg,train
35,3,35_0_3_20170119183157029.jpg,train
5,2,5_0_2_20161219162450614.jpg,train
34,1,34_0_1_20170112214929038.jpg,train
55,0,55_0_0_20170117135302098.jpg,train
25,3,25_1_3_20170117151134442.jpg,train
1,2,1_1_2_20161219203432220.jpg,train
24,3,24_1_3_20170117150509746.jpg,train
18,0,18_0_0_20170110232106743.jpg,train
42,0,42_0_0_20170105172350421.jpg,train
28,1,28_0_1_20170113174140042.jpg,train
20,0,20_1_0_20170119153405080.jpg,train
1,3,1_0_3_20161220223250813.jpg,train
28,0,28_1_0_20170112235141673.jpg,train
45,0,45_0_0_20170104205654636.jpg,train
27,2,27_1_2_20170116192236533.jpg,train
60,0,60_1_0_20170110131859302.jpg,train
23,2,23_1_2_20170116173039449.jpg,train
63,0,63_1_0_20170109150950547.jpg,train
28,2,28_0_2_20170104022635829.jpg,train
63,0,63_0_0_20170111200740138.jpg,train
40,0,40_0_0_20170117154508715.jpg,train
80,0,80_1_0_20170110155128293.jpg,train
51,0,51_0_0_20170120222902121.jpg,train
70,0,70_0_0_20170111200011745.jpg,train
2,3,2_1_3_20161219225500961.jpg,train
63,0,63_0_0_20170120225708577.jpg,train
29,0,29_1_0_20170120140336809.jpg,train
24,4,24_1_4_20170103225121913.jpg,train
26,2,26_0_2_20170116181226462.jpg,train
32,1,32_0_1_20170113173619394.jpg,train
2,2,2_1_2_20161219141042280.jpg,train
3,3,3_1_3_20161219230521112.jpg,train
28,3,28_0_3_20170119194506507.jpg,train
35,2,35_0_2_20170116191142333.jpg,train
1,4,1_1_4_20161221193732358.jpg,train
37,2,37_0_2_20170119193342866.jpg,train
65,3,65_0_3_20161220221926818.jpg,train
1,3,1_1_3_20161220143241765.jpg,train
32,0,32_0_0_20170117182315092.jpg,train
28,4,28_0_4_20170105162459467.jpg,train
67,0,67_0_0_20170111222156279.jpg,train
38,0,38_1_0_20170117154139859.jpg,train
25,0,25_0_0_20170117192356781.jpg,train
48,0,48_1_0_20170110125249128.jpg,train
40,0,40_0_0_20170120221136588.jpg,train
60,0,60_1_0_20170110152939871.jpg,train
25,2,25_1_2_20170116175222886.jpg,train
28,3,28_0_3_20170119165902487.jpg,train
12,0,12_1_0_20170109203536309.jpg,train
5,0,5_0_0_20170110212804775.jpg,train
40,2,40_0_2_20170117154534091.jpg,train
26,3,26_0_3_20170119183941022.jpg,train
35,0,35_0_0_20170117182947982.jpg,train
55,0,55_0_0_20170117185717337.jpg,train
25,3,25_1_3_20170104232710103.jpg,train
27,2,27_1_2_20170116172735343.jpg,train
30,0,30_1_0_20170117143933875.jpg,train
64,0,64_0_0_20170120224704201.jpg,train
39,1,39_1_1_20170112235549319.jpg,train
78,0,78_1_0_20170110180142396.jpg,train
26,1,26_0_1_20170116182114342.jpg,train
38,1,38_0_1_20170105183954127.jpg,train
32,0,32_0_0_20170117133445162.jpg,train
21,1,21_1_1_20170112233456816.jpg,train
28,2,28_1_2_20170116190131133.jpg,train
23,4,23_1_4_20170117194315659.jpg,train
45,3,45_0_3_20170119200658085.jpg,train
32,2,32_0_2_20170116184944206.jpg,train
30,0,30_1_0_20170103183908075.jpg,train
50,0,50_1_0_20170117171530084.jpg,train
22,3,22_1_3_20170119163328077.jpg,train
24,0,24_1_0_20170103180732376.jpg,train
2,2,2_1_2_20161219155546973.jpg,train
26,1,26_0_1_20170116220224657.jpg,train
24,2,24_0_2_20170116163114649.jpg,train
26,3,26_0_3_20170117154558934.jpg,train
36,1,36_0_1_20170113133354400.jpg,train
27,0,27_0_0_20170102233441859.jpg,train
28,0,28_1_0_20170117180702119.jpg,train
10,0,10_0_0_20170110224549512.jpg,train
26,3,26_0_3_20170119183552806.jpg,train
24,4,24_1_4_20170117150635877.jpg,train
26,0,26_0_0_20170117153645909.jpg,train
35,0,35_0_0_20170117134940507.jpg,train
29,1,29_0_1_20170117094745480.jpg,train
1,2,1_1_2_20161219162419463.jpg,train
73,0,73_0_0_20170105001507628.jpg,train
12,0,12_1_0_20170102234723371.jpg,train
54,0,54_0_0_20170117163811442.jpg,train
32,1,32_1_1_20170113000955116.jpg,train
24,2,24_1_2_20170116170010620.jpg,train
35,1,35_1_1_20170112191127473.jpg,train
27,2,27_1_2_20170116162949938.jpg,train
90,0,90_1_0_20170117175312742.jpg,train
34,0,34_0_0_20170117103412719.jpg,train
49,0,49_0_0_20170104212102972.jpg,train
54,3,54_1_3_20170104220907782.jpg,train
40,0,40_0_0_20170116232927836.jpg,train
49,0,49_1_0_20170104184001972.jpg,train
60,0,60_0_0_20170117204804937.jpg,train
3,0,3_1_0_20161219154946589.jpg,train
58,0,58_0_0_20170104185312638.jpg,train
25,0,25_0_0_20170116200810348.jpg,train
23,2,23_0_2_20170116172927637.jpg,train
22,3,22_1_3_20170104231706746.jpg,train
37,0,37_1_0_20170103183012994.jpg,train
40,0,40_1_0_20170103181824761.jpg,train
27,1,27_1_1_20170112231925888.jpg,train
24,0,24_1_0_20170116214311227.jpg,train
35,0,35_0_0_20170117182852603.jpg,train
28,0,28_1_0_20170117202529215.jpg,train
48,0,48_0_0_20170117160444920.jpg,train
40,0,40_0_0_20170117181229922.jpg,train
5,0,5_0_0_20170110213420350.jpg,train
29,2,29_1_2_20170116164242023.jpg,train
55,3,55_0_3_20170119201651189.jpg,train
1,2,1_0_2_20161219203313365.jpg,train
26,0,26_1_0_20170117174249502.jpg,train
26,3,26_0_3_20170119183138486.jpg,train
26,2,26_0_2_20170116165341590.jpg,train
52,0,52_1_0_20170105184031767.jpg,train
20,0,20_1_0_20170117141213281.jpg,train
24,1,24_1_1_20170113011240168.jpg,train
45,1,45_1_1_20170117164742977.jpg,train
34,0,34_0_0_20170116191654862.jpg,train
17,1,17_1_1_20170114030014850.jpg,train
28,0,28_1_0_20170117020138207.jpg,train
7,0,7_0_0_20170110224846415.jpg,train
27,1,27_1_1_20170117010343271.jpg,train
1,3,1_0_3_20161219225242908.jpg,train
25,1,25_1_1_20170112235103240.jpg,train
24,2,24_1_2_20170116174525250.jpg,train
42,0,42_0_0_20170117130005462.jpg,train
26,1,26_1_1_20170114024803585.jpg,train
28,3,28_0_3_20170119194436435.jpg,train
60,1,60_0_1_20170117160801279.jpg,train
32,2,32_1_2_20170116190141356.jpg,train
23,2,23_1_2_20170116173214311.jpg,train
1,0,1_1_0_20170109190957578.jpg,train
1,4,1_1_4_20161221202124857.jpg,train
24,1,24_1_1_20170112234345639.jpg,train
23,1,23_1_1_20170113010507311.jpg,train
28,0,28_1_0_20170116223114979.jpg,train
36,1,36_1_1_20170112230730598.jpg,train
65,0,65_0_0_20170117171054325.jpg,train
28,0,28_0_0_20170113182419870.jpg,train
34,3,34_0_3_20170119200716509.jpg,train
49,0,49_1_0_20170103180443960.jpg,train
36,0,36_0_0_20170117181825165.jpg,train
1,3,1_1_3_20161220143154439.jpg,train
2,2,2_0_2_20161219222203111.jpg,train
28,1,28_1_1_20170112211718717.jpg,train
14,0,14_1_0_20170104011842010.jpg,train
38,1,38_1_1_20170104234648395.jpg,train
26,0,26_1_0_20170116180843455.jpg,train
25,0,25_1_0_20170116211917463.jpg,train
28,2,28_1_2_20170116172433974.jpg,train
25,2,25_1_2_20170116174852261.jpg,train
36,1,36_0_1_20170113141753251.jpg,train
35,1,35_1_1_20170113001239705.jpg,train
20,3,20_1_3_20170119153750257.jpg,train
28,1,28_0_1_20170117020659979.jpg,train
48,0,48_1_0_20170109135746831.jpg,train
1,2,1_0_2_20161219151133795.jpg,train
70,0,70_1_0_20170110124127878.jpg,train
32,0,32_1_0_20170117182539124.jpg,train
55,0,55_0_0_20170117191559491.jpg,train
43,0,43_0_0_20170117155042830.jpg,train
28,4,28_0_4_20170104201846426.jpg,train
25,3,25_0_3_20170119171900192.jpg,train
37,1,37_0_1_20170117164339785.jpg,train
36,1,36_1_1_20170113000229769.jpg,train
32,2,32_0_2_20170104170204025.jpg,train
24,0,24_1_0_20170116222857892.jpg,train
4,2,4_0_2_20161219194145563.jpg,train
2,3,2_1_3_20161220144445968.jpg,train
29,0,29_0_0_20170104201322098.jpg,train
36,0,36_1_0_20170103182851698.jpg,train
1,2,1_0_2_20161219221751759.jpg,train
28,3,28_0_3_20170119194819469.jpg,train
34,3,34_0_3_20170119175413876.jpg,train
35,0,35_1_0_20170104165729457.jpg,train
45,3,45_1_3_20170119183902380.jpg,train
43,3,43_1_3_20170119204557143.jpg,train
45,0,45_1_0_20170117182517677.jpg,train
35,3,35_0_3_20170119171505271.jpg,train
32,1,32_1_1_20170112210630029.jpg,train
57,0,57_1_0_20170109134356713.jpg,train
43,0,43_1_0_20170105173022908.jpg,train
30,3,30_0_3_20170119153044871.jpg,train
48,0,48_0_0_20170104211541076.jpg,train
26,3,26_0_3_20170119155839538.jpg,train
26,1,26_1_1_20170116234800903.jpg,train
23,2,23_1_2_20170116173106418.jpg,train
23,0,23_0_0_20170116221006990.jpg,train
75,0,75_0_0_20170117174518205.jpg,train
10,0,10_1_0_20170109203218966.jpg,train
22,0,22_1_0_20170116220938702.jpg,train
40,0,40_0_0_20170117163729787.jpg,train
51,0,51_0_0_20170111171747345.jpg,train
10,0,10_0_0_20170110220539329.jpg,train
18,0,18_1_0_20170109214753528.jpg,train
28,3,28_0_3_20170119211528073.jpg,train
23,2,23_1_2_20170116173128603.jpg,train
42,0,42_0_0_20170117185752122.jpg,train
1,0,1_1_0_20170109192752097.jpg,train
35,0,35_1_0_20170117185517162.jpg,train
29,2,29_1_2_20170116163011756.jpg,train
24,0,24_1_0_20170103224725272.jpg,train
42,0,42_1_0_20170111182452884.jpg,train
25,0,25_1_0_20170117203811656.jpg,train
3,2,3_1_2_20161219154059420.jpg,train
26,1,26_0_1_20170113151548832.jpg,train
27,3,27_1_3_20170104231741609.jpg,train
26,1,26_0_1_20170116024841535.jpg,train
26,3,26_1_3_20170104235435739.jpg,train
35,3,35_0_3_20170119201340627.jpg,train
60,0,60_1_0_20170110140849306.jpg,train
25,3,25_1_3_20170119172104288.jpg,train
75,0,75_1_0_20170110131723117.jpg,train
24,3,24_1_3_20170119165459567.jpg,train
28,1,28_1_1_20170113012541073.jpg,train
31,4,31_1_4_20170104165850314.jpg,train
35,1,35_1_1_20170113012820273.jpg,train
26,4,26_1_4_20170109002629914.jpg,train
26,4,26_0_4_20170117195705718.jpg,train
3,0,3_0_0_20170114033153529.jpg,train
28,0,28_0_0_20170117202533919.jpg,train
1,0,1_1_0_20161219211440749.jpg,train
36,1,36_1_1_20170116001839105.jpg,train
54,0,54_0_0_20170116193350285.jpg,train
38,0,38_0_0_20170117184839544.jpg,train
32,0,32_0_0_20170117091009872.jpg,train
9,0,9_0_0_20170110225209168.jpg,train
24,1,24_1_1_20170113011157712.jpg,train
28,1,28_0_1_20170113011940681.jpg,train
34,1,34_1_1_20170117184507846.jpg,train
26,2,26_1_2_20170116175932810.jpg,train
2,2,2_0_2_20161219221701671.jpg,train
23,1,23_1_1_20170113195614940.jpg,train
61,0,61_1_0_20170117192206514.jpg,train
26,3,26_0_3_20170119184306855.jpg,train
56,0,56_0_0_20170120223807822.jpg,train
26,0,26_0_0_20170103235356420.jpg,train
35,0,35_0_0_20170117170519707.jpg,train
26,1,26_0_1_20170117195155997.jpg,train
38,1,38_0_1_20170114033516210.jpg,train
35,0,35_1_0_20170117183029095.jpg,train
42,2,42_0_2_20170112192928782.jpg,train
38,0,38_0_0_20170117153835602.jpg,train
28,0,28_1_0_20170114032127194.jpg,train
42,0,42_0_0_20170117134404818.jpg,train
40,0,40_0_0_20170117140006196.jpg,train
45,0,45_1_0_20170117135025030.jpg,train
26,1,26_0_1_20170105183906447.jpg,train
34,0,34_0_0_20170117134916472.jpg,train
1,2,1_1_2_20161219154844605.jpg,train
39,0,39_1_0_20170103183321298.jpg,train
54,1,54_0_1_20170113151911864.jpg,train
54,1,54_0_1_20170117183527321.jpg,train
1,2,1_0_2_20161219142630087.jpg,train
45,0,45_0_0_20170117144436643.jpg,train
27,2,27_1_2_20170116171630835.jpg,train
5,2,5_0_2_20161220145611447.jpg,train
42,0,42_0_0_20170117154746484.jpg,train
35,1,35_0_1_20170117143139491.jpg,train
75,0,75_0_0_20170117192234922.jpg,train
1,2,1_0_2_20161219201403764.jpg,train
1,3,1_1_3_20161220222647563.jpg,train
1,0,1_0_0_20170110213018391.jpg,train
26,3,26_1_3_20170119193100235.jpg,train
26,1,26_1_1_20170116232330694.jpg,train
24,4,24_1_4_20170117150618462.jpg,train
50,3,50_0_3_20170119202012733.jpg,train
27,0,27_0_0_20170117202102927.jpg,train
50,0,50_0_0_20170117154301923.jpg,train
52,0,52_1_0_20170104212301653.jpg,train
23,3,23_1_3_20170104222248295.jpg,train
26,0,26_1_0_20170117152703723.jpg,train
1,4,1_0_4_20161221193016140.jpg,train
70,0,70_1_0_20170117155916072.jpg,train
23,2,23_0_2_20170116172945780.jpg,train
18,1,18_1_1_20170116164854853.jpg,train
70,0,70_0_0_20170117171634067.jpg,train
70,0,70_0_0_20170120223159907.jpg,train
24,1,24_1_1_20170115235403633.jpg,train
29,1,29_0_1_20170117135753077.jpg,train
32,1,32_0_1_20170116010902960.jpg,train
40,0,40_0_0_20170116221116416.jpg,train
48,0,48_0_0_20170104184737717.jpg,train
29,0,29_1_0_20170104172655682.jpg,train
5,0,5_0_0_20170110213357051.jpg,train
26,1,26_0_1_20170113134354008.jpg,train
47,0,47_0_0_20170117190246626.jpg,train
42,0,42_0_0_20170117203914696.jpg,train
22,4,22_1_4_20170104001853773.jpg,train
9,0,9_0_0_20170110220510618.jpg,train
20,0,20_1_0_20170117141304848.jpg,train
1,2,1_0_2_20161219204010237.jpg,train
47,0,47_1_0_20170109220523042.jpg,train
39,0,39_0_0_20170112215032192.jpg,train
51,0,51_0_0_20170111200007714.jpg,train
50,3,50_0_3_20170119205559383.jpg,train
67,0,67_1_0_20170110152923990.jpg,train
52,0,52_0_0_20170117160940615.jpg,train
75,0,75_1_0_20170110122303534.jpg,train
3,0,3_1_0_20170109192003664.jpg,train
30,0,30_0_0_20170117131024540.jpg,train
40,0,40_0_0_20170117090946200.jpg,train
40,0,40_0_0_20170117171009947.jpg,train
53,0,53_1_0_20170110122404436.jpg,train
30,0,30_0_0_20170116212120743.jpg,train
37,0,37_1_0_20170117135937931.jpg,train
52,0,52_0_0_20170105173134925.jpg,train
25,1,25_1_1_20170112235032674.jpg,train
31,1,31_1_1_20170117005813452.jpg,train
53,0,53_1_0_20170110122611684.jpg,train
35,0,35_1_0_20170117183012966.jpg,train
35,1,35_0_1_20170117151527396.jpg,train
27,3,27_1_3_20170119194424402.jpg,train
51,0,51_0_0_20170117160806351.jpg,train
21,0,21_1_0_20170109214808229.jpg,train
65,0,65_0_0_20170111193809606.jpg,train
3,2,3_0_2_20161219210918485.jpg,train
38,0,38_0_0_20170104205607908.jpg,train
61,1,61_0_1_20170113190738584.jpg,train
26,1,26_1_1_20170112204726835.jpg,train
80,0,80_1_0_20170117175612764.jpg,train
30,2,30_1_2_20170116162634192.jpg,train
55,3,55_0_3_20170119195823299.jpg,train
20,0,20_1_0_20170112231826743.jpg,train
27,1,27_1_1_20170113012330703.jpg,train
50,0,50_0_0_20170117182857325.jpg,train
30,0,30_0_0_20170104201747498.jpg,train
29,3,29_0_3_20170119164635285.jpg,train
45,1,45_0_1_20170120221116053.jpg,train
24,4,24_1_4_20170117150521764.jpg,train
1,0,1_1_0_20170109191817067.jpg,train
56,3,56_0_3_20170104232656954.jpg,train
25,1,25_0_1_20170113134148688.jpg,train
4,0,4_1_0_20170117201312381.jpg,train
24,1,24_1_1_20170115235619848.jpg,train
32,1,32_1_1_20170112210352980.jpg,train
34,1,34_0_1_20170113151922160.jpg,train
24,1,24_1_1_20170116200854756.jpg,train
31,2,31_1_2_20170117164748522.jpg,train
14,0,14_1_0_20170109204131257.jpg,train
59,0,59_0_0_20170111171747529.jpg,train
20,1,20_1_1_20170112231413086.jpg,train
34,1,34_1_1_20170117194352091.jpg,train
50,3,50_0_3_20170117181143891.jpg,train
32,0,32_1_0_20170109134507157.jpg,train
68,0,68_1_0_20170113210319664.jpg,train
45,0,45_0_0_20170117182204430.jpg,train
21,3,21_0_3_20170119154036769.jpg,train
57,0,57_1_0_20170110122411678.jpg,train
34,0,34_1_0_20170112203838660.jpg,train
30,0,30_0_0_20170117191438986.jpg,train
32,0,32_1_0_20170116214615260.jpg,train
26,3,26_0_3_20170117152547043.jpg,train
36,0,36_1_0_20170103182523314.jpg,train
26,2,26_1_2_20170116184059994.jpg,train
8,0,8_1_0_20170109202756111.jpg,train
16,0,16_1_0_20170109214508303.jpg,train
22,2,22_0_2_20170104020041910.jpg,train
26,2,26_1_2_20170116184512597.jpg,train
26,3,26_1_3_20170109133424931.jpg,train
14,0,14_0_0_20170110225725643.jpg,train
36,0,36_0_0_20170117183301527.jpg,train
45,1,45_0_1_20170113173605450.jpg,train
55,3,55_1_3_20170109142400325.jpg,train
24,4,24_1_4_20170117150624909.jpg,train
26,0,26_0_0_20170113210127300.jpg,train
24,0,24_1_0_20170103180642496.jpg,train
26,0,26_1_0_20170117091743194.jpg,train
26,2,26_1_2_20170116184242565.jpg,train
21,3,21_0_3_20170117141644440.jpg,train
34,3,34_0_3_20170119200819270.jpg,train
40,1,40_0_1_20170117170529962.jpg,train
70,0,70_0_0_20170105173625820.jpg,train
1,0,1_0_0_20170110212555368.jpg,train
23,3,23_0_3_20170119150001740.jpg,train
43,0,43_1_0_20170119204611182.jpg,train
1,2,1_0_2_20161219141101408.jpg,train
3,2,3_0_2_20161219161653119.jpg,train
24,1,24_0_1_20170113195929797.jpg,train
40,0,40_0_0_20170117144630227.jpg,train
1,1,1_0_1_20170110213649083.jpg,train
23,4,23_1_4_20161223230013995.jpg,train
1,2,1_1_2_20161219210955701.jpg,train
22,0,22_1_0_20170109213850161.jpg,train
45,0,45_0_0_20170120222004116.jpg,train
30,0,30_1_0_20170117153443852.jpg,train
24,2,24_1_2_20170116165611580.jpg,train
52,0,52_0_0_20170117154814549.jpg,train
1,4,1_0_4_20161221195857728.jpg,train
27,0,27_1_0_20170103175534240.jpg,train
50,0,50_0_0_20170117194216684.jpg,train
55,0,55_1_0_20170117145739403.jpg,train
50,1,50_0_1_20170104210950012.jpg,train
4,0,4_0_0_20170110213253207.jpg,train
18,3,18_1_3_20170119153619553.jpg,train
1,3,1_0_3_20161219225648120.jpg,train
38,0,38_1_0_20170116003240193.jpg,train
26,0,26_1_0_20170116234619701.jpg,train
25,2,25_0_2_20170116175216129.jpg,train
35,1,35_1_1_20170117005839967.jpg,train
40,0,40_1_0_20170117135425683.jpg,train
31,1,31_0_1_20170113134750410.jpg,train
20,0,20_0_0_20170105183430767.jpg,train
1,4,1_1_4_20161221193743543.jpg,train
27,3,27_1_3_20170108224926503.jpg,train
30,0,30_1_0_20170117181422492.jpg,train
25,3,25_0_3_20170119144603197.jpg,train
14,0,14_0_0_20170110225056665.jpg,train
1,2,1_0_2_20161219203954396.jpg,train
35,1,35_1_1_20170112233502352.jpg,train
18,0,18_1_0_20170109213010399.jpg,train
5,0,5_1_0_20170109193656512.jpg,train
28,1,28_0_1_20170113185214520.jpg,train
32,0,32_1_0_20170104171643865.jpg,train
58,0,58_0_0_20170120224625496.jpg,train
32,0,32_0_0_20170104170147266.jpg,train
26,3,26_0_3_20170104214726725.jpg,train
40,1,40_1_1_20170113001043722.jpg,train
1,3,1_0_3_20161219225303736.jpg,train
85,0,85_1_0_20170110155147409.jpg,train
29,3,29_1_3_20170104232940018.jpg,train
32,1,32_0_1_20170113135924858.jpg,train
17,0,17_1_0_20170109214048004.jpg,train
51,0,51_1_0_20170110122510721.jpg,train
27,0,27_1_0_20170117014038281.jpg,train
30,1,30_0_1_20170116213438554.jpg,train
27,3,27_1_3_20170117175958932.jpg,train
27,0,27_0_0_20170105175510406.jpg,train
20,0,20_1_0_20170103175525991.jpg,train
25,0,25_1_0_20170116165638421.jpg,train
35,0,35_0_0_20170116221110764.jpg,train
25,0,25_1_0_20170117195346437.jpg,train
44,3,44_0_3_20170119155759515.jpg,train
43,0,43_1_0_20170119155553251.jpg,train
25,3,25_1_3_20170119171923120.jpg,train
45,0,45_0_0_20170117172531012.jpg,train
8,0,8_1_0_20170109203206197.jpg,train
27,0,27_0_0_20170117184509194.jpg,train
27,1,27_0_1_20170117010714017.jpg,train
26,2,26_1_2_20170116163019946.jpg,train
26,1,26_1_1_20170116231937264.jpg,train
48,0,48_1_0_20170109220537701.jpg,train
2,2,2_1_2_20161219215651168.jpg,train
25,0,25_1_0_20170117204147750.jpg,train
48,0,48_1_0_20170109011221762.jpg,train
35,3,35_0_3_20170119212039049.jpg,train
63,0,63_0_0_20170111171747613.jpg,train
62,0,62_0_0_20170117172611801.jpg,train
28,2,28_1_2_20170116163110033.jpg,train
27,0,27_0_0_20170114033204410.jpg,train
24,2,24_1_2_20170116173414881.jpg,train
4,2,4_0_2_20161219164003879.jpg,train
27,1,27_1_1_20170112213507183.jpg,train
30,2,30_1_2_20170116191239121.jpg,train
27,2,27_0_2_20170119193331082.jpg,train
61,0,61_0_0_20170104185643766.jpg,train
9,0,9_0_0_20170110224835799.jpg,train
45,0,45_0_0_20170119201349453.jpg,train
26,0,26_1_0_20170117201635534.jpg,train
39,1,39_0_1_20170117165745495.jpg,train
36,1,36_1_1_20170116011443442.jpg,train
16,0,16_0_0_20170110232316211.jpg,train
50,3,50_1_3_20170117185207623.jpg,train
4,0,4_1_0_20170109204331818.jpg,train
80,0,80_0_0_20170117175248197.jpg,train
40,0,40_1_0_20170116235736541.jpg,train
35,0,35_1_0_20170103182149977.jpg,train
25,1,25_1_1_20170112205209506.jpg,train
24,0,24_1_0_20170104233906146.jpg,train
5,2,5_1_2_20161219194248395.jpg,train
26,1,26_0_1_20170116182136243.jpg,train
1,3,1_0_3_20161219230132696.jpg,train
29,0,29_0_0_20170117180842036.jpg,train
36,0,36_0_0_20170117183315158.jpg,train
35,0,35_0_0_20170120220720314.jpg,train
25,0,25_0_0_20170119171125583.jpg,train
51,0,51_1_0_20170104212206804.jpg,train
26,1,26_0_1_20170113134742393.jpg,train
50,3,50_0_3_20170119154108905.jpg,train
18,0,18_1_0_20170109214239711.jpg,train
37,0,37_1_0_20170104172432171.jpg,train
1,2,1_0_2_20161219141529089.jpg,train
2,0,2_0_0_20170110213208884.jpg,train
58,0,58_1_0_20170110154135560.jpg,train
30,0,30_0_0_20170117000350509.jpg,train
49,0,49_1_0_20170117154443925.jpg,train
32,0,32_0_0_20170117134709477.jpg,train
45,1,45_1_1_20170112234408154.jpg,train
31,0,31_1_0_20170116232936514.jpg,train
20,2,20_1_2_20170103234750663.jpg,train
26,2,26_1_2_20170116175912015.jpg,train
32,2,32_0_2_20170116191438103.jpg,train
20,1,20_0_1_20170113132411433.jpg,train
3,0,3_1_0_20170109192346475.jpg,train
50,3,50_0_3_20170119204347415.jpg,train
34,0,34_1_0_20170105164257004.jpg,train
40,1,40_0_1_20170113135423609.jpg,train
36,3,36_0_3_20170119194743443.jpg,train
41,0,41_1_0_20170103183002200.jpg,train
32,2,32_0_2_20170116191445634.jpg,train
26,3,26_0_3_20170119180330838.jpg,train
2,0,2_0_0_20161219154008997.jpg,train
32,1,32_0_1_20170113155159833.jpg,train
1,0,1_1_0_20170109194458191.jpg,train
26,2,26_0_2_20170116183713007.jpg,train
35,3,35_0_3_20170119181105779.jpg,train
29,0,29_1_0_20170104184312581.jpg,train
24,0,24_1_0_20170116211933213.jpg,train
38,0,38_1_0_20170104192820567.jpg,train
39,1,39_0_1_20170117154230635.jpg,train
61,3,61_0_3_20170119211907034.jpg,train
30,1,30_0_1_20170117130040363.jpg,train
14,0,14_1_0_20170109204620092.jpg,train
45,0,45_0_0_20170117173032588.jpg,train
20,0,20_1_0_20170117193547491.jpg,train
35,0,35_1_0_20170117174927240.jpg,train
29,2,29_0_2_20170116192725270.jpg,train
46,0,46_1_0_20170104194343303.jpg,train
30,4,30_1_4_20170117194826836.jpg,train
1,4,1_0_4_20161221201411850.jpg,train
14,0,14_1_0_20170109204304326.jpg,train
26,1,26_1_1_20170113000317146.jpg,train
23,3,23_1_3_20170119164509213.jpg,train
26,1,26_0_1_20170103210459306.jpg,train
23,2,23_1_2_20170116173145383.jpg,train
1,0,1_0_0_20170110213006580.jpg,train
32,0,32_1_0_20170116002157320.jpg,train
45,0,45_1_0_20170110140908362.jpg,train
26,1,26_0_1_20170116192814189.jpg,train
2,2,2_1_2_20161219161912078.jpg,train
47,0,47_1_0_20170109220517890.jpg,train
27,0,27_1_0_20170117164325646.jpg,train
35,4,35_0_4_20170103234956580.jpg,train
30,2,30_0_2_20170116172536135.jpg,train
1,2,1_0_2_20161219204634589.jpg,train
25,0,25_0_0_20170104004153743.jpg,train
1,0,1_0_0_20170110213138878.jpg,train
14,0,14_0_0_20170110232523770.jpg,train
27,3,27_0_3_20170119194349003.jpg,train
47,0,47_0_0_20170120222544769.jpg,train
22,0,22_0_0_20170116205550916.jpg,train
17,0,17_0_0_20170104003852806.jpg,train
20,4,20_1_4_20170103223121735.jpg,train
72,0,72_0_0_20170111195358992.jpg,train
26,1,26_1_1_20170116231829268.jpg,train
1,3,1_1_3_20161219224457585.jpg,train
55,3,55_0_3_20170119211436800.jpg,train
35,0,35_1_0_20170116232957896.jpg,train
35,0,35_0_0_20170117120013930.jpg,train
2,3,2_0_3_20161219221730658.jpg,train
35,0,35_0_0_20170117021229282.jpg,train
35,2,35_0_2_20170116164423714.jpg,train
1,0,1_0_0_20170109193823674.jpg,train
34,1,34_0_1_20170117190152870.jpg,train
28,0,28_1_0_20170117121818523.jpg,train
24,2,24_1_2_20170105184025097.jpg,train
37,3,37_0_3_20170119152336983.jpg,train
35,0,35_1_0_20170104181321972.jpg,train
22,0,22_0_0_20170110232206562.jpg,train
47,0,47_0_0_20170104184157446.jpg,train
24,2,24_1_2_20170116173550213.jpg,train
24,2,24_1_2_20170116174457770.jpg,train
3,0,3_1_0_20170109193047806.jpg,train
56,1,56_0_1_20170113184709263.jpg,train
43,0,43_0_0_20170117171818356.jpg,train
8,0,8_1_0_20170109202802966.jpg,train
38,0,38_1_0_20170103181733834.jpg,train
90,0,90_0_0_20170111211204031.jpg,train
32,0,32_0_0_20170117120910383.jpg,train
40,1,40_1_1_20170112231359349.jpg,train
39,0,39_0_0_20170104174019973.jpg,train
26,2,26_1_2_20170116163918033.jpg,train
39,1,39_1_1_20170113000820292.jpg,train
85,0,85_1_0_20170110183957671.jpg,train
54,3,54_0_3_20170119201327821.jpg,train
26,0,26_0_0_20170117195448787.jpg,train
24,2,24_1_2_20170117194430613.jpg,train
24,2,24_1_2_20170104020224692.jpg,train
31,0,31_0_0_20170117203027168.jpg,train
21,1,21_0_1_20170113133115864.jpg,train
50,1,50_0_1_20170116010800352.jpg,train
32,0,32_0_0_20170117182320245.jpg,train
40,1,40_1_1_20170113001541188.jpg,train
28,3,28_0_3_20170117120959404.jpg,train
32,4,32_1_4_20170117203127032.jpg,train
32,2,32_1_2_20170116185951847.jpg,train
27,2,27_0_2_20170116172745659.jpg,train
35,0,35_0_0_20170117185746842.jpg,train
22,3,22_1_3_20161220222350986.jpg,train
54,0,54_0_0_20170104184603397.jpg,train
69,0,69_1_0_20170110122730511.jpg,train
76,0,76_0_0_20170111210122757.jpg,train
51,0,51_0_0_20170116201815152.jpg,train
27,0,27_0_0_20170117013702526.jpg,train
35,0,35_1_0_20170117185628434.jpg,train
61,0,61_0_0_20170117174441717.jpg,train
2,2,2_1_2_20161219142446329.jpg,train
9,0,9_0_0_20170110220150362.jpg,train
43,1,43_1_1_20170117155120541.jpg,train
40,0,40_1_0_20170117135413979.jpg,train
36,0,36_0_0_20170109010229413.jpg,train
2,0,2_0_0_20170110212710755.jpg,train
30,0,30_0_0_20170117143359866.jpg,train
40,0,40_0_0_20170117141236795.jpg,train
16,0,16_0_0_20170110231521377.jpg,train
35,0,35_0_0_20170117172438851.jpg,train
56,0,56_0_0_20170104210554380.jpg,train
51,0,51_0_0_20170113183747149.jpg,train
55,3,55_0_3_20170119202256173.jpg,train
32,3,32_0_3_20170119154229786.jpg,train
8,0,8_1_0_20170109205018500.jpg,train
17,0,17_0_0_20170110232017297.jpg,train
30,1,30_0_1_20170117130551448.jpg,train
26,2,26_1_2_20170116175919039.jpg,train
50,3,50_0_3_20170119204538302.jpg,train
40,2,40_0_2_20170117001148193.jpg,train
65,0,65_0_0_20170117171038979.jpg,train
44,0,44_0_0_20170105173313757.jpg,train
37,0,37_1_0_20170104165602361.jpg,train
24,0,24_0_0_20170117150006042.jpg,train
40,0,40_0_0_20170117154610956.jpg,train
26,4,26_0_4_20170117153015117.jpg,train
24,3,24_1_3_20170104231911026.jpg,train
30,0,30_0_0_20170117003412499.jpg,train
24,2,24_1_2_20170104015713028.jpg,train
38,0,38_1_0_20170104202430130.jpg,train
26,1,26_1_1_20170113000509698.jpg,train
26,1,26_1_1_20170112210842781.jpg,train
70,0,70_0_0_20170116233001019.jpg,train
26,1,26_0_1_20170104230506569.jpg,train
53,3,53_0_3_20170119205743575.jpg,train
50,0,50_1_0_20170104213643230.jpg,train
41,0,41_0_0_20170117185342291.jpg,train
27,1,27_1_1_20170113000855147.jpg,train
1,2,1_0_2_20161219200052700.jpg,train
28,0,28_1_0_20170116221840111.jpg,train
2,2,2_0_2_20161219161204614.jpg,train
27,3,27_1_3_20170119144021952.jpg,train
29,3,29_1_3_20170109134027563.jpg,train
26,2,26_0_2_20170116181352905.jpg,train
35,1,35_0_1_20170113134244873.jpg,train
40,0,40_0_0_20170117203837280.jpg,train
22,3,22_1_3_20170119155949578.jpg,train
66,0,66_0_0_20170117191832603.jpg,train
21,1,21_0_1_20170114031536421.jpg,train
40,0,40_0_0_20170116222105127.jpg,train
35,2,35_0_2_20170116173616956.jpg,train
2,3,2_1_3_20161219225310256.jpg,train
49,0,49_0_0_20170117160559335.jpg,train
60,0,60_0_0_20170116235858675.jpg,train
16,0,16_1_0_20170109213608540.jpg,train
24,2,24_1_2_20170104020528324.jpg,train
15,0,15_0_0_20170105183254311.jpg,train
53,0,53_0_0_20170117163657978.jpg,train
1,2,1_0_2_20161219204958037.jpg,train
26,3,26_1_3_20170119192406609.jpg,train
26,1,26_0_1_20170117195438339.jpg,train
27,0,27_0_0_20170116203031756.jpg,train
13,0,13_0_0_20170110225059227.jpg,train
5,3,5_0_3_20161220222940507.jpg,train
24,2,24_0_2_20170116193026959.jpg,train
34,0,34_0_0_20170117134914071.jpg,train
80,0,80_1_0_20170111210442298.jpg,train
2,2,2_1_2_20161219161707181.jpg,train
27,1,27_0_1_20170102233552626.jpg,train
35,1,35_0_1_20170116025838482.jpg,train
1,3,1_0_3_20161219224956400.jpg,train
26,1,26_1_1_20170116231926819.jpg,train
26,3,26_1_3_20170119193059058.jpg,train
26,1,26_0_1_20170113155103554.jpg,train
43,0,43_0_0_20170117175406746.jpg,train
65,0,65_0_0_20170117162848739.jpg,train
26,3,26_1_3_20170104232139409.jpg,train
26,4,26_0_4_20170117200017039.jpg,train
27,0,27_0_0_20170117175813577.jpg,train
26,2,26_1_2_20170116184248014.jpg,train
1,0,1_1_0_20170109190455518.jpg,train
8,0,8_1_0_20170109204452579.jpg,train
28,3,28_0_3_20170119194509114.jpg,train
30,1,30_0_1_20170113133612273.jpg,train
1,0,1_1_0_20170109190845250.jpg,train
48,0,48_0_0_20170109012109036.jpg,train
26,3,26_1_3_20170104222810087.jpg,train
3,0,3_0_0_20170109192415151.jpg,train
26,0,26_0_0_20170113210605342.jpg,train
45,0,45_0_0_20170120221543685.jpg,train
12,0,12_0_0_20170110221819113.jpg,train
60,0,60_1_0_20170110160643704.jpg,train
65,0,65_0_0_20170111202238826.jpg,train
36,0,36_1_0_20170117091609131.jpg,train
32,0,32_1_0_20170103182602906.jpg,train
35,0,35_0_0_20170119201458029.jpg,train
1,0,1_0_0_20170117133107123.jpg,train
54,0,54_1_0_20170117191133235.jpg,train
29,1,29_1_1_20170112234606137.jpg,train
5,0,5_0_0_20170103205053570.jpg,train
34,3,34_0_3_20170119164614317.jpg,train
55,0,55_0_0_20170116222002492.jpg,train
54,0,54_0_0_20170104212507413.jpg,train
52,1,52_0_1_20170111171747356.jpg,train
28,3,28_0_3_20170119194942867.jpg,train
2,4,2_1_4_20170103205810354.jpg,train
32,1,32_1_1_20170113000438328.jpg,train
7,0,7_1_0_20170109201632806.jpg,train
30,3,30_0_3_20170117154921159.jpg,train
2,2,2_1_2_20161219160830902.jpg,train
23,2,23_1_2_20170116173103304.jpg,train
34,1,34_0_1_20170116204949668.jpg,train
3,4,3_1_4_20161221193402694.jpg,train
58,3,58_0_3_20170112205533156.jpg,train
34,3,34_0_3_20170119152247249.jpg,train
32,2,32_1_2_20170117134739830.jpg,train
27,0,27_1_0_20170103180510792.jpg,train
36,3,36_0_3_20170119202102207.jpg,train
65,0,65_1_0_20170110182002744.jpg,train
45,0,45_0_0_20170117170125010.jpg,train
48,1,48_0_1_20170113185049416.jpg,train
55,0,55_0_0_20170116232628323.jpg,train
2,3,2_0_3_20161219225201960.jpg,train
14,0,14_0_0_20170104012341136.jpg,train
26,2,26_0_2_20170119184053318.jpg,train
26,1,26_1_1_20170116011406006.jpg,train
35,3,35_1_3_20170119201519805.jpg,train
24,0,24_1_0_20170117194528243.jpg,train
1,4,1_1_4_20161221192629892.jpg,train
28,0,28_1_0_20170117184735527.jpg,train
24,1,24_1_1_20170112231819332.jpg,train
30,1,30_0_1_20170116024856991.jpg,train
1,2,1_0_2_20161219194721851.jpg,train
4,0,4_0_0_20170110213121589.jpg,train
2,2,2_1_2_20161219203838084.jpg,train
4,0,4_1_0_20161220220732418.jpg,train
39,3,39_1_3_20170104223518221.jpg,train
9,0,9_0_0_20170110224837718.jpg,train
48,0,48_1_0_20170104185815758.jpg,train
61,0,61_1_0_20170109142140107.jpg,train
24,0,24_0_0_20170104230603529.jpg,train
1,4,1_0_4_20161221202206568.jpg,train
43,0,43_0_0_20170105164829293.jpg,train
10,0,10_1_0_20170109204255055.jpg,train
4,3,4_1_3_20161219230403672.jpg,train
55,0,55_0_0_20170117190131875.jpg,train
36,0,36_0_0_20170104201153985.jpg,train
1,0,1_0_0_20170110213537039.jpg,train
24,0,24_1_0_20170116220128735.jpg,train
18,0,18_1_0_20170109213142404.jpg,train
27,0,27_0_0_20170117114918781.jpg,train
58,0,58_0_0_20170120224608368.jpg,train
32,4,32_0_4_20170117021536804.jpg,train
64,0,64_0_0_20170111222707336.jpg,train
25,2,25_1_2_20170104021048828.jpg,train
26,0,26_0_0_20170120134406935.jpg,train
35,3,35_0_3_20170119201410901.jpg,train
1,3,1_1_3_20161219225640200.jpg,train
4,4,4_1_4_20170103230711649.jpg,train
56,0,56_0_0_20170116183723573.jpg,train
47,3,47_0_3_20170119205154121.jpg,train
32,0,32_1_0_20170109133037167.jpg,train
2,3,2_1_3_20161219225432608.jpg,train
65,0,65_0_0_20170117162857355.jpg,train
46,3,46_0_3_20170119175317994.jpg,train
28,3,28_1_3_20170117180649497.jpg,train
26,3,26_1_3_20170117154821244.jpg,train
40,0,40_1_0_20170104192805191.jpg,train
75,0,75_0_0_20170111210855670.jpg,train
37,0,37_0_0_20170113210126299.jpg,train
28,3,28_0_3_20170119194433052.jpg,train
26,0,26_1_0_20170113182514710.jpg,train
18,0,18_1_0_20170116211949605.jpg,train
30,2,30_1_2_20170116174427095.jpg,train
32,2,32_1_2_20170109135854714.jpg,train
8,0,8_1_0_20170109203315965.jpg,train
35,0,35_1_0_20170117203415648.jpg,train
26,1,26_1_1_20170116170023605.jpg,train
40,0,40_0_0_20170116211616639.jpg,train
40,0,40_1_0_20170117170612507.jpg,train
23,2,23_1_2_20170116173017785.jpg,train
1,4,1_1_4_20170109194502921.jpg,train
38,0,38_0_0_20170104205946635.jpg,train
27,4,27_1_4_20170103225912217.jpg,train
30,0,30_1_0_20170117170803122.jpg,train
40,0,40_0_0_20170117175319946.jpg,train
49,3,49_0_3_20170119205458583.jpg,train
29,1,29_1_1_20170116021359164.jpg,train
26,2,26_1_2_20170104020149844.jpg,train
8,0,8_1_0_20170104005606487.jpg,train
26,1,26_1_1_20170113182739526.jpg,train
26,0,26_1_0_20170105163517523.jpg,train
5,0,5_1_0_20170109192057548.jpg,train
36,3,36_0_3_20170119201744493.jpg,train
35,0,35_0_0_20170120221029196.jpg,train
28,1,28_0_1_20170113133920440.jpg,train
2,0,2_1_0_20170109192455080.jpg,train
26,2,26_0_2_20170116182415133.jpg,train
28,3,28_0_3_20170113153014880.jpg,train
28,0,28_0_0_20170104202019890.jpg,train
2,3,2_1_3_20161220144844310.jpg,train
6,3,6_1_3_20161220222420627.jpg,train
25,3,25_0_3_20170117140644345.jpg,train
25,0,25_1_0_20170103175643807.jpg,train
16,0,16_1_0_20170113210605072.jpg,train
22,3,22_0_3_20170117154523094.jpg,train
26,3,26_0_3_20170119183930502.jpg,train
9,0,9_0_0_20170110220712974.jpg,train
30,1,30_1_1_20170112203939596.jpg,train
24,0,24_1_0_20170117150326821.jpg,train
1,2,1_0_2_20161219204418485.jpg,train
24,4,24_1_4_20170103223348808.jpg,train
57,0,57_1_0_20170110141704735.jpg,train
57,0,57_0_0_20170116214453175.jpg,train
24,4,24_0_4_20170117194350012.jpg,train
40,0,40_1_0_20170117091853557.jpg,train
26,2,26_1_2_20170116180722613.jpg,train
32,2,32_1_2_20170116162312021.jpg,train
38,0,38_0_0_20170116224644283.jpg,train
16,0,16_0_0_20170110231811882.jpg,train
65,0,65_1_0_20170110131531222.jpg,train
53,0,53_1_0_20170117163713738.jpg,train
1,3,1_1_3_20161219225320176.jpg,train
24,0,24_1_0_20170116225049260.jpg,train
1,3,1_0_3_20161220223247506.jpg,train
1,2,1_0_2_20161219155400229.jpg,train
35,1,35_1_1_20170117135248701.jpg,train
25,0,25_1_0_20170116002343174.jpg,train
6,0,6_1_0_20170114033411045.jpg,train
35,3,35_0_3_20170116210123526.jpg,train
28,0,28_1_0_20170117180708809.jpg,train
32,1,32_1_1_20170103162943271.jpg,train
28,4,28_0_4_20170117020801701.jpg,train
8,0,8_1_0_20170109204608113.jpg,train
42,3,42_0_3_20170119204433431.jpg,train
30,3,30_0_3_20170119162644734.jpg,train
60,0,60_1_0_20170110151507697.jpg,train
36,0,36_1_0_20170119192652946.jpg,train
40,1,40_0_1_20170117185317784.jpg,train
40,0,40_1_0_20170105172808981.jpg,train
17,1,17_0_1_20170114025845366.jpg,train
85,0,85_1_0_20170120223641413.jpg,train
39,0,39_1_0_20170104183645789.jpg,train
32,1,32_1_1_20170116000551316.jpg,train
8,3,8_1_3_20161220222535466.jpg,train
30,1,30_0_1_20170117130008683.jpg,train
36,0,36_1_0_20170110173815028.jpg,train
60,3,60_0_3_20170119205706295.jpg,train
29,0,29_0_0_20170117180951076.jpg,train
36,1,36_0_1_20170117154338564.jpg,train
9,0,9_1_0_20170109202824646.jpg,train
47,0,47_0_0_20170109010047327.jpg,train
28,2,28_0_2_20170116165016235.jpg,train
27,1,27_0_1_20170116024214004.jpg,train
28,1,28_0_1_20170113151637766.jpg,train
58,1,58_0_1_20170104185127270.jpg,train
29,1,29_1_1_20170116171830504.jpg,train
60,0,60_1_0_20170117153656364.jpg,train
1,0,1_0_0_20170110213511942.jpg,train
16,0,16_1_0_20170109212357604.jpg,train
80,0,80_0_0_20170117171459531.jpg,train
21,2,21_1_2_20170116165009080.jpg,train
47,0,47_1_0_20170111182452927.jpg,train
27,2,27_1_2_20170116185938978.jpg,train
25,1,25_0_1_20170113151453752.jpg,train
20,1,20_1_1_20170113195429469.jpg,train
1,0,1_1_0_20161219202919508.jpg,train
30,2,30_1_2_20170116192245601.jpg,train
35,0,35_0_0_20170104200553297.jpg,train
7,0,7_0_0_20170110225139511.jpg,train
31,1,31_0_1_20170113173411619.jpg,train
30,0,30_0_0_20170117130639687.jpg,train
40,0,40_0_0_20170104174309067.jpg,train
28,3,28_0_3_20170119194929915.jpg,train
25,0,25_0_0_20170104004136182.jpg,train
26,0,26_1_0_20170109002353702.jpg,train
6,0,6_1_0_20170109194012135.jpg,train
38,1,38_1_1_20170117141853541.jpg,train
50,3,50_1_3_20170117153134813.jpg,train
60,0,60_1_0_20170110154144201.jpg,train
26,0,26_0_0_20170104022546750.jpg,train
34,0,34_1_0_20170120223231804.jpg,train
24,2,24_0_2_20170116172146677.jpg,train
53,0,53_0_0_20170120223125364.jpg,train
27,2,27_0_2_20161219194038690.jpg,train
33,0,33_1_0_20170103182231977.jpg,train
26,3,26_0_3_20170117153621606.jpg,train
58,0,58_0_0_20170109015153214.jpg,train
2,2,2_1_2_20161219212017166.jpg,train
67,0,67_0_0_20170111193821219.jpg,train
21,4,21_1_4_20170103223244111.jpg,train
42,1,42_0_1_20170116194444692.jpg,train
21,3,21_1_3_20170104231611130.jpg,train
58,0,58_0_0_20170117173315296.jpg,train
54,0,54_0_0_20170109013343077.jpg,train
75,0,75_0_0_20170111210525525.jpg,train
26,0,26_1_0_20170117172636235.jpg,train
11,0,11_0_0_20170110224505551.jpg,train
34,0,34_0_0_20170119200810940.jpg,train
56,0,56_1_0_20170110122335365.jpg,train
30,2,30_1_2_20170116165432533.jpg,train
30,0,30_0_0_20170117171629282.jpg,train
26,1,26_1_1_20170112213310815.jpg,train
22,4,22_1_4_20170117145350418.jpg,train
30,1,30_1_1_20170116011401203.jpg,train
65,0,65_0_0_20170111193847133.jpg,train
8,0,8_1_0_20170109203601774.jpg,train
26,3,26_0_3_20170119150517469.jpg,train
1,2,1_0_2_20161219162847615.jpg,train
1,2,1_1_2_20161219162225422.jpg,train
66,0,66_1_0_20170110160644001.jpg,train
50,0,50_1_0_20170110143343917.jpg,train
4,0,4_0_0_20170110213408453.jpg,train
8,0,8_1_0_20170109203435759.jpg,train
26,4,26_1_4_20170117174153056.jpg,train
50,0,50_0_0_20170105161353395.jpg,train
24,0,24_1_0_20170105183859832.jpg,train
39,1,39_1_1_20170117184932055.jpg,train
40,1,40_1_1_20170116233256221.jpg,train
25,0,25_1_0_20170116223826765.jpg,train
30,1,30_0_1_20170113133122016.jpg,val
30,1,30_0_1_20170117202828582.jpg,val
30,1,30_1_1_20170112210433845.jpg,val
30,1,30_1_1_20170113011807912.jpg,val
30,1,30_1_1_20170117133827950.jpg,val
30,1,30_1_1_20170113013050208.jpg,val
30,1,30_1_1_20170113195544997.jpg,val
30,1,30_0_1_20170117142125041.jpg,val
30,1,30_0_1_20170113133914136.jpg,val
30,1,30_1_1_20170113010438590.jpg,val
34,1,34_1_1_20170113001446387.jpg,val
34,1,34_1_1_20170116222831261.jpg,val
34,1,34_0_1_20170117020023943.jpg,val
34,1,34_0_1_20170113173021417.jpg,val
34,1,34_1_1_20170116164411145.jpg,val
34,1,34_0_1_20170113155438945.jpg,val
34,1,34_1_1_20170112234631399.jpg,val
34,1,34_0_1_20170116002253177.jpg,val
34,1,34_0_1_20170117020018932.jpg,val
34,1,34_1_1_20170116224909263.jpg,val
36,1,36_0_1_20170116193844474.jpg,val
36,1,36_0_1_20170117163535860.jpg,val
36,1,36_0_1_20170113161458922.jpg,val
36,1,36_0_1_20170116205322430.jpg,val
36,1,36_0_1_20170113142202668.jpg,val
36,1,36_1_1_20170115235941456.jpg,val
36,1,36_0_1_20170116030116849.jpg,val
36,1,36_1_1_20170116161709695.jpg,val
36,1,36_0_1_20170117163203851.jpg,val
36,1,36_1_1_20170112203914370.jpg,val
32,1,32_0_1_20170113151518431.jpg,val
32,1,32_1_1_20170112210500948.jpg,val
32,1,32_0_1_20170113142304517.jpg,val
32,1,32_1_1_20170116012153835.jpg,val
32,1,32_1_1_20170116224203659.jpg,val
32,1,32_0_1_20170113135737704.jpg,val
32,1,32_1_1_20170117140927443.jpg,val
32,1,32_0_1_20170117010054839.jpg,val
32,1,32_1_1_20170116021012241.jpg,val
32,1,32_1_1_20170113012946729.jpg,val
17,1,17_0_1_20170110232231513.jpg,val
17,1,17_1_1_20170112230526286.jpg,val
17,1,17_1_1_20170113003718549.jpg,val
17,1,17_0_1_20170116182122450.jpg,val
17,1,17_1_1_20170112231332486.jpg,val
17,1,17_0_1_20170113132534529.jpg,val
17,1,17_1_1_20170116234754901.jpg,val
17,1,17_1_1_20170113132612480.jpg,val
17,1,17_1_1_20170114030029194.jpg,val
17,1,17_1_1_20170109214110957.jpg,val
26,1,26_1_1_20170112213031047.jpg,val
26,1,26_1_1_20170117200437960.jpg,val
26,1,26_1_1_20170116232657066.jpg,val
26,1,26_1_1_20170116222929223.jpg,val
26,1,26_0_1_20170117200630022.jpg,val
26,1,26_1_1_20170103181834825.jpg,val
26,1,26_1_1_20170113000749634.jpg,val
26,1,26_1_1_20170116153211138.jpg,val
26,1,26_0_1_20170116205013743.jpg,val
26,1,26_0_1_20170105183731642.jpg,val
29,1,29_0_1_20170116205643042.jpg,val
29,1,29_1_1_20170117202801287.jpg,val
29,1,29_1_1_20170114032143096.jpg,val
29,1,29_1_1_20170116021855730.jpg,val
29,1,29_1_1_20170113001358515.jpg,val
29,1,29_1_1_20170116003411532.jpg,val
29,1,29_0_1_20170104172519610.jpg,val
29,1,29_1_1_20170116020932172.jpg,val
29,1,29_1_1_20170113001350377.jpg,val
29,1,29_0_1_20170117012800357.jpg,val
10,1,10_1_1_20170109204636561.jpg,val
10,1,10_0_1_20170110225339066.jpg,val
10,1,10_0_1_20170116225209209.jpg,val
10,1,10_1_1_20170109202938302.jpg,val
10,1,10_0_1_20170110223455893.jpg,val
10,1,10_0_1_20170110225121326.jpg,val
28,1,28_0_1_20170113134125498.jpg,val
28,1,28_1_1_20170117022228379.jpg,val
28,1,28_1_1_20170117125929515.jpg,val
28,1,28_0_1_20170117015454368.jpg,val
28,1,28_0_1_20170113134036488.jpg,val
28,1,28_0_1_20170117172812224.jpg,val
28,1,28_1_1_20170117140921395.jpg,val
28,1,28_0_1_20170113190421608.jpg,val
28,1,28_1_1_20170116014109875.jpg,val
28,1,28_0_1_20170117020349205.jpg,val
72,1,72_1_1_20170112215442392.jpg,val
72,1,72_0_1_20170113184626575.jpg,val
40,1,40_0_1_20170117141835892.jpg,val
40,1,40_1_1_20170113001848827.jpg,val
40,1,40_0_1_20170113133639818.jpg,val
40,1,40_1_1_20170117170159680.jpg,val
40,1,40_1_1_20170113012402513.jpg,val
40,1,40_0_1_20170117173250993.jpg,val
40,1,40_1_1_20170112234122392.jpg,val
40,1,40_1_1_20170113001152068.jpg,val
40,1,40_0_1_20170113142401365.jpg,val
40,1,40_0_1_20170117141443985.jpg,val
65,1,65_0_1_20170113145609182.jpg,val
65,1,65_0_1_20170117171258523.jpg,val
65,1,65_0_1_20170117191903245.jpg,val
65,1,65_0_1_20170120223512324.jpg,val
65,1,65_0_1_20170111195930473.jpg,val
65,1,65_0_1_20170120134639935.jpg,val
65,1,65_0_1_20170111205129846.jpg,val
65,1,65_0_1_20170111181750510.jpg,val
65,1,65_0_1_20170117190957867.jpg,val
65,1,65_0_1_20170113174805802.jpg,val
38,1,38_1_1_20170113001855604.jpg,val
38,1,38_1_1_20170113005602013.jpg,val
38,1,38_1_1_20170112215245858.jpg,val
38,1,38_0_1_20170117185831737.jpg,val
38,1,38_1_1_20170112234250209.jpg,val
38,1,38_1_1_20170113000746434.jpg,val
38,1,38_1_1_20170109002344735.jpg,val
38,1,38_0_1_20170117191944663.jpg,val
38,1,38_0_1_20170113174624908.jpg,val
38,1,38_1_1_20170113012901907.jpg,val
50,1,50_1_1_20170114031511007.jpg,val
50,1,50_0_1_20170113173649243.jpg,val
50,1,50_0_1_20170113195720980.jpg,val
50,1,50_1_1_20170112235535579.jpg,val
50,1,50_0_1_20170117172803693.jpg,val
50,1,50_0_1_20170113152855753.jpg,val
50,1,50_0_1_20170113134715664.jpg,val
50,1,50_0_1_20170117173432690.jpg,val
50,1,50_1_1_20170112210916132.jpg,val
50,1,50_1_1_20170113001907523.jpg,val
58,1,58_1_1_20170113012118016.jpg,val
58,1,58_0_1_20170117195329446.jpg,val
58,1,58_1_1_20170113185350033.jpg,val
58,1,58_0_1_20170113185358000.jpg,val
58,1,58_1_1_20170113012151936.jpg,val
58,1,58_0_1_20170117160528648.jpg,val
58,1,58_0_1_20170113175352418.jpg,val
58,1,58_0_1_20170117193003224.jpg,val
58,1,58_1_1_20170112224053755.jpg,val
58,1,58_0_1_20170111210843429.jpg,val
27,1,27_0_1_20170117013707230.jpg,val
27,1,27_0_1_20170113183057766.jpg,val
27,1,27_0_1_20170116200549785.jpg,val
27,1,27_0_1_20170117120450912.jpg,val
27,1,27_0_1_20170117192056655.jpg,val
27,1,27_1_1_20170117010009030.jpg,val
27,1,27_0_1_20170113133926055.jpg,val
27,1,27_1_1_20170112233524752.jpg,val
27,1,27_0_1_20170113175536164.jpg,val
27,1,27_1_1_20170117013822716.jpg,val
54,1,54_0_1_20170113145459151.jpg,val
54,1,54_1_1_20170117171655227.jpg,val
54,1,54_1_1_20170113013054027.jpg,val
54,1,54_1_1_20170117204543384.jpg,val
54,1,54_1_1_20170104184935862.jpg,val
54,1,54_0_1_20170117170901716.jpg,val
54,1,54_0_1_20170117191441764.jpg,val
54,1,54_1_1_20170117194849551.jpg,val
54,1,54_0_1_20170117142808120.jpg,val
54,1,54_0_1_20170117185822383.jpg,val
15,1,15_1_1_20170112191307797.jpg,val
15,1,15_1_1_20170109212440397.jpg,val
15,1,15_1_1_20170104005130400.jpg,val
15,1,15_1_1_20170116164052068.jpg,val
15,1,15_1_1_20170112230550725.jpg,val
15,1,15_1_1_20170104012002526.jpg,val
15,1,15_1_1_20170109214142778.jpg,val
15,1,15_1_1_20170104011851042.jpg,val
15,1,15_1_1_20170112230538604.jpg,val
15,1,15_0_1_20170113180633029.jpg,val
60,1,60_0_1_20170111171747543.jpg,val
60,1,60_1_1_20170120223635158.jpg,val
60,1,60_1_1_20170120222320336.jpg,val
60,1,60_0_1_20170113174854844.jpg,val
60,1,60_0_1_20170113185153840.jpg,val
60,1,60_0_1_20170117194137742.jpg,val
60,1,60_1_1_20170113011739319.jpg,val
60,1,60_0_1_20170117160042904.jpg,val
60,1,60_0_1_20170113182850495.jpg,val
60,1,60_0_1_20170117182448367.jpg,val
3,1,3_0_1_20170110213803097.jpg,val
3,1,3_1_1_20170109194614913.jpg,val
3,1,3_0_1_20170119145547519.jpg,val
3,1,3_1_1_20170109190807350.jpg,val
3,1,3_1_1_20170109194603673.jpg,val
3,1,3_1_1_20170109194527475.jpg,val
3,1,3_1_1_20170109194630568.jpg,val
3,1,3_0_1_20170110213758644.jpg,val
61,1,61_0_1_20170117193727094.jpg,val
61,1,61_0_1_20170117194549667.jpg,val
61,1,61_0_1_20170117194609172.jpg,val
61,1,61_0_1_20170117194558194.jpg,val
61,1,61_0_1_20170113175551340.jpg,val
61,1,61_0_1_20170113185412103.jpg,val
61,1,61_0_1_20170117194623461.jpg,val
61,1,61_0_1_20170117194601885.jpg,val
61,1,61_0_1_20170117193626228.jpg,val
61,1,61_0_1_20170113185419607.jpg,val
42,1,42_0_1_20170117171124190.jpg,val
42,1,42_1_1_20170116021841454.jpg,val
42,1,42_1_1_20170116214643802.jpg,val
42,1,42_1_1_20170116160733333.jpg,val
42,1,42_0_1_20170111200932454.jpg,val
42,1,42_1_1_20170112234136775.jpg,val
42,1,42_0_1_20170113184124287.jpg,val
42,1,42_1_1_20170113001552715.jpg,val
42,1,42_0_1_20170117171459684.jpg,val
42,1,42_1_1_20170113012800201.jpg,val
18,1,18_1_1_20170114030258171.jpg,val
18,1,18_0_1_20170116210348146.jpg,val
18,1,18_1_1_20170114030339628.jpg,val
18,1,18_1_1_20170114030253404.jpg,val
18,1,18_1_1_20170116000609057.jpg,val
18,1,18_1_1_20170109214221868.jpg,val
18,1,18_1_1_20170114030232014.jpg,val
18,1,18_1_1_20170117140433352.jpg,val
18,1,18_0_1_20170116204909922.jpg,val
18,1,18_0_1_20170113184819320.jpg,val
24,1,24_1_1_20170112204824258.jpg,val
24,1,24_1_1_20170112231628815.jpg,val
24,1,24_1_1_20170113003752421.jpg,val
24,1,24_0_1_20170116163437875.jpg,val
24,1,24_0_1_20170113151022662.jpg,val
24,1,24_1_1_20170112230612966.jpg,val
24,1,24_0_1_20170113151005343.jpg,val
24,1,24_0_1_20170116205610920.jpg,val
24,1,24_1_1_20170117194553428.jpg,val
24,1,24_1_1_20170115235714565.jpg,val
43,1,43_1_1_20170105172848997.jpg,val
43,1,43_1_1_20170112235219665.jpg,val
43,1,43_0_1_20170104185752431.jpg,val
43,1,43_1_1_20170113001944659.jpg,val
43,1,43_0_1_20170111194850581.jpg,val
43,1,43_0_1_20170117175231213.jpg,val
43,1,43_0_1_20170117175541909.jpg,val
43,1,43_1_1_20170117015530911.jpg,val
43,1,43_1_1_20170116023857562.jpg,val
43,1,43_0_1_20170117175110498.jpg,val
46,1,46_1_1_20170113001246891.jpg,val
46,1,46_1_1_20170116001421842.jpg,val
46,1,46_1_1_20170113012755554.jpg,val
46,1,46_0_1_20170113141909603.jpg,val
46,1,46_1_1_20170116223430582.jpg,val
46,1,46_0_1_20170117182528088.jpg,val
46,1,46_1_1_20170117155904640.jpg,val
46,1,46_1_1_20170116233714695.jpg,val
46,1,46_1_1_20170112215250704.jpg,val
46,1,46_1_1_20170111182452917.jpg,val
23,1,23_1_1_20170117171341177.jpg,val
23,1,23_0_1_20170114033506795.jpg,val
23,1,23_0_1_20170113133855489.jpg,val
23,1,23_1_1_20170114033456731.jpg,val
23,1,23_0_1_20170115231442487.jpg,val
23,1,23_1_1_20170113010514727.jpg,val
23,1,23_1_1_20170117194002005.jpg,val
23,1,23_0_1_20170117012400519.jpg,val
23,1,23_0_1_20170113133833362.jpg,val
23,1,23_0_1_20170114030131616.jpg,val
33,1,33_1_1_20170112211553429.jpg,val
33,1,33_1_1_20170114030609784.jpg,val
33,1,33_1_1_20170113161351324.jpg,val
33,1,33_1_1_20170115234946456.jpg,val
33,1,33_1_1_20170113000848177.jpg,val
33,1,33_0_1_20170117200956710.jpg,val
33,1,33_1_1_20170116215201422.jpg,val
33,1,33_1_1_20170113000321114.jpg,val
33,1,33_0_1_20170113134141083.jpg,val
33,1,33_1_1_20170116024837534.jpg,val
31,1,31_1_1_20170117094849113.jpg,val
31,1,31_0_1_20170116191341541.jpg,val
31,1,31_1_1_20170113001544326.jpg,val
31,1,31_1_1_20170113000500356.jpg,val
31,1,31_0_1_20170117203020591.jpg,val
31,1,31_1_1_20170103183224642.jpg,val
31,1,31_1_1_20170112231608655.jpg,val
31,1,31_0_1_20170116024715934.jpg,val
31,1,31_1_1_20170116233436288.jpg,val
31,1,31_1_1_20170113012714175.jpg,val
22,1,22_0_1_20170113193211629.jpg,val
22,1,22_0_1_20170116144518064.jpg,val
22,1,22_1_1_20170114030312289.jpg,val
22,1,22_1_1_20170104005441633.jpg,val
22,1,22_0_1_20170110223418177.jpg,val
22,1,22_1_1_20170112233618639.jpg,val
22,1,22_1_1_20170114030632764.jpg,val
22,1,22_1_1_20170114031355312.jpg,val
22,1,22_1_1_20170114033252419.jpg,val
22,1,22_1_1_20170113010358791.jpg,val
35,1,35_0_1_20170113151604904.jpg,val
35,1,35_1_1_20170117154025584.jpg,val
35,1,35_1_1_20170116160205469.jpg,val
35,1,35_1_1_20170112233419191.jpg,val
35,1,35_0_1_20170116030207320.jpg,val
35,1,35_0_1_20170113142523669.jpg,val
35,1,35_0_1_20170113174614794.jpg,val
35,1,35_0_1_20170113152731945.jpg,val
35,1,35_1_1_20170112203826226.jpg,val
35,1,35_1_1_20170112211524197.jpg,val
62,1,62_0_1_20170111223858253.jpg,val
62,1,62_0_1_20170113175129604.jpg,val
62,1,62_0_1_20170113190628890.jpg,val
62,1,62_0_1_20170113185008129.jpg,val
62,1,62_0_1_20170113154852003.jpg,val
62,1,62_1_1_20170113013045520.jpg,val
62,1,62_0_1_20170111203832046.jpg,val
62,1,62_0_1_20170113182552751.jpg,val
62,1,62_1_1_20170112233640592.jpg,val
62,1,62_0_1_20170113184117629.jpg,val
21,1,21_0_1_20170113133117587.jpg,val
21,1,21_0_1_20170113195431788.jpg,val
21,1,21_0_1_20170117135810975.jpg,val
21,1,21_1_1_20170112231637574.jpg,val
21,1,21_0_1_20170116214828919.jpg,val
21,1,21_0_1_20170114030009371.jpg,val
21,1,21_0_1_20170117142001073.jpg,val
21,1,21_0_1_20170116010312874.jpg,val
21,1,21_1_1_20170112233423376.jpg,val
21,1,21_1_1_20170113005845999.jpg,val
7,1,7_0_1_20170113145233558.jpg,val
7,1,7_0_1_20170114025451554.jpg,val
7,1,7_0_1_20170113145509278.jpg,val
7,1,7_0_1_20170110220056218.jpg,val
7,1,7_1_1_20170109201647377.jpg,val
7,1,7_0_1_20170116153103465.jpg,val
7,1,7_1_1_20170109193114418.jpg,val
7,1,7_0_1_20170113161247843.jpg,val
75,1,75_0_1_20170111211400077.jpg,val
75,1,75_0_1_20170111210115928.jpg,val
75,1,75_0_1_20170111205805911.jpg,val
75,1,75_0_1_20170117183723984.jpg,val
75,1,75_0_1_20170111210608046.jpg,val
75,1,75_1_1_20170110182126367.jpg,val
75,1,75_0_1_20170111210049339.jpg,val
75,1,75_0_1_20170111221655006.jpg,val
75,1,75_0_1_20170116204836635.jpg,val
75,1,75_0_1_20170113185328144.jpg,val
70,1,70_0_1_20170117174954253.jpg,val
70,1,70_1_1_20170120223544080.jpg,val
70,1,70_1_1_20170117171523132.jpg,val
70,1,70_0_1_20170116214435321.jpg,val
70,1,70_1_1_20170110153248874.jpg,val
70,1,70_0_1_20170111201412415.jpg,val
70,1,70_1_1_20170113000433314.jpg,val
70,1,70_0_1_20170113175514412.jpg,val
25,1,25_1_1_20170114032215402.jpg,val
25,1,25_1_1_20170114031711223.jpg,val
25,1,25_0_1_20170116001049632.jpg,val
25,1,25_1_1_20170112205034330.jpg,val
25,1,25_1_1_20170117135941266.jpg,val
25,1,25_0_1_20170113145218790.jpg,val
25,1,25_0_1_20170113150958863.jpg,val
25,1,25_1_1_20170116003309994.jpg,val
25,1,25_0_1_20170113134128353.jpg,val
25,1,25_1_1_20170102233540371.jpg,val
52,1,52_0_1_20170113184035487.jpg,val
52,1,52_0_1_20170117171005861.jpg,val
52,1,52_0_1_20170113174550147.jpg,val
52,1,52_0_1_20170117175021585.jpg,val
52,1,52_1_1_20170113000549723.jpg,val
52,1,52_0_1_20170113142156388.jpg,val
52,1,52_1_1_20170110120153155.jpg,val
52,1,52_1_1_20170113011248822.jpg,val
52,1,52_0_1_20170117173744776.jpg,val
52,1,52_0_1_20170120222921386.jpg,val
16,1,16_1_1_20170114025520014.jpg,val
16,1,16_1_1_20170109213003514.jpg,val
16,1,16_0_1_20170105183511375.jpg,val
16,1,16_1_1_20170109214212884.jpg,val
16,1,16_0_1_20170116214124311.jpg,val
16,1,16_0_1_20170116161243731.jpg,val
16,1,16_0_1_20170120134502877.jpg,val
16,1,16_1_1_20170114030930183.jpg,val
16,1,16_0_1_20170113155247627.jpg,val
16,1,16_1_1_20170117172336195.jpg,val
63,1,63_1_1_20170113190755479.jpg,val
63,1,63_0_1_20170116235836887.jpg,val
37,1,37_1_1_20170112220107657.jpg,val
37,1,37_1_1_20170114024523051.jpg,val
37,1,37_1_1_20170115235037275.jpg,val
37,1,37_0_1_20170113174433771.jpg,val
37,1,37_0_1_20170117164255088.jpg,val
37,1,37_0_1_20170116214356844.jpg,val
37,1,37_0_1_20170117143125092.jpg,val
37,1,37_0_1_20170113173824723.jpg,val
37,1,37_1_1_20170116232758932.jpg,val
37,1,37_1_1_20170116160739474.jpg,val
41,1,41_0_1_20170116183322571.jpg,val
41,1,41_0_1_20170117185928397.jpg,val
41,1,41_1_1_20170117140906983.jpg,val
41,1,41_1_1_20170117194317075.jpg,val
41,1,41_0_1_20170117140422547.jpg,val
41,1,41_1_1_20170114033308804.jpg,val
41,1,41_0_1_20170117011534258.jpg,val
41,1,41_1_1_20170117135759031.jpg,val
41,1,41_0_1_20170113134000456.jpg,val
41,1,41_0_1_20170117173648607.jpg,val
51,1,51_1_1_20170113010949270.jpg,val
51,1,51_0_1_20170117160804231.jpg,val
51,1,51_0_1_20170117173705235.jpg,val
51,1,51_1_1_20170115235508848.jpg,val
51,1,51_0_1_20170111200729699.jpg,val
51,1,51_0_1_20170117173507025.jpg,val
51,1,51_0_1_20170116222058188.jpg,val
51,1,51_1_1_20170112213230359.jpg,val
51,1,51_1_1_20170110120110913.jpg,val
51,1,51_0_1_20170113174654644.jpg,val
39,1,39_1_1_20170113012940833.jpg,val
39,1,39_1_1_20170112204540442.jpg,val
39,1,39_0_1_20170116193754803.jpg,val
39,1,39_1_1_20170117165529710.jpg,val
39,1,39_1_1_20170116021937896.jpg,val
39,1,39_0_1_20170117165631399.jpg,val
39,1,39_1_1_20170116224200976.jpg,val
39,1,39_1_1_20170116021758628.jpg,val
39,1,39_0_1_20170113134310831.jpg,val
39,1,39_1_1_20170112214959310.jpg,val
20,1,20_1_1_20170117132642224.jpg,val
20,1,20_0_1_20170113132727849.jpg,val
20,1,20_1_1_20170114031116660.jpg,val
20,1,20_0_1_20170113145424692.jpg,val
20,1,20_1_1_20170116215855605.jpg,val
20,1,20_1_1_20170113005418295.jpg,val
20,1,20_0_1_20170113133037011.jpg,val
20,1,20_0_1_20170113133041441.jpg,val
20,1,20_1_1_20170112230604949.jpg,val
20,1,20_1_1_20170114031112464.jpg,val
80,1,80_0_1_20170111205621738.jpg,val
67,1,67_0_1_20170117185950062.jpg,val
67,1,67_0_1_20170117172510754.jpg,val
90,1,90_0_1_20170113184758168.jpg,val
45,1,45_1_1_20170113012603225.jpg,val
45,1,45_0_1_20170113173815963.jpg,val
45,1,45_0_1_20170117140113412.jpg,val
45,1,45_0_1_20170116142935103.jpg,val
45,1,45_0_1_20170113184246839.jpg,val
45,1,45_0_1_20170113183252060.jpg,val
45,1,45_0_1_20170113190556169.jpg,val
45,1,45_1_1_20170116160543061.jpg,val
45,1,45_1_1_20170117001154223.jpg,val
45,1,45_0_1_20170113173025009.jpg,val
2,1,2_0_1_20170110213401217.jpg,val
2,1,2_1_1_20170109194445412.jpg,val
2,1,2_1_1_20161219155833405.jpg,val
2,1,2_0_1_20170110213724790.jpg,val
2,1,2_1_1_20170116231935539.jpg,val
2,1,2_1_1_20170109190932811.jpg,val
2,1,2_0_1_20170110213721101.jpg,val
2,1,2_1_1_20170109194651472.jpg,val
2,1,2_1_1_20170113002906252.jpg,val
1,1,1_1_1_20170109191243420.jpg,val
1,1,1_1_1_20170109194534193.jpg,val
1,1,1_1_1_20170109194626438.jpg,val
1,1,1_0_1_20170110213808936.jpg,val
1,1,1_1_1_20170109194645713.jpg,val
1,1,1_1_1_20170109194554835.jpg,val
1,1,1_1_1_20170109194716353.jpg,val
1,1,1_1_1_20170109191050443.jpg,val
1,1,1_1_1_20170109191256746.jpg,val
1,1,1_1_1_20170103210044250.jpg,val
48,1,48_0_1_20170104212527708.jpg,val
48,1,48_0_1_20170113183822367.jpg,val
48,1,48_0_1_20170113173459020.jpg,val
48,1,48_1_1_20170109220301068.jpg,val
48,1,48_0_1_20170113172954867.jpg,val
48,1,48_1_1_20170117175130020.jpg,val
48,1,48_0_1_20170113183700797.jpg,val
48,1,48_0_1_20170111203317713.jpg,val
48,1,48_1_1_20170113001756978.jpg,val
48,1,48_0_1_20170119203634847.jpg,val
14,1,14_0_1_20170116205011065.jpg,val
14,1,14_0_1_20170110232707718.jpg,val
14,1,14_0_1_20170113145153262.jpg,val
4,1,4_0_1_20170110213311678.jpg,val
4,1,4_0_1_20170110213621008.jpg,val
4,1,4_0_1_20170104010848776.jpg,val
4,1,4_1_1_20170112210412852.jpg,val
4,1,4_1_1_20170112210910341.jpg,val
4,1,4_0_1_20161219230428976.jpg,val
4,1,4_1_1_20170109194638149.jpg,val
4,1,4_1_1_20170112213257263.jpg,val
4,1,4_1_1_20170117202024231.jpg,val
4,1,4_1_1_20170109194538070.jpg,val
6,1,6_1_1_20170109193902904.jpg,val
56,1,56_0_1_20170113184540735.jpg,val
56,1,56_0_1_20170113151710086.jpg,val
56,1,56_0_1_20170113151553665.jpg,val
56,1,56_0_1_20170113134326090.jpg,val
56,1,56_0_1_20170113174909839.jpg,val
56,1,56_1_1_20170116002049709.jpg,val
56,1,56_1_1_20170110153620007.jpg,val
56,1,56_1_1_20170110141650039.jpg,val
56,1,56_0_1_20170113173811475.jpg,val
56,1,56_0_1_20170113174030713.jpg,val
44,1,44_0_1_20170113154757026.jpg,val
44,1,44_0_1_20170116010013473.jpg,val
44,1,44_0_1_20170117134941304.jpg,val
44,1,44_1_1_20170116164354400.jpg,val
44,1,44_0_1_20170117142003663.jpg,val
44,1,44_0_1_20170117163236613.jpg,val
44,1,44_1_1_20170109003554162.jpg,val
55,1,55_0_1_20170117190614716.jpg,val
55,1,55_1_1_20170109220622318.jpg,val
55,1,55_1_1_20170120221120195.jpg,val
55,1,55_1_1_20170117202741735.jpg,val
55,1,55_0_1_20170117170627262.jpg,val
55,1,55_0_1_20170117190804541.jpg,val
55,1,55_0_1_20170117180249950.jpg,val
55,1,55_0_1_20170117183540925.jpg,val
55,1,55_0_1_20170116010914457.jpg,val
55,1,55_1_1_20170113185105936.jpg,val
53,1,53_1_1_20170110122449716.jpg,val
53,1,53_0_1_20170120223004304.jpg,val
53,1,53_0_1_20170116192938845.jpg,val
53,1,53_1_1_20170116225057398.jpg,val
53,1,53_1_1_20170113001807851.jpg,val
53,1,53_1_1_20170116180111461.jpg,val
53,1,53_0_1_20170116191725055.jpg,val
53,1,53_0_1_20170113174111826.jpg,val
53,1,53_0_1_20170104212415796.jpg,val
53,1,53_1_1_20170112215257791.jpg,val
68,1,68_1_1_20170112211704724.jpg,val
68,1,68_0_1_20170113181302934.jpg,val
68,1,68_1_1_20170116161411128.jpg,val
68,1,68_0_1_20170111194909799.jpg,val
68,1,68_0_1_20170117194555228.jpg,val
68,1,68_0_1_20170113152656361.jpg,val
68,1,68_0_1_20170111204337366.jpg,val
68,1,68_0_1_20170117172339634.jpg,val
68,1,68_0_1_20170117170414776.jpg,val
9,1,9_0_1_20170113175830459.jpg,val
9,1,9_1_1_20170109201837354.jpg,val
49,1,49_1_1_20170109220352923.jpg,val
49,1,49_1_1_20170113184406976.jpg,val
49,1,49_0_1_20170117173446675.jpg,val
49,1,49_1_1_20170116003307142.jpg,val
49,1,49_0_1_20170116191717345.jpg,val
49,1,49_0_1_20170117180355439.jpg,val
49,1,49_0_1_20170111200637109.jpg,val
19,1,19_1_1_20170112191242381.jpg,val
19,1,19_0_1_20170110231826530.jpg,val
19,1,19_0_1_20170117193231107.jpg,val
19,1,19_0_1_20170113132632417.jpg,val
19,1,19_1_1_20170114030819891.jpg,val
19,1,19_1_1_20170114030824961.jpg,val
47,1,47_1_1_20170113002000875.jpg,val
47,1,47_0_1_20170117021247110.jpg,val
47,1,47_0_1_20170117171504577.jpg,val
47,1,47_0_1_20170117172015693.jpg,val
47,1,47_0_1_20170113184219303.jpg,val
47,1,47_1_1_20170114033403408.jpg,val
47,1,47_1_1_20170113012000953.jpg,val
47,1,47_1_1_20170113001956524.jpg,val
47,1,47_0_1_20170117190323954.jpg,val
47,1,47_0_1_20170109004328399.jpg,val
59,1,59_0_1_20170113182157557.jpg,val
78,1,78_1_1_20170113011906240.jpg,val
78,1,78_0_1_20170117185943219.jpg,val
8,1,8_0_1_20170114025855492.jpg,val
8,1,8_1_1_20170109203252446.jpg,val
8,1,8_1_1_20170109205445571.jpg,val
5,1,5_0_1_20170110213713440.jpg,val
5,1,5_1_1_20161220220819682.jpg,val
5,1,5_0_1_20170116030347859.jpg,val
5,1,5_0_1_20170112191417872.jpg,val
5,1,5_1_1_20170104010044345.jpg,val
20,0,20_1_0_20170103163056975.jpg,val
20,0,20_1_0_20170116205845438.jpg,val
20,0,20_0_0_20170117003449983.jpg,val
20,0,20_0_0_20170120133527581.jpg,val
20,0,20_1_0_20170109132033628.jpg,val
20,0,20_0_0_20170117140705537.jpg,val
20,0,20_0_0_20170113132609281.jpg,val
20,0,20_1_0_20170105183741919.jpg,val
20,0,20_0_0_20170105161704786.jpg,val
20,0,20_0_0_20170117140636216.jpg,val
23,0,23_1_0_20170104020712460.jpg,val
23,0,23_0_0_20170113210319753.jpg,val
23,0,23_1_0_20170112234027666.jpg,val
23,0,23_0_0_20170117144439657.jpg,val
23,0,23_0_0_20170111181750321.jpg,val
23,0,23_1_0_20170112234202903.jpg,val
23,0,23_0_0_20170104004012222.jpg,val
23,0,23_1_0_20170116221814613.jpg,val
23,0,23_1_0_20170116221719806.jpg,val
23,0,23_1_0_20170103180518664.jpg,val
67,0,67_0_0_20170104184245598.jpg,val
67,0,67_0_0_20170109002521701.jpg,val
67,0,67_0_0_20170120225129440.jpg,val
67,0,67_1_0_20170109142541820.jpg,val
67,0,67_1_0_20170120223746014.jpg,val
67,0,67_0_0_20170104185427710.jpg,val
67,0,67_0_0_20170117163339177.jpg,val
67,0,67_1_0_20170105173734477.jpg,val
67,0,67_0_0_20170109012902657.jpg,val
67,0,67_0_0_20170104171355258.jpg,val
28,0,28_1_0_20170116221757650.jpg,val
28,0,28_0_0_20170119155105218.jpg,val
28,0,28_0_0_20170116212102377.jpg,val
28,0,28_1_0_20170105164921188.jpg,val
28,0,28_0_0_20170117180555824.jpg,val
28,0,28_0_0_20170105164855636.jpg,val
28,0,28_0_0_20170114030950715.jpg,val
28,0,28_1_0_20170117122007101.jpg,val
28,0,28_0_0_20170120134320743.jpg,val
28,0,28_1_0_20170117140041948.jpg,val
39,0,39_1_0_20170103183200192.jpg,val
39,0,39_0_0_20170117154432514.jpg,val
39,0,39_1_0_20170103182515161.jpg,val
39,0,39_0_0_20170117143412554.jpg,val
39,0,39_0_0_20170104204642477.jpg,val
39,0,39_0_0_20170104205320147.jpg,val
39,0,39_0_0_20170104202635938.jpg,val
39,0,39_0_0_20170117154224460.jpg,val
39,0,39_1_0_20170103181831665.jpg,val
39,0,39_1_0_20170105172852709.jpg,val
36,0,36_1_0_20170117091704944.jpg,val
36,0,36_1_0_20170105001300131.jpg,val
36,0,36_0_0_20170116215747049.jpg,val
36,0,36_1_0_20170117005907450.jpg,val
36,0,36_0_0_20170117183111094.jpg,val
36,0,36_0_0_20170117182627492.jpg,val
36,0,36_1_0_20170104200945656.jpg,val
36,0,36_0_0_20170103180815064.jpg,val
36,0,36_1_0_20170109134045116.jpg,val
36,0,36_0_0_20170113184119879.jpg,val
6,0,6_1_0_20170109201058867.jpg,val
6,0,6_1_0_20170109201721681.jpg,val
6,0,6_1_0_20170109201628566.jpg,val
6,0,6_1_0_20170104010034799.jpg,val
6,0,6_0_0_20170110215527972.jpg,val
6,0,6_1_0_20170109201852729.jpg,val
6,0,6_1_0_20161220221631666.jpg,val
6,0,6_0_0_20170110213109002.jpg,val
6,0,6_1_0_20170104005551551.jpg,val
6,0,6_0_0_20170110224828816.jpg,val
32,0,32_1_0_20170117134818053.jpg,val
32,0,32_0_0_20170117133449025.jpg,val
32,0,32_0_0_20170117134719383.jpg,val
32,0,32_1_0_20170103182408417.jpg,val
32,0,32_0_0_20170114034605240.jpg,val
32,0,32_0_0_20170116235740282.jpg,val
32,0,32_0_0_20170117172942268.jpg,val
32,0,32_1_0_20170117134809503.jpg,val
32,0,32_0_0_20170105171757165.jpg,val
32,0,32_1_0_20170117185523010.jpg,val
30,0,30_0_0_20170117144004185.jpg,val
30,0,30_1_0_20170117120237417.jpg,val
30,0,30_1_0_20170105162437811.jpg,val
30,0,30_0_0_20170117190708466.jpg,val
30,0,30_1_0_20170117140914217.jpg,val
30,0,30_0_0_20170119145340944.jpg,val
30,0,30_1_0_20170104185111694.jpg,val
30,0,30_0_0_20170117140805766.jpg,val
30,0,30_0_0_20170117130633696.jpg,val
30,0,30_0_0_20170105164559132.jpg,val
35,0,35_1_0_20170103182720889.jpg,val
35,0,35_0_0_20170119200947460.jpg,val
35,0,35_0_0_20170104202556995.jpg,val
35,0,35_0_0_20170117145906651.jpg,val
35,0,35_1_0_20170117191606659.jpg,val
35,0,35_1_0_20170117152131106.jpg,val
35,0,35_1_0_20170117091849716.jpg,val
35,0,35_0_0_20170104203145138.jpg,val
35,0,35_1_0_20170117180008549.jpg,val
35,0,35_0_0_20170117151516067.jpg,val
12,0,12_1_0_20170109213205384.jpg,val
12,0,12_1_0_20170109203310061.jpg,val
12,0,12_1_0_20170117154622148.jpg,val
12,0,12_1_0_20170117143729521.jpg,val
12,0,12_1_0_20170109205056743.jpg,val
12,0,12_1_0_20170109214236402.jpg,val
12,0,12_1_0_20170116211852302.jpg,val
12,0,12_1_0_20170109201611941.jpg,val
12,0,12_0_0_20170110225257257.jpg,val
12,0,12_1_0_20170102234319611.jpg,val
24,0,24_1_0_20170117150414570.jpg,val
24,0,24_0_0_20170117091201342.jpg,val
24,0,24_0_0_20170117150104363.jpg,val
24,0,24_0_0_20170116201407910.jpg,val
24,0,24_1_0_20170117150911661.jpg,val
24,0,24_0_0_20170104002326444.jpg,val
24,0,24_0_0_20170102233329675.jpg,val
24,0,24_1_0_20170117194857869.jpg,val
24,0,24_1_0_20170116174738833.jpg,val
24,0,24_1_0_20170116215712426.jpg,val
54,0,54_0_0_20170119210031536.jpg,val
54,0,54_0_0_20170117204552448.jpg,val
54,0,54_1_0_20170117171412187.jpg,val
54,0,54_1_0_20170110160643344.jpg,val
54,0,54_1_0_20170117171650996.jpg,val
54,0,54_0_0_20170113210319956.jpg,val
54,0,54_0_0_20170117171400372.jpg,val
54,0,54_0_0_20170104212537133.jpg,val
54,0,54_0_0_20170113210125997.jpg,val
54,0,54_1_0_20170104185045990.jpg,val
58,0,58_0_0_20170109012156576.jpg,val
58,0,58_0_0_20170117191918155.jpg,val
58,0,58_0_0_20170104213136437.jpg,val
58,0,58_0_0_20170117191942332.jpg,val
58,0,58_0_0_20170117184403351.jpg,val
58,0,58_0_0_20170120224549744.jpg,val
58,0,58_1_0_20170109142427954.jpg,val
58,0,58_0_0_20170111201757951.jpg,val
58,0,58_0_0_20170104185326934.jpg,val
58,0,58_0_0_20170116220615079.jpg,val
55,0,55_0_0_20170117185028745.jpg,val
55,0,55_1_0_20170103183939755.jpg,val
55,0,55_0_0_20170104212248372.jpg,val
55,0,55_0_0_20170117201004124.jpg,val
55,0,55_0_0_20170104212840141.jpg,val
55,0,55_0_0_20170117155725626.jpg,val
55,0,55_1_0_20170117200221382.jpg,val
55,0,55_0_0_20170117190004928.jpg,val
55,0,55_0_0_20170111205137423.jpg,val
55,0,55_1_0_20170110160643376.jpg,val
14,0,14_0_0_20170117150204180.jpg,val
14,0,14_1_0_20170109214714069.jpg,val
14,0,14_0_0_20170110232651186.jpg,val
14,0,14_1_0_20170109203405475.jpg,val
14,0,14_1_0_20170103201911744.jpg,val
14,0,14_0_0_20170103200611317.jpg,val
14,0,14_1_0_20170104005333646.jpg,val
14,0,14_1_0_20170109214345916.jpg,val
14,0,14_0_0_20170110232541244.jpg,val
14,0,14_1_0_20170109203937399.jpg,val
85,0,85_1_0_20170110181953748.jpg,val
85,0,85_1_0_20170110181732789.jpg,val
85,0,85_1_0_20170120222635457.jpg,val
85,0,85_1_0_20170110175705728.jpg,val
85,0,85_0_0_20170111205512345.jpg,val
85,0,85_1_0_20170110175649821.jpg,val
85,0,85_1_0_20170110183346968.jpg,val
85,0,85_1_0_20170110181630306.jpg,val
85,0,85_1_0_20170110183802977.jpg,val
85,0,85_0_0_20170120221827893.jpg,val
16,0,16_0_0_20170110232818695.jpg,val
16,0,16_0_0_20170110232725516.jpg,val
16,0,16_0_0_20170110232313053.jpg,val
16,0,16_1_0_20170109212859323.jpg,val
16,0,16_0_0_20170110232445820.jpg,val
16,0,16_1_0_20170109214621700.jpg,val
16,0,16_0_0_20170110232451479.jpg,val
16,0,16_0_0_20170110232141846.jpg,val
16,0,16_0_0_20170110232315216.jpg,val
16,0,16_0_0_20170116201208865.jpg,val
81,0,81_1_0_20170120134927295.jpg,val
81,0,81_0_0_20170111211419693.jpg,val
81,0,81_0_0_20170111222146910.jpg,val
81,0,81_1_0_20170110125407444.jpg,val
81,0,81_1_0_20170110123812204.jpg,val
81,0,81_1_0_20170110140600243.jpg,val
81,0,81_1_0_20170120230534443.jpg,val
81,0,81_1_0_20170120224959056.jpg,val
81,0,81_1_0_20170109150922380.jpg,val
81,0,81_0_0_20170111201206317.jpg,val
66,0,66_1_0_20170110175837753.jpg,val
66,0,66_1_0_20170110132508785.jpg,val
66,0,66_1_0_20170110131639960.jpg,val
66,0,66_1_0_20170110140413980.jpg,val
66,0,66_1_0_20170110160643985.jpg,val
66,0,66_1_0_20170105173707677.jpg,val
66,0,66_1_0_20170110132405672.jpg,val
66,0,66_1_0_20170110140952713.jpg,val
66,0,66_1_0_20170110132135290.jpg,val
66,0,66_1_0_20170110123144558.jpg,val
25,0,25_1_0_20170104183350805.jpg,val
25,0,25_1_0_20170117142901203.jpg,val
25,0,25_0_0_20170117151851107.jpg,val
25,0,25_0_0_20170117151647102.jpg,val
25,0,25_1_0_20170117141349705.jpg,val
25,0,25_1_0_20170103180606727.jpg,val
25,0,25_1_0_20170116223905448.jpg,val
25,0,25_1_0_20170119172033312.jpg,val
25,0,25_1_0_20170117142855562.jpg,val
25,0,25_0_0_20170117190329641.jpg,val
75,0,75_0_0_20170117171021853.jpg,val
75,0,75_0_0_20170111204138781.jpg,val
75,0,75_0_0_20170117175217462.jpg,val
75,0,75_0_0_20170120224003940.jpg,val
75,0,75_1_0_20170110131534363.jpg,val
75,0,75_1_0_20170110183657201.jpg,val
75,0,75_1_0_20170110141247761.jpg,val
75,0,75_0_0_20170111201111541.jpg,val
75,0,75_0_0_20170117173104681.jpg,val
75,0,75_0_0_20170111210708463.jpg,val
9,0,9_0_0_20170110224240532.jpg,val
9,0,9_0_0_20170110224305302.jpg,val
9,0,9_0_0_20170110220442681.jpg,val
9,0,9_1_0_20170109204449076.jpg,val
9,0,9_0_0_20170110220441522.jpg,val
9,0,9_1_0_20170109204512608.jpg,val
9,0,9_0_0_20170110224542473.jpg,val
9,0,9_0_0_20170110224738342.jpg,val
9,0,9_0_0_20170110224437980.jpg,val
9,0,9_0_0_20170110220312322.jpg,val
74,0,74_0_0_20170120225103496.jpg,val
74,0,74_1_0_20170110122923277.jpg,val
74,0,74_0_0_20170111211030017.jpg,val
74,0,74_1_0_20170110173749526.jpg,val
74,0,74_1_0_20170120224735993.jpg,val
74,0,74_1_0_20170110153238490.jpg,val
74,0,74_0_0_20170111223743652.jpg,val
74,0,74_0_0_20170120230055728.jpg,val
74,0,74_0_0_20170111222650857.jpg,val
74,0,74_0_0_20170120225236353.jpg,val
72,0,72_1_0_20170110152914413.jpg,val
72,0,72_0_0_20170117171003724.jpg,val
72,0,72_0_0_20170111221801037.jpg,val
72,0,72_1_0_20170110180536025.jpg,val
72,0,72_0_0_20170111210555874.jpg,val
72,0,72_1_0_20170110160644063.jpg,val
72,0,72_1_0_20170110140945561.jpg,val
72,0,72_0_0_20170111221945926.jpg,val
72,0,72_0_0_20170111222252949.jpg,val
72,0,72_0_0_20170116193811127.jpg,val
26,0,26_1_0_20170103180530224.jpg,val
26,0,26_1_0_20170117091452417.jpg,val
26,0,26_1_0_20170116184549800.jpg,val
26,0,26_1_0_20170116164040161.jpg,val
26,0,26_0_0_20170113210126663.jpg,val
26,0,26_1_0_20170116234741431.jpg,val
26,0,26_0_0_20170116232422006.jpg,val
26,0,26_1_0_20170117094755094.jpg,val
26,0,26_0_0_20170116232418087.jpg,val
26,0,26_1_0_20170117171657311.jpg,val
8,0,8_1_0_20170109201705598.jpg,val
8,0,8_1_0_20170120230542954.jpg,val
8,0,8_0_0_20170110220147098.jpg,val
8,0,8_0_0_20170103201927968.jpg,val
8,0,8_0_0_20170110220129114.jpg,val
8,0,8_0_0_20170110220121162.jpg,val
8,0,8_0_0_20170117175648380.jpg,val
8,0,8_1_0_20170109205115296.jpg,val
8,0,8_0_0_20170110220143955.jpg,val
8,0,8_0_0_20170110220552025.jpg,val
70,0,70_1_0_20170120223616646.jpg,val
70,0,70_0_0_20170120140346584.jpg,val
70,0,70_1_0_20170120222630481.jpg,val
70,0,70_0_0_20170117160343399.jpg,val
70,0,70_1_0_20170113003731381.jpg,val
70,0,70_0_0_20170120221807750.jpg,val
70,0,70_1_0_20170110140702586.jpg,val
70,0,70_1_0_20170110143251046.jpg,val
70,0,70_1_0_20170110141403561.jpg,val
70,0,70_1_0_20170110141123329.jpg,val
60,0,60_0_0_20170112224151627.jpg,val
60,0,60_1_0_20170110143449132.jpg,val
60,0,60_0_0_20170117162829219.jpg,val
60,0,60_1_0_20170110141425361.jpg,val
60,0,60_0_0_20170116235438949.jpg,val
60,0,60_0_0_20170104211850356.jpg,val
60,0,60_1_0_20170110124140071.jpg,val
60,0,60_0_0_20170104213108966.jpg,val
60,0,60_1_0_20170110140637026.jpg,val
60,0,60_0_0_20170111171747538.jpg,val
69,0,69_1_0_20170110131708449.jpg,val
69,0,69_0_0_20170117172119964.jpg,val
69,0,69_1_0_20170110154316664.jpg,val
69,0,69_1_0_20170110131727840.jpg,val
69,0,69_1_0_20170109150615726.jpg,val
69,0,69_1_0_20170110141155497.jpg,val
69,0,69_0_0_20170117185705145.jpg,val
69,0,69_1_0_20170110141848983.jpg,val
69,0,69_1_0_20170110131527801.jpg,val
69,0,69_1_0_20170110153425759.jpg,val
65,0,65_0_0_20170120221357579.jpg,val
65,0,65_0_0_20170111201030222.jpg,val
65,0,65_1_0_20170110160643923.jpg,val
65,0,65_0_0_20170103183632050.jpg,val
65,0,65_1_0_20170110181102968.jpg,val
65,0,65_1_0_20170110143540983.jpg,val
65,0,65_1_0_20170110180059564.jpg,val
65,0,65_0_0_20170111204015410.jpg,val
65,0,65_1_0_20170120223955918.jpg,val
65,0,65_0_0_20170120223054947.jpg,val
21,0,21_0_0_20170116215442146.jpg,val
21,0,21_1_0_20170114032157249.jpg,val
21,0,21_0_0_20170113182733390.jpg,val
21,0,21_0_0_20170117141603616.jpg,val
21,0,21_0_0_20170103223223127.jpg,val
21,0,21_1_0_20170109213908912.jpg,val
21,0,21_1_0_20170117141734034.jpg,val
21,0,21_0_0_20170117141432129.jpg,val
21,0,21_1_0_20170120134012302.jpg,val
21,0,21_0_0_20170103234805676.jpg,val
27,0,27_0_0_20170117175359640.jpg,val
27,0,27_0_0_20170116204347283.jpg,val
27,0,27_1_0_20170116221836595.jpg,val
27,0,27_0_0_20170119193202931.jpg,val
27,0,27_1_0_20170117120646100.jpg,val
27,0,27_1_0_20170116171624008.jpg,val
27,0,27_1_0_20170117202233063.jpg,val
27,0,27_1_0_20170109002819172.jpg,val
27,0,27_0_0_20170116204811619.jpg,val
27,0,27_1_0_20170117010449413.jpg,val
15,0,15_0_0_20170105183251055.jpg,val
15,0,15_1_0_20170109214319385.jpg,val
15,0,15_0_0_20170110225622776.jpg,val
15,0,15_0_0_20170110225410802.jpg,val
15,0,15_0_0_20170110225617650.jpg,val
15,0,15_1_0_20170109204150999.jpg,val
15,0,15_1_0_20170109214447621.jpg,val
15,0,15_1_0_20170109214024612.jpg,val
15,0,15_1_0_20170109204237329.jpg,val
15,0,15_0_0_20170104225947233.jpg,val
31,0,31_0_0_20170116210515941.jpg,val
31,0,31_1_0_20170104234835075.jpg,val
31,0,31_0_0_20170104201545729.jpg,val
31,0,31_0_0_20170116182436465.jpg,val
31,0,31_0_0_20170105163411563.jpg,val
31,0,31_1_0_20170117133139911.jpg,val
31,0,31_0_0_20170108230119324.jpg,val
31,0,31_0_0_20170113182014086.jpg,val
31,0,31_1_0_20170103183716629.jpg,val
31,0,31_0_0_20170104011136432.jpg,val
10,0,10_0_0_20170110220447314.jpg,val
10,0,10_0_0_20170110224524253.jpg,val
10,0,10_1_0_20170109204617417.jpg,val
10,0,10_0_0_20170110225417177.jpg,val
10,0,10_0_0_20170117175625724.jpg,val
10,0,10_0_0_20170110220251986.jpg,val
10,0,10_1_0_20170109203905538.jpg,val
10,0,10_0_0_20170110220557169.jpg,val
10,0,10_0_0_20170110225451638.jpg,val
10,0,10_1_0_20170109204148144.jpg,val
40,0,40_0_0_20170116233237768.jpg,val
40,0,40_0_0_20170116182430598.jpg,val
40,0,40_0_0_20170117000307465.jpg,val
40,0,40_0_0_20170120222008245.jpg,val
40,0,40_1_0_20170105163942716.jpg,val
40,0,40_1_0_20170117150751092.jpg,val
40,0,40_1_0_20170117181413925.jpg,val
40,0,40_0_0_20170117135440354.jpg,val
40,0,40_1_0_20170117150823490.jpg,val
40,0,40_1_0_20170117154626844.jpg,val
17,0,17_1_0_20170104013458371.jpg,val
17,0,17_1_0_20170109214008165.jpg,val
17,0,17_0_0_20170116205532920.jpg,val
17,0,17_0_0_20170103201439825.jpg,val
17,0,17_0_0_20170113132359393.jpg,val
17,0,17_1_0_20170102234717403.jpg,val
17,0,17_1_0_20170109213642438.jpg,val
17,0,17_0_0_20170110231640217.jpg,val
17,0,17_0_0_20170110232044494.jpg,val
17,0,17_0_0_20170110231752726.jpg,val
49,0,49_0_0_20170104212309140.jpg,val
49,0,49_1_0_20170104235723082.jpg,val
49,0,49_0_0_20170104185843894.jpg,val
49,0,49_1_0_20170111182452933.jpg,val
49,0,49_0_0_20170116192750301.jpg,val
49,0,49_1_0_20170109220421978.jpg,val
49,0,49_0_0_20170104212843900.jpg,val
49,0,49_1_0_20170109011101339.jpg,val
49,0,49_0_0_20170105163916587.jpg,val
49,0,49_1_0_20170109221050190.jpg,val
57,0,57_1_0_20170104201429289.jpg,val
57,0,57_0_0_20170111171747487.jpg,val
57,0,57_1_0_20170105172541837.jpg,val
57,0,57_0_0_20170105173211517.jpg,val
57,0,57_1_0_20170110120847680.jpg,val
57,0,57_0_0_20170104202107434.jpg,val
57,0,57_1_0_20170110160643579.jpg,val
57,0,57_0_0_20170104212600580.jpg,val
57,0,57_0_0_20170117172545585.jpg,val
57,0,57_1_0_20170109015631419.jpg,val
73,0,73_0_0_20170104213657221.jpg,val
73,0,73_1_0_20170110141129145.jpg,val
73,0,73_0_0_20170111205646002.jpg,val
73,0,73_0_0_20170109151000869.jpg,val
73,0,73_0_0_20170117204851351.jpg,val
73,0,73_0_0_20170111223400971.jpg,val
73,0,73_1_0_20170117175559419.jpg,val
73,0,73_1_0_20170120230208857.jpg,val
73,0,73_1_0_20170110183953439.jpg,val
73,0,73_0_0_20170116221650300.jpg,val
1,0,1_1_0_20170109192051442.jpg,val
1,0,1_0_0_20170109193328570.jpg,val
1,0,1_1_0_20170109191010113.jpg,val
1,0,1_0_0_20170110213130200.jpg,val
1,0,1_1_0_20170109190936410.jpg,val
1,0,1_0_0_20161219193326339.jpg,val
1,0,1_0_0_20170110213015629.jpg,val
1,0,1_0_0_20170103210415090.jpg,val
1,0,1_0_0_20170110212658392.jpg,val
1,0,1_0_0_20161219194756275.jpg,val
41,0,41_1_0_20170103182136025.jpg,val
41,0,41_0_0_20170109012220690.jpg,val
41,0,41_0_0_20170117133125264.jpg,val
41,0,41_0_0_20170119204215791.jpg,val
41,0,41_1_0_20170105001044524.jpg,val
41,0,41_0_0_20170117191224723.jpg,val
41,0,41_0_0_20170117154713956.jpg,val
41,0,41_0_0_20170111181750384.jpg,val
41,0,41_0_0_20170117185808930.jpg,val
41,0,41_1_0_20170104185117127.jpg,val
34,0,34_1_0_20170109004755204.jpg,val
34,0,34_0_0_20170105183623375.jpg,val
34,0,34_0_0_20170117132525481.jpg,val
34,0,34_0_0_20170117134917423.jpg,val
34,0,34_0_0_20170104165555523.jpg,val
34,0,34_1_0_20170119200850021.jpg,val
34,0,34_1_0_20170116000626046.jpg,val
34,0,34_0_0_20170117134855475.jpg,val
34,0,34_0_0_20170116193401057.jpg,val
34,0,34_0_0_20170109001224685.jpg,val
53,0,53_0_0_20170117190934939.jpg,val
53,0,53_0_0_20170111201804638.jpg,val
53,0,53_1_0_20170110160643282.jpg,val
53,0,53_1_0_20170110154320128.jpg,val
53,0,53_0_0_20170109015513486.jpg,val
53,0,53_0_0_20170117154958988.jpg,val
53,0,53_1_0_20170110131645457.jpg,val
53,0,53_0_0_20170120223141508.jpg,val
53,0,53_0_0_20170117161109630.jpg,val
53,0,53_1_0_20170110143325963.jpg,val
56,0,56_0_0_20170104211806996.jpg,val
56,0,56_0_0_20170111210636788.jpg,val
56,0,56_0_0_20170104203949915.jpg,val
56,0,56_0_0_20170116235418709.jpg,val
56,0,56_0_0_20170104201536050.jpg,val
56,0,56_0_0_20170111203827776.jpg,val
56,0,56_1_0_20170120133230636.jpg,val
56,0,56_0_0_20170111171747454.jpg,val
56,0,56_0_0_20170120133932247.jpg,val
56,0,56_1_0_20170110141434080.jpg,val
3,0,3_1_0_20170109191755912.jpg,val
3,0,3_1_0_20170109193129215.jpg,val
3,0,3_0_0_20170110212956113.jpg,val
3,0,3_1_0_20170109190919498.jpg,val
3,0,3_0_0_20170110212651258.jpg,val
3,0,3_1_0_20170109190706519.jpg,val
3,0,3_0_0_20170110212855714.jpg,val
3,0,3_1_0_20170109194150845.jpg,val
3,0,3_1_0_20161219204602748.jpg,val
3,0,3_0_0_20170110213628669.jpg,val
52,0,52_0_0_20170109004806666.jpg,val
52,0,52_1_0_20170104185832638.jpg,val
52,0,52_1_0_20170109221057047.jpg,val
52,0,52_1_0_20170109220918442.jpg,val
52,0,52_1_0_20170104184406094.jpg,val
52,0,52_0_0_20170116192911629.jpg,val
52,0,52_1_0_20170110122416544.jpg,val
52,0,52_0_0_20170120222918436.jpg,val
52,0,52_1_0_20170104183913011.jpg,val
52,0,52_1_0_20170104192618431.jpg,val
4,0,4_0_0_20170110225200150.jpg,val
4,0,4_0_0_20170110213441609.jpg,val
4,0,4_0_0_20170104010859393.jpg,val
4,0,4_1_0_20170109193519993.jpg,val
4,0,4_0_0_20170110213635871.jpg,val
4,0,4_1_0_20170109202352144.jpg,val
4,0,4_0_0_20170110212814225.jpg,val
4,0,4_0_0_20170110213528845.jpg,val
4,0,4_0_0_20170110213151504.jpg,val
4,0,4_1_0_20170109193436148.jpg,val
50,0,50_0_0_20170117135317385.jpg,val
50,0,50_0_0_20170117135739223.jpg,val
50,0,50_0_0_20170117172141491.jpg,val
50,0,50_0_0_20170117154624362.jpg,val
50,0,50_0_0_20170117190559865.jpg,val
50,0,50_0_0_20170117170208411.jpg,val
50,0,50_0_0_20170120134101471.jpg,val
50,0,50_0_0_20170104211706898.jpg,val
50,0,50_1_0_20170110141207224.jpg,val
50,0,50_0_0_20170117120742302.jpg,val
7,0,7_1_0_20170109200933192.jpg,val
7,0,7_0_0_20170110220114746.jpg,val
7,0,7_0_0_20170110215612275.jpg,val
7,0,7_1_0_20170109205100937.jpg,val
7,0,7_0_0_20170110215620675.jpg,val
7,0,7_1_0_20170109203621621.jpg,val
7,0,7_1_0_20170109204800702.jpg,val
7,0,7_0_0_20170110225211960.jpg,val
7,0,7_0_0_20161219201514284.jpg,val
7,0,7_1_0_20170109200828410.jpg,val
33,0,33_1_0_20170107213730053.jpg,val
33,0,33_1_0_20170104023047606.jpg,val
33,0,33_0_0_20170117164401283.jpg,val
33,0,33_1_0_20170111182452825.jpg,val
33,0,33_0_0_20170117134828796.jpg,val
33,0,33_0_0_20170117182541126.jpg,val
33,0,33_0_0_20170116224733537.jpg,val
33,0,33_1_0_20170112235509832.jpg,val
33,0,33_1_0_20170104171713868.jpg,val
33,0,33_1_0_20170103182622241.jpg,val
47,0,47_0_0_20170109003435287.jpg,val
47,0,47_0_0_20170117190258354.jpg,val
47,0,47_0_0_20170117135954024.jpg,val
47,0,47_1_0_20170117160407279.jpg,val
47,0,47_0_0_20170103183528850.jpg,val
47,0,47_0_0_20170117190344073.jpg,val
47,0,47_1_0_20170119192708105.jpg,val
47,0,47_0_0_20170119145412957.jpg,val
47,0,47_0_0_20170119205052663.jpg,val
47,0,47_0_0_20170116232623436.jpg,val
22,0,22_1_0_20170112233734192.jpg,val
22,0,22_0_0_20170116220735674.jpg,val
22,0,22_1_0_20170117141131710.jpg,val
22,0,22_1_0_20170112192312350.jpg,val
22,0,22_1_0_20170113182819149.jpg,val
22,0,22_1_0_20170104165415377.jpg,val
22,0,22_0_0_20170119150241646.jpg,val
22,0,22_1_0_20170103183738666.jpg,val
22,0,22_1_0_20170103235726923.jpg,val
22,0,22_0_0_20170119150313790.jpg,val
80,0,80_1_0_20170110131934630.jpg,val
80,0,80_0_0_20170117173628559.jpg,val
80,0,80_0_0_20170117174413373.jpg,val
80,0,80_1_0_20170110180237499.jpg,val
80,0,80_1_0_20170110125303427.jpg,val
80,0,80_1_0_20170110151356634.jpg,val
80,0,80_0_0_20170117174418358.jpg,val
80,0,80_1_0_20170110182107291.jpg,val
80,0,80_1_0_20170110122234919.jpg,val
80,0,80_0_0_20170111221949087.jpg,val
18,0,18_1_0_20170109213623055.jpg,val
18,0,18_1_0_20170109214601671.jpg,val
18,0,18_0_0_20170110232621309.jpg,val
18,0,18_1_0_20170109212956509.jpg,val
18,0,18_1_0_20170117140343665.jpg,val
18,0,18_1_0_20170109212422272.jpg,val
18,0,18_1_0_20170104022856102.jpg,val
18,0,18_1_0_20170109214726739.jpg,val
18,0,18_1_0_20170109213945602.jpg,val
18,0,18_0_0_20170117140723690.jpg,val
29,0,29_0_0_20170117120410064.jpg,val
29,0,29_0_0_20170117180855986.jpg,val
29,0,29_0_0_20170104170512993.jpg,val
29,0,29_0_0_20170116224736533.jpg,val
29,0,29_1_0_20170104022706451.jpg,val
29,0,29_1_0_20170117181004953.jpg,val
29,0,29_1_0_20170119195510715.jpg,val
29,0,29_1_0_20170105163239939.jpg,val
29,0,29_0_0_20170113210605445.jpg,val
29,0,29_1_0_20170117174858696.jpg,val
48,0,48_0_0_20170117121812224.jpg,val
48,0,48_0_0_20170111200118842.jpg,val
48,0,48_1_0_20170103163650120.jpg,val
48,0,48_0_0_20170116222136433.jpg,val
48,0,48_1_0_20170117003356908.jpg,val
48,0,48_0_0_20170113184317135.jpg,val
48,0,48_1_0_20170109142311780.jpg,val
48,0,48_0_0_20170105163527867.jpg,val
48,0,48_0_0_20170111201211982.jpg,val
48,0,48_1_0_20170109221004139.jpg,val
37,0,37_1_0_20170117140123763.jpg,val
37,0,37_0_0_20170104183200979.jpg,val
37,0,37_0_0_20170109010706831.jpg,val
37,0,37_0_0_20170119180034627.jpg,val
37,0,37_0_0_20170117141403657.jpg,val
37,0,37_1_0_20170105170228540.jpg,val
37,0,37_1_0_20170117183426542.jpg,val
37,0,37_0_0_20170116185003477.jpg,val
37,0,37_0_0_20170119202220220.jpg,val
37,0,37_1_0_20170117135946239.jpg,val
76,0,76_0_0_20170111201944904.jpg,val
76,0,76_0_0_20170116233204210.jpg,val
76,0,76_1_0_20170110131744527.jpg,val
76,0,76_1_0_20170110160644096.jpg,val
76,0,76_0_0_20170105174547781.jpg,val
76,0,76_1_0_20170120140118089.jpg,val
76,0,76_1_0_20170110140935777.jpg,val
76,0,76_1_0_20170110180142396.jpg,val
76,0,76_1_0_20170120225354841.jpg,val
76,0,76_0_0_20170111222035117.jpg,val
42,0,42_1_0_20170103181418742.jpg,val
42,0,42_0_0_20170117185759113.jpg,val
42,0,42_0_0_20170117185753668.jpg,val
42,0,42_0_0_20170104210426844.jpg,val
42,0,42_0_0_20170104170602137.jpg,val
42,0,42_0_0_20170116193026833.jpg,val
42,0,42_1_0_20170113000148605.jpg,val
42,0,42_0_0_20170105173002786.jpg,val
42,0,42_0_0_20170109012227710.jpg,val
42,0,42_1_0_20170117163607667.jpg,val
45,0,45_1_0_20170109132846228.jpg,val
45,0,45_0_0_20170117181754620.jpg,val
45,0,45_1_0_20170103183543298.jpg,val
45,0,45_0_0_20170104205849332.jpg,val
45,0,45_1_0_20170117135009283.jpg,val
45,0,45_0_0_20170117134655807.jpg,val
45,0,45_0_0_20170117171124852.jpg,val
45,0,45_0_0_20170117135225261.jpg,val
45,0,45_0_0_20170104184307637.jpg,val
45,0,45_0_0_20170117185722081.jpg,val
51,0,51_0_0_20170109012434913.jpg,val
51,0,51_0_0_20170117154738754.jpg,val
51,0,51_0_0_20170109134337423.jpg,val
51,0,51_0_0_20170117160751777.jpg,val
51,0,51_0_0_20170117164559526.jpg,val
51,0,51_0_0_20170109012546903.jpg,val
51,0,51_1_0_20170104205943165.jpg,val
51,0,51_1_0_20170104170143329.jpg,val
51,0,51_0_0_20170109011802151.jpg,val
51,0,51_0_0_20170111171747330.jpg,val
84,0,84_1_0_20170120230257434.jpg,val
84,0,84_1_0_20170120223155060.jpg,val
84,0,84_1_0_20170109150746501.jpg,val
84,0,84_1_0_20170120223609069.jpg,val
84,0,84_0_0_20170111211153326.jpg,val
84,0,84_1_0_20170120225816538.jpg,val
84,0,84_1_0_20170120222457967.jpg,val
84,0,84_1_0_20170110160644173.jpg,val
84,0,84_1_0_20170110140658706.jpg,val
84,0,84_1_0_20170110181735987.jpg,val
2,0,2_1_0_20170109194419285.jpg,val
2,0,2_1_0_20170109190516025.jpg,val
2,0,2_1_0_20170109194336216.jpg,val
2,0,2_0_0_20170110225322822.jpg,val
2,0,2_0_0_20170109191008066.jpg,val
2,0,2_1_0_20161219162253919.jpg,val
2,0,2_1_0_20161219192513827.jpg,val
2,0,2_1_0_20170109194017380.jpg,val
2,0,2_0_0_20161219160731126.jpg,val
2,0,2_1_0_20170109190714105.jpg,val
61,0,61_0_0_20170104213246805.jpg,val
61,0,61_0_0_20170117192103475.jpg,val
61,0,61_1_0_20170110122712394.jpg,val
61,0,61_0_0_20170117174613406.jpg,val
61,0,61_1_0_20170110173800240.jpg,val
61,0,61_1_0_20170120225333848.jpg,val
61,0,61_0_0_20170117194413929.jpg,val
61,0,61_1_0_20170117192059259.jpg,val
61,0,61_0_0_20170104212151300.jpg,val
61,0,61_0_0_20170111171747577.jpg,val
59,0,59_0_0_20170111203716454.jpg,val
59,0,59_0_0_20170109013159809.jpg,val
59,0,59_1_0_20170110122835196.jpg,val
59,0,59_0_0_20170109011033488.jpg,val
59,0,59_0_0_20170111171747514.jpg,val
59,0,59_1_0_20170110141359968.jpg,val
59,0,59_0_0_20170104002111294.jpg,val
59,0,59_0_0_20170109143000485.jpg,val
59,0,59_0_0_20170120225040473.jpg,val
59,0,59_0_0_20170111203905144.jpg,val
13,0,13_1_0_20170109203635557.jpg,val
13,0,13_1_0_20170109201615837.jpg,val
13,0,13_1_0_20170109204117086.jpg,val
13,0,13_1_0_20170109203230286.jpg,val
13,0,13_0_0_20170110224625011.jpg,val
13,0,13_0_0_20170104012310089.jpg,val
13,0,13_1_0_20170109214425620.jpg,val
13,0,13_1_0_20170109214402325.jpg,val
13,0,13_1_0_20170109205106776.jpg,val
13,0,13_0_0_20170110225307195.jpg,val
46,0,46_1_0_20170119192512353.jpg,val
46,0,46_1_0_20170105172417134.jpg,val
46,0,46_0_0_20170117135813694.jpg,val
46,0,46_0_0_20170116192705365.jpg,val
46,0,46_0_0_20170117172149820.jpg,val
46,0,46_1_0_20170110160643118.jpg,val
46,0,46_0_0_20170104203848115.jpg,val
46,0,46_0_0_20170119204805959.jpg,val
46,0,46_1_0_20170104235642515.jpg,val
46,0,46_0_0_20170109015549957.jpg,val
43,0,43_1_0_20170103183515393.jpg,val
43,0,43_1_0_20170111182452890.jpg,val
43,0,43_0_0_20170114034306574.jpg,val
43,0,43_0_0_20170120222356456.jpg,val
43,0,43_1_0_20170105172627988.jpg,val
43,0,43_0_0_20170104210618508.jpg,val
43,0,43_0_0_20170119163815846.jpg,val
43,0,43_0_0_20170103183348314.jpg,val
43,0,43_0_0_20170120222409079.jpg,val
43,0,43_0_0_20170117185909851.jpg,val
63,0,63_0_0_20170113210319862.jpg,val
63,0,63_0_0_20170120223438029.jpg,val
63,0,63_0_0_20170105173717909.jpg,val
63,0,63_1_0_20170117195028219.jpg,val
63,0,63_0_0_20170109012604793.jpg,val
63,0,63_1_0_20170110160643860.jpg,val
63,0,63_0_0_20170120225710313.jpg,val
63,0,63_0_0_20170113142516276.jpg,val
63,0,63_1_0_20170110143421537.jpg,val
63,0,63_0_0_20170117163624442.jpg,val
44,0,44_0_0_20170117155532055.jpg,val
44,0,44_1_0_20170104211529444.jpg,val
44,0,44_0_0_20170120134632848.jpg,val
44,0,44_1_0_20170116222635275.jpg,val
44,0,44_0_0_20170113210319338.jpg,val
44,0,44_0_0_20170104201051081.jpg,val
44,0,44_0_0_20170113210127508.jpg,val
44,0,44_0_0_20170109002148152.jpg,val
44,0,44_1_0_20170117190015938.jpg,val
44,0,44_1_0_20170104171556786.jpg,val
90,0,90_0_0_20170111223733772.jpg,val
90,0,90_0_0_20170111205717074.jpg,val
90,0,90_1_0_20170110183452817.jpg,val
90,0,90_1_0_20170110175738208.jpg,val
90,0,90_1_0_20170120225510266.jpg,val
90,0,90_0_0_20170111210220723.jpg,val
90,0,90_0_0_20170117174936333.jpg,val
90,0,90_0_0_20170117175416532.jpg,val
90,0,90_0_0_20170111222113112.jpg,val
90,0,90_1_0_20170120140047472.jpg,val
68,0,68_1_0_20170110155156093.jpg,val
68,0,68_1_0_20170110183835271.jpg,val
68,0,68_0_0_20170109015134679.jpg,val
68,0,68_1_0_20170110143406927.jpg,val
68,0,68_1_0_20170110175345439.jpg,val
68,0,68_1_0_20170109221126838.jpg,val
68,0,68_0_0_20170104213632941.jpg,val
68,0,68_1_0_20170110131335562.jpg,val
68,0,68_1_0_20170110122503348.jpg,val
68,0,68_0_0_20170117172643040.jpg,val
62,0,62_0_0_20170117154834952.jpg,val
62,0,62_0_0_20170104185145582.jpg,val
62,0,62_1_0_20170110131354284.jpg,val
62,0,62_0_0_20170113185402879.jpg,val
62,0,62_1_0_20170116184028385.jpg,val
62,0,62_1_0_20170110160643813.jpg,val
62,0,62_0_0_20170105173715821.jpg,val
62,0,62_0_0_20170111204633236.jpg,val
62,0,62_0_0_20170111211200517.jpg,val
62,0,62_1_0_20170110131856737.jpg,val
11,0,11_1_0_20170109205122664.jpg,val
11,0,11_0_0_20170103200509559.jpg,val
11,0,11_1_0_20170109205214234.jpg,val
11,0,11_1_0_20170109205125500.jpg,val
11,0,11_0_0_20170110220408722.jpg,val
11,0,11_1_0_20170109204523092.jpg,val
11,0,11_0_0_20170110224755272.jpg,val
11,0,11_1_0_20170109205438571.jpg,val
11,0,11_1_0_20170109203327397.jpg,val
11,0,11_1_0_20170109204030951.jpg,val
64,0,64_1_0_20170105162511322.jpg,val
64,0,64_1_0_20170110131951168.jpg,val
64,0,64_1_0_20170110132112143.jpg,val
64,0,64_1_0_20170110160643892.jpg,val
64,0,64_0_0_20170120222811411.jpg,val
64,0,64_0_0_20170104183732293.jpg,val
64,0,64_1_0_20170110132148994.jpg,val
64,0,64_0_0_20170117194627251.jpg,val
64,0,64_1_0_20170110154140951.jpg,val
64,0,64_0_0_20170111200155418.jpg,val
86,0,86_1_0_20170110180108013.jpg,val
86,0,86_1_0_20170110181934936.jpg,val
86,0,86_1_0_20170110183619254.jpg,val
86,0,86_0_0_20170111223837209.jpg,val
86,0,86_1_0_20170120134855602.jpg,val
86,0,86_0_0_20170112224722395.jpg,val
86,0,86_0_0_20170111210513628.jpg,val
86,0,86_0_0_20170120225623186.jpg,val
86,0,86_1_0_20170120225751953.jpg,val
86,0,86_1_0_20170110173815028.jpg,val
78,0,78_0_0_20170111171747679.jpg,val
78,0,78_1_0_20170120230525666.jpg,val
78,0,78_0_0_20170111222546535.jpg,val
78,0,78_1_0_20170120230432160.jpg,val
78,0,78_0_0_20170116233355259.jpg,val
78,0,78_1_0_20170110181616162.jpg,val
78,0,78_1_0_20170120230348881.jpg,val
78,0,78_0_0_20170111222257902.jpg,val
78,0,78_1_0_20170120223855310.jpg,val
78,0,78_0_0_20170112224707532.jpg,val
82,0,82_0_0_20170111210233971.jpg,val
82,0,82_0_0_20170111222624743.jpg,val
82,0,82_0_0_20170111205943203.jpg,val
82,0,82_0_0_20170111224022146.jpg,val
82,0,82_0_0_20170111210140987.jpg,val
82,0,82_0_0_20170111223913094.jpg,val
82,0,82_1_0_20170110141329969.jpg,val
82,0,82_1_0_20170110184132973.jpg,val
82,0,82_0_0_20170111222551270.jpg,val
82,0,82_0_0_20170111222357343.jpg,val
5,0,5_0_0_20170110213322127.jpg,val
5,0,5_0_0_20170109192353674.jpg,val
5,0,5_1_0_20170109194001467.jpg,val
5,0,5_0_0_20170110225205577.jpg,val
5,0,5_1_0_20170109193816878.jpg,val
5,0,5_1_0_20170109192118486.jpg,val
5,0,5_0_0_20170110212834628.jpg,val
5,0,5_1_0_20170109190510318.jpg,val
5,0,5_1_0_20170109202322291.jpg,val
5,0,5_0_0_20170109192317486.jpg,val
38,0,38_1_0_20170109142047234.jpg,val
38,0,38_0_0_20170117121550630.jpg,val
38,0,38_1_0_20170117092650329.jpg,val
38,0,38_0_0_20170117120142691.jpg,val
38,0,38_0_0_20170114033044391.jpg,val
38,0,38_1_0_20170117184753856.jpg,val
38,0,38_0_0_20170117130715035.jpg,val
38,0,38_0_0_20170105184043687.jpg,val
38,0,38_1_0_20170117154131675.jpg,val
38,0,38_1_0_20170103181104225.jpg,val
88,0,88_1_0_20170120230401803.jpg,val
88,0,88_0_0_20170113185429450.jpg,val
88,0,88_1_0_20170110183756051.jpg,val
88,0,88_1_0_20170120134913783.jpg,val
88,0,88_0_0_20170111222556305.jpg,val
88,0,88_1_0_20170120230153314.jpg,val
88,0,88_1_0_20170120225747122.jpg,val
88,0,88_1_0_20170120140102078.jpg,val
88,0,88_1_0_20170120230317497.jpg,val
88,0,88_1_0_20170110182132120.jpg,val
71,0,71_0_0_20170111204446510.jpg,val
71,0,71_1_0_20170110141059193.jpg,val
71,0,71_1_0_20170110153303997.jpg,val
71,0,71_1_0_20170110141720224.jpg,val
71,0,71_0_0_20170104213443413.jpg,val
71,0,71_1_0_20170110181315747.jpg,val
71,0,71_0_0_20170104213311644.jpg,val
71,0,71_1_0_20170110140328613.jpg,val
71,0,71_0_0_20170111203734910.jpg,val
71,0,71_1_0_20170110143306064.jpg,val
19,0,19_0_0_20170116212106328.jpg,val
19,0,19_1_0_20170109214615122.jpg,val
19,0,19_1_0_20170117140530071.jpg,val
19,0,19_1_0_20170103201503695.jpg,val
19,0,19_1_0_20170103201508633.jpg,val
19,0,19_1_0_20170103175624137.jpg,val
19,0,19_1_0_20170109212903959.jpg,val
19,0,19_1_0_20170112231655238.jpg,val
19,0,19_0_0_20170103201333351.jpg,val
19,0,19_0_0_20170117140603777.jpg,val
79,0,79_0_0_20170111222200062.jpg,val
79,0,79_1_0_20170110151406182.jpg,val
79,0,79_0_0_20170111222511980.jpg,val
79,0,79_0_0_20170111205953011.jpg,val
79,0,79_0_0_20170111222432817.jpg,val
79,0,79_1_0_20170120225601889.jpg,val
79,0,79_1_0_20170110131753196.jpg,val
77,0,77_1_0_20170120221930573.jpg,val
77,0,77_0_0_20170111211407488.jpg,val
77,0,77_0_0_20170109132051992.jpg,val
77,0,77_0_0_20170111202327200.jpg,val
77,0,77_1_0_20170110181611591.jpg,val
77,0,77_1_0_20170110131558278.jpg,val
77,0,77_1_0_20170110125310561.jpg,val
77,0,77_1_0_20170110181616162.jpg,val
77,0,77_0_0_20170111221659565.jpg,val
77,0,77_1_0_20170110140346806.jpg,val
89,0,89_1_0_20170120223754333.jpg,val
89,0,89_1_0_20170110183554182.jpg,val
89,0,89_1_0_20170110182442099.jpg,val
89,0,89_0_0_20170111205835604.jpg,val
89,0,89_0_0_20170111210541562.jpg,val
83,0,83_0_0_20170111221828238.jpg,val
83,0,83_1_0_20170110160644142.jpg,val
83,0,83_0_0_20170111223725228.jpg,val
83,0,83_1_0_20170120225955850.jpg,val
83,0,83_1_0_20170109221112556.jpg,val
83,0,83_0_0_20170117195413882.jpg,val
1,3,1_0_3_20161219225845336.jpg,val
1,3,1_0_3_20161220222436891.jpg,val
1,3,1_1_3_20161219230626530.jpg,val
1,3,1_0_3_20161220220910514.jpg,val
1,3,1_1_3_20161219224745191.jpg,val
1,3,1_1_3_20161220143357382.jpg,val
1,3,1_1_3_20161219224539488.jpg,val
1,3,1_1_3_20161219230723008.jpg,val
1,3,1_1_3_20161220143303110.jpg,val
1,3,1_1_3_20161219230507432.jpg,val
61,3,61_1_3_20170109131931185.jpg,val
61,3,61_0_3_20170109141653583.jpg,val
61,3,61_0_3_20170119211853505.jpg,val
61,3,61_0_3_20170119211817688.jpg,val
61,3,61_0_3_20170119211851937.jpg,val
61,3,61_0_3_20170119211852753.jpg,val
61,3,61_0_3_20170119211857657.jpg,val
61,3,61_0_3_20170119211905592.jpg,val
61,3,61_0_3_20170119211815067.jpg,val
61,3,61_0_3_20170119211856632.jpg,val
23,3,23_1_3_20170104222257463.jpg,val
23,3,23_1_3_20170104222321688.jpg,val
23,3,23_1_3_20170119164507828.jpg,val
23,3,23_1_3_20170104222844871.jpg,val
23,3,23_1_3_20170119164432343.jpg,val
23,3,23_1_3_20170117144834977.jpg,val
23,3,23_1_3_20170119164548942.jpg,val
23,3,23_1_3_20170119164456070.jpg,val
23,3,23_1_3_20170119164326981.jpg,val
23,3,23_1_3_20170117144123778.jpg,val
31,3,31_0_3_20170117181555388.jpg,val
31,3,31_1_3_20170119200159884.jpg,val
31,3,31_1_3_20170109132020731.jpg,val
31,3,31_1_3_20170104235227202.jpg,val
31,3,31_0_3_20170104214647533.jpg,val
31,3,31_0_3_20170119195940339.jpg,val
31,3,31_1_3_20170119200154156.jpg,val
31,3,31_1_3_20170104223321247.jpg,val
31,3,31_1_3_20170119155508987.jpg,val
31,3,31_1_3_20170119195945900.jpg,val
52,3,52_0_3_20170119204337838.jpg,val
52,3,52_0_3_20170119205716424.jpg,val
52,3,52_0_3_20170119200407188.jpg,val
52,3,52_0_3_20170119200241996.jpg,val
52,3,52_0_3_20170119205733615.jpg,val
52,3,52_0_3_20170119205700727.jpg,val
52,3,52_0_3_20170119200211340.jpg,val
52,3,52_1_3_20170109133341959.jpg,val
52,3,52_0_3_20170117190840617.jpg,val
52,3,52_0_3_20170109142447723.jpg,val
63,3,63_0_3_20170119211952608.jpg,val
63,3,63_0_3_20170105180905510.jpg,val
10,3,10_1_3_20170112211048149.jpg,val
10,3,10_1_3_20170117144247699.jpg,val
65,3,65_1_3_20170119202621117.jpg,val
65,3,65_0_3_20170119205206575.jpg,val
65,3,65_0_3_20170119201141428.jpg,val
65,3,65_0_3_20170117190407347.jpg,val
65,3,65_0_3_20170119205855505.jpg,val
65,3,65_0_3_20170120225250881.jpg,val
65,3,65_1_3_20170109143047483.jpg,val
65,3,65_0_3_20170119210250623.jpg,val
65,3,65_1_3_20170119201536077.jpg,val
65,3,65_1_3_20170109141910621.jpg,val
28,3,28_1_3_20170117180646529.jpg,val
28,3,28_1_3_20170104232946267.jpg,val
28,3,28_0_3_20170104220242582.jpg,val
28,3,28_1_3_20170117144207130.jpg,val
28,3,28_0_3_20170104232323178.jpg,val
28,3,28_0_3_20170116214434468.jpg,val
28,3,28_0_3_20170119194926283.jpg,val
28,3,28_1_3_20170119195058724.jpg,val
28,3,28_1_3_20170119194934347.jpg,val
28,3,28_1_3_20170104231853785.jpg,val
36,3,36_0_3_20170117163531659.jpg,val
36,3,36_1_3_20170119191859753.jpg,val
36,3,36_0_3_20170119202128525.jpg,val
36,3,36_0_3_20170119183320965.jpg,val
36,3,36_1_3_20170117183408380.jpg,val
36,3,36_0_3_20170119202127415.jpg,val
36,3,36_1_3_20170119202144381.jpg,val
36,3,36_1_3_20170119202133110.jpg,val
36,3,36_0_3_20170104232856875.jpg,val
36,3,36_0_3_20170104232859970.jpg,val
48,3,48_0_3_20170119200742252.jpg,val
48,3,48_0_3_20170119181346742.jpg,val
48,3,48_1_3_20170119212118705.jpg,val
48,3,48_0_3_20170119151033366.jpg,val
48,3,48_0_3_20170105180838870.jpg,val
48,3,48_0_3_20170119202007642.jpg,val
48,3,48_0_3_20170119202429341.jpg,val
48,3,48_0_3_20170119201722708.jpg,val
48,3,48_1_3_20170119195845924.jpg,val
48,3,48_0_3_20170119205356352.jpg,val
26,3,26_0_3_20170119145951982.jpg,val
26,3,26_1_3_20170119192546129.jpg,val
26,3,26_1_3_20170117153630883.jpg,val
26,3,26_0_3_20170104230509745.jpg,val
26,3,26_1_3_20170119180533644.jpg,val
26,3,26_1_3_20170119192915634.jpg,val
26,3,26_1_3_20170104222805519.jpg,val
26,3,26_0_3_20170119183334094.jpg,val
26,3,26_1_3_20170104214236981.jpg,val
26,3,26_0_3_20170119181200723.jpg,val
20,3,20_1_3_20170119144712261.jpg,val
20,3,20_0_3_20170104214325910.jpg,val
20,3,20_1_3_20170119150812423.jpg,val
20,3,20_0_3_20170104214328637.jpg,val
20,3,20_1_3_20170104222019511.jpg,val
20,3,20_0_3_20170104225831145.jpg,val
20,3,20_1_3_20170104222034231.jpg,val
20,3,20_1_3_20170104222031311.jpg,val
20,3,20_1_3_20170119153308793.jpg,val
20,3,20_0_3_20170117151020539.jpg,val
50,3,50_0_3_20170119211935657.jpg,val
50,3,50_0_3_20170119203845893.jpg,val
50,3,50_0_3_20170119205531336.jpg,val
50,3,50_0_3_20170119205521664.jpg,val
50,3,50_0_3_20170119204352551.jpg,val
50,3,50_0_3_20170119204341751.jpg,val
50,3,50_0_3_20170119204714191.jpg,val
50,3,50_0_3_20170119205556344.jpg,val
50,3,50_0_3_20170119205151901.jpg,val
50,3,50_0_3_20170117144239634.jpg,val
3,3,3_1_3_20161219225754439.jpg,val
3,3,3_0_3_20161220222637579.jpg,val
3,3,3_0_3_20161219230550256.jpg,val
3,3,3_0_3_20161220145539630.jpg,val
3,3,3_1_3_20161219224605961.jpg,val
3,3,3_0_3_20161219230155056.jpg,val
3,3,3_1_3_20161219230204712.jpg,val
3,3,3_1_3_20161219230214072.jpg,val
3,3,3_1_3_20161220145428645.jpg,val
3,3,3_1_3_20161220220632050.jpg,val
7,3,7_1_3_20161220222902435.jpg,val
7,3,7_1_3_20161220222848971.jpg,val
30,3,30_0_3_20170105164853052.jpg,val
30,3,30_1_3_20170117181328835.jpg,val
30,3,30_1_3_20170117132645658.jpg,val
30,3,30_1_3_20170119205414159.jpg,val
30,3,30_1_3_20170109134515826.jpg,val
30,3,30_0_3_20170117120456566.jpg,val
30,3,30_0_3_20170119195729476.jpg,val
30,3,30_0_3_20170119195819708.jpg,val
30,3,30_0_3_20170108235400941.jpg,val
30,3,30_1_3_20170119204032119.jpg,val
8,3,8_1_3_20161220220832858.jpg,val
8,3,8_1_3_20170104221650071.jpg,val
8,3,8_0_3_20170104230740713.jpg,val
8,3,8_0_3_20170104225230063.jpg,val
8,3,8_1_3_20170104221914568.jpg,val
8,3,8_1_3_20170104222431175.jpg,val
8,3,8_1_3_20170104222819874.jpg,val
8,3,8_0_3_20161220222825331.jpg,val
8,3,8_1_3_20170117185042185.jpg,val
8,3,8_1_3_20170104222705308.jpg,val
56,3,56_0_3_20170119195816363.jpg,val
56,3,56_0_3_20170119180848388.jpg,val
56,3,56_1_3_20170109141207996.jpg,val
56,3,56_1_3_20170109132251210.jpg,val
56,3,56_0_3_20170119152358239.jpg,val
56,3,56_1_3_20170109142023203.jpg,val
56,3,56_0_3_20170105180722614.jpg,val
56,3,56_1_3_20170104235453123.jpg,val
56,3,56_1_3_20170109141321745.jpg,val
56,3,56_1_3_20170119181445803.jpg,val
4,3,4_1_3_20170119180337725.jpg,val
4,3,4_0_3_20161220220738826.jpg,val
4,3,4_1_3_20161219225233848.jpg,val
4,3,4_0_3_20161220145757599.jpg,val
4,3,4_1_3_20161220220636202.jpg,val
4,3,4_1_3_20161220221751466.jpg,val
4,3,4_1_3_20170119212114153.jpg,val
4,3,4_0_3_20161220220726266.jpg,val
4,3,4_0_3_20170109131758363.jpg,val
4,3,4_1_3_20161220223107732.jpg,val
42,3,42_0_3_20170119204447575.jpg,val
42,3,42_0_3_20170112220259809.jpg,val
42,3,42_0_3_20170119155807051.jpg,val
42,3,42_0_3_20170119204446511.jpg,val
42,3,42_0_3_20170105180921463.jpg,val
42,3,42_0_3_20170119204253127.jpg,val
42,3,42_0_3_20170119204429765.jpg,val
42,3,42_0_3_20170105172357317.jpg,val
42,3,42_0_3_20170113190642809.jpg,val
42,3,42_0_3_20170117154750955.jpg,val
45,3,45_0_3_20170119203944694.jpg,val
45,3,45_0_3_20170119201221388.jpg,val
45,3,45_0_3_20170119202044372.jpg,val
45,3,45_0_3_20170119180924508.jpg,val
45,3,45_0_3_20170120222425936.jpg,val
45,3,45_0_3_20170105001317092.jpg,val
45,3,45_0_3_20170119202458980.jpg,val
45,3,45_0_3_20170117165700077.jpg,val
45,3,45_0_3_20170119181420596.jpg,val
45,3,45_0_3_20170119204138943.jpg,val
21,3,21_0_3_20170119154213179.jpg,val
21,3,21_1_3_20170119155741576.jpg,val
21,3,21_1_3_20170104231324474.jpg,val
21,3,21_0_3_20170119153827185.jpg,val
21,3,21_1_3_20170119155605098.jpg,val
21,3,21_1_3_20170104222114302.jpg,val
21,3,21_1_3_20170104231602346.jpg,val
21,3,21_1_3_20170117142510610.jpg,val
21,3,21_0_3_20170104214322765.jpg,val
21,3,21_1_3_20170104222108390.jpg,val
41,3,41_1_3_20170104214413309.jpg,val
41,3,41_0_3_20170104232812410.jpg,val
41,3,41_1_3_20170110173815028.jpg,val
41,3,41_0_3_20170119204231207.jpg,val
41,3,41_0_3_20170104215454077.jpg,val
41,3,41_1_3_20170109140751299.jpg,val
41,3,41_1_3_20170105001059203.jpg,val
41,3,41_0_3_20170119204228535.jpg,val
41,3,41_1_3_20170104234715675.jpg,val
41,3,41_0_3_20170119171541497.jpg,val
34,3,34_0_3_20170119152305846.jpg,val
34,3,34_0_3_20170119152422977.jpg,val
34,3,34_1_3_20170119200905525.jpg,val
34,3,34_0_3_20170119200756100.jpg,val
34,3,34_0_3_20170119150531191.jpg,val
34,3,34_0_3_20170119200815948.jpg,val
34,3,34_0_3_20170117182805214.jpg,val
34,3,34_0_3_20170119165755400.jpg,val
34,3,34_1_3_20170119200900860.jpg,val
34,3,34_0_3_20170119200758796.jpg,val
55,3,55_0_3_20170119204546494.jpg,val
55,3,55_0_3_20170119201213412.jpg,val
55,3,55_0_3_20170119201207516.jpg,val
55,3,55_1_3_20170109141153263.jpg,val
55,3,55_0_3_20170119183204846.jpg,val
55,3,55_0_3_20170119181425916.jpg,val
55,3,55_0_3_20170119171728191.jpg,val
55,3,55_0_3_20170119205511952.jpg,val
55,3,55_1_3_20170119192720664.jpg,val
55,3,55_0_3_20170119171757096.jpg,val
29,3,29_1_3_20170109141114301.jpg,val
29,3,29_0_3_20170117022426014.jpg,val
29,3,29_0_3_20170119195313651.jpg,val
29,3,29_1_3_20170104235518987.jpg,val
29,3,29_0_3_20170119195249772.jpg,val
29,3,29_0_3_20170105162407635.jpg,val
29,3,29_1_3_20170117183023311.jpg,val
29,3,29_0_3_20170119164049077.jpg,val
29,3,29_1_3_20170109133003868.jpg,val
29,3,29_1_3_20170104235317706.jpg,val
25,3,25_1_3_20170104232002457.jpg,val
25,3,25_0_3_20170119171508760.jpg,val
25,3,25_0_3_20170119171837104.jpg,val
25,3,25_1_3_20170117140244350.jpg,val
25,3,25_0_3_20170119171146199.jpg,val
25,3,25_1_3_20170119172047553.jpg,val
25,3,25_1_3_20170119171956657.jpg,val
25,3,25_1_3_20170119171913200.jpg,val
25,3,25_1_3_20170117143756281.jpg,val
25,3,25_0_3_20170119212123817.jpg,val
24,3,24_0_3_20170119165947103.jpg,val
24,3,24_1_3_20170119170600774.jpg,val
24,3,24_1_3_20170104231923674.jpg,val
24,3,24_1_3_20170104231937977.jpg,val
24,3,24_1_3_20170119171109382.jpg,val
24,3,24_1_3_20170104223551695.jpg,val
24,3,24_0_3_20170117150043934.jpg,val
24,3,24_0_3_20170119165628798.jpg,val
24,3,24_1_3_20170104214534021.jpg,val
24,3,24_1_3_20170104231344873.jpg,val
27,3,27_1_3_20170104223119591.jpg,val
27,3,27_0_3_20170119193230098.jpg,val
27,3,27_0_3_20170117144316835.jpg,val
27,3,27_0_3_20170104214555317.jpg,val
27,3,27_0_3_20170119194352188.jpg,val
27,3,27_0_3_20170104230153993.jpg,val
27,3,27_0_3_20170119210058457.jpg,val
27,3,27_0_3_20170119193303226.jpg,val
27,3,27_0_3_20170119152437615.jpg,val
27,3,27_1_3_20170119194417435.jpg,val
32,3,32_1_3_20170109141339133.jpg,val
32,3,32_1_3_20170116153431215.jpg,val
32,3,32_0_3_20170119160433674.jpg,val
32,3,32_1_3_20170109142352309.jpg,val
32,3,32_0_3_20170119200245532.jpg,val
32,3,32_1_3_20170119200443572.jpg,val
32,3,32_0_3_20170117154217366.jpg,val
32,3,32_0_3_20170119200318588.jpg,val
32,3,32_1_3_20170104232031954.jpg,val
32,3,32_0_3_20170104220341542.jpg,val
18,3,18_0_3_20170104230329273.jpg,val
18,3,18_1_3_20170119152509320.jpg,val
18,3,18_0_3_20170104225812688.jpg,val
18,3,18_0_3_20170117140743776.jpg,val
18,3,18_0_3_20170104230349313.jpg,val
18,3,18_1_3_20170109212742369.jpg,val
18,3,18_0_3_20170104230248073.jpg,val
18,3,18_0_3_20170104225753848.jpg,val
18,3,18_1_3_20170104222052685.jpg,val
18,3,18_1_3_20170117135709510.jpg,val
54,3,54_0_3_20170119210215919.jpg,val
54,3,54_0_3_20170119210117464.jpg,val
54,3,54_0_3_20170119211332737.jpg,val
54,3,54_0_3_20170119164452509.jpg,val
54,3,54_0_3_20170119210112712.jpg,val
54,3,54_0_3_20170119200606516.jpg,val
54,3,54_0_3_20170119210128472.jpg,val
54,3,54_0_3_20170119210223969.jpg,val
54,3,54_0_3_20170104220912510.jpg,val
54,3,54_0_3_20170119210006573.jpg,val
17,3,17_0_3_20170117134709342.jpg,val
17,3,17_0_3_20170104225736449.jpg,val
17,3,17_1_3_20170104221840229.jpg,val
17,3,17_0_3_20170104230447112.jpg,val
17,3,17_0_3_20170104225710543.jpg,val
17,3,17_1_3_20170119153612825.jpg,val
17,3,17_1_3_20170117143037796.jpg,val
14,3,14_1_3_20161220220655004.jpg,val
14,3,14_0_3_20170104230143521.jpg,val
14,3,14_1_3_20170104013523266.jpg,val
14,3,14_0_3_20170104225533201.jpg,val
14,3,14_1_3_20170104222504560.jpg,val
14,3,14_0_3_20170104012427337.jpg,val
14,3,14_0_3_20170104013434256.jpg,val
14,3,14_1_3_20170104221901782.jpg,val
57,3,57_0_3_20170105180627374.jpg,val
57,3,57_0_3_20170119211459705.jpg,val
57,3,57_0_3_20170119180932004.jpg,val
57,3,57_1_3_20170104234912850.jpg,val
57,3,57_1_3_20170109132601018.jpg,val
57,3,57_0_3_20170119183926056.jpg,val
57,3,57_1_3_20170105001132532.jpg,val
40,3,40_1_3_20170117133747258.jpg,val
40,3,40_0_3_20170104214526773.jpg,val
40,3,40_0_3_20170117194103620.jpg,val
40,3,40_0_3_20170119183720398.jpg,val
40,3,40_1_3_20170109140647801.jpg,val
40,3,40_1_3_20170119151025310.jpg,val
40,3,40_0_3_20170117154542505.jpg,val
40,3,40_1_3_20170116191729090.jpg,val
40,3,40_0_3_20170104201852330.jpg,val
40,3,40_0_3_20170119205507599.jpg,val
35,3,35_0_3_20170119201341557.jpg,val
35,3,35_0_3_20170117154740182.jpg,val
35,3,35_0_3_20170119191827257.jpg,val
35,3,35_0_3_20170119171318208.jpg,val
35,3,35_0_3_20170104201604930.jpg,val
35,3,35_1_3_20170117152724917.jpg,val
35,3,35_0_3_20170119201122088.jpg,val
35,3,35_1_3_20170117173702817.jpg,val
35,3,35_0_3_20170117135015886.jpg,val
35,3,35_0_3_20170119201222820.jpg,val
6,3,6_1_3_20170104221718143.jpg,val
6,3,6_1_3_20161220223136131.jpg,val
6,3,6_1_3_20161220223052131.jpg,val
6,3,6_1_3_20161220223142531.jpg,val
6,3,6_0_3_20170119145452429.jpg,val
6,3,6_1_3_20161220220748274.jpg,val
6,3,6_1_3_20170104222751249.jpg,val
6,3,6_1_3_20161220220517209.jpg,val
6,3,6_1_3_20170117135341759.jpg,val
6,3,6_1_3_20161220223138171.jpg,val
60,3,60_0_3_20170119204833974.jpg,val
60,3,60_0_3_20170119203850894.jpg,val
60,3,60_0_3_20170119210242095.jpg,val
60,3,60_0_3_20170119205739654.jpg,val
60,3,60_0_3_20170119205730463.jpg,val
60,3,60_1_3_20170119204012575.jpg,val
60,3,60_0_3_20170119205333190.jpg,val
60,3,60_0_3_20170119205726487.jpg,val
60,3,60_1_3_20170109142555460.jpg,val
60,3,60_0_3_20170119205112264.jpg,val
58,3,58_0_3_20170112205528628.jpg,val
58,3,58_0_3_20170119211734608.jpg,val
58,3,58_0_3_20170119211539872.jpg,val
58,3,58_0_3_20170119211523632.jpg,val
58,3,58_0_3_20170119181133308.jpg,val
58,3,58_0_3_20170119211712697.jpg,val
58,3,58_0_3_20170119211627367.jpg,val
58,3,58_0_3_20170119211558385.jpg,val
58,3,58_0_3_20170112205536547.jpg,val
58,3,58_0_3_20170119211545409.jpg,val
47,3,47_0_3_20170117190238883.jpg,val
47,3,47_0_3_20170119202404381.jpg,val
47,3,47_0_3_20170119205239944.jpg,val
47,3,47_0_3_20170119205155167.jpg,val
47,3,47_1_3_20170109142337247.jpg,val
47,3,47_0_3_20170119202334925.jpg,val
47,3,47_0_3_20170109142337247.jpg,val
47,3,47_0_3_20170117140021091.jpg,val
47,3,47_0_3_20170119205107927.jpg,val
47,3,47_0_3_20170119205212904.jpg,val
43,3,43_0_3_20170119204553167.jpg,val
43,3,43_1_3_20170104232218274.jpg,val
43,3,43_0_3_20170119162826244.jpg,val
43,3,43_1_3_20170119204701135.jpg,val
43,3,43_0_3_20170119211655721.jpg,val
43,3,43_0_3_20170119204554406.jpg,val
43,3,43_1_3_20170109141039762.jpg,val
43,3,43_0_3_20170119181404861.jpg,val
43,3,43_1_3_20170109132235319.jpg,val
43,3,43_0_3_20170119202340885.jpg,val
33,3,33_0_3_20170119184235519.jpg,val
33,3,33_0_3_20170119164211892.jpg,val
33,3,33_1_3_20170104235051234.jpg,val
33,3,33_0_3_20170119200505620.jpg,val
33,3,33_0_3_20170117134831656.jpg,val
33,3,33_1_3_20170104232231283.jpg,val
33,3,33_1_3_20170117174243837.jpg,val
33,3,33_1_3_20170117182600997.jpg,val
33,3,33_0_3_20170119164240414.jpg,val
33,3,33_0_3_20170119200506620.jpg,val
22,3,22_1_3_20170119163344958.jpg,val
22,3,22_1_3_20170104222151616.jpg,val
22,3,22_1_3_20170104222547654.jpg,val
22,3,22_0_3_20170119160301570.jpg,val
22,3,22_1_3_20170119160417027.jpg,val
22,3,22_1_3_20170104223821199.jpg,val
22,3,22_1_3_20170104232504850.jpg,val
22,3,22_1_3_20170104231657849.jpg,val
22,3,22_1_3_20170104223125535.jpg,val
22,3,22_0_3_20170119150653870.jpg,val
12,3,12_1_3_20170104223643593.jpg,val
12,3,12_1_3_20170104221910239.jpg,val
12,3,12_1_3_20170104012400657.jpg,val
12,3,12_0_3_20170117183456013.jpg,val
12,3,12_0_3_20170104013451506.jpg,val
38,3,38_0_3_20170119211500976.jpg,val
38,3,38_1_3_20170117121011234.jpg,val
38,3,38_1_3_20170109140636847.jpg,val
38,3,38_0_3_20170119202607101.jpg,val
38,3,38_1_3_20170117165055412.jpg,val
38,3,38_0_3_20170117121006148.jpg,val
38,3,38_1_3_20170119183332565.jpg,val
38,3,38_0_3_20170119160316259.jpg,val
38,3,38_0_3_20170119212105475.jpg,val
38,3,38_0_3_20170117142039804.jpg,val
62,3,62_0_3_20170109134459638.jpg,val
62,3,62_1_3_20170109150704840.jpg,val
62,3,62_1_3_20170109133411698.jpg,val
62,3,62_0_3_20170105180620366.jpg,val
49,3,49_0_3_20170117130537950.jpg,val
49,3,49_0_3_20170104214426925.jpg,val
49,3,49_0_3_20170119204414414.jpg,val
49,3,49_0_3_20170119201611413.jpg,val
49,3,49_0_3_20170117130532515.jpg,val
49,3,49_1_3_20170113190751369.jpg,val
49,3,49_0_3_20170119202423862.jpg,val
49,3,49_1_3_20170109012415373.jpg,val
49,3,49_0_3_20170119201605981.jpg,val
49,3,49_0_3_20170104212655423.jpg,val
37,3,37_0_3_20170119192309233.jpg,val
37,3,37_0_3_20170120221511381.jpg,val
37,3,37_0_3_20170119202301349.jpg,val
37,3,37_0_3_20170119202316062.jpg,val
37,3,37_1_3_20170119202520478.jpg,val
37,3,37_1_3_20170109132653966.jpg,val
37,3,37_0_3_20170119202312469.jpg,val
37,3,37_0_3_20170119202310776.jpg,val
37,3,37_0_3_20170109134008515.jpg,val
37,3,37_0_3_20170109012450792.jpg,val
53,3,53_0_3_20170119205914040.jpg,val
53,3,53_1_3_20170104234732082.jpg,val
53,3,53_0_3_20170119201406708.jpg,val
53,3,53_0_3_20170119205834160.jpg,val
53,3,53_0_3_20170119205842672.jpg,val
53,3,53_0_3_20170119205832000.jpg,val
53,3,53_1_3_20170119164036366.jpg,val
53,3,53_0_3_20170119201334485.jpg,val
53,3,53_0_3_20170109142546975.jpg,val
53,3,53_1_3_20170109133349734.jpg,val
15,3,15_1_3_20170117142502538.jpg,val
15,3,15_1_3_20170104222011950.jpg,val
15,3,15_1_3_20161220145451968.jpg,val
15,3,15_1_3_20170104221722328.jpg,val
15,3,15_1_3_20170119164417238.jpg,val
15,3,15_1_3_20170104221641789.jpg,val
15,3,15_0_3_20170104230418059.jpg,val
51,3,51_0_3_20170104212203317.jpg,val
51,3,51_0_3_20170119205628400.jpg,val
51,3,51_1_3_20170109142223564.jpg,val
51,3,51_0_3_20170119205612416.jpg,val
51,3,51_0_3_20170119205627558.jpg,val
51,3,51_0_3_20170119175402515.jpg,val
51,3,51_0_3_20170119200305083.jpg,val
51,3,51_0_3_20170119211842089.jpg,val
51,3,51_0_3_20170119205613657.jpg,val
51,3,51_0_3_20170119181148220.jpg,val
5,3,5_1_3_20161219230446729.jpg,val
5,3,5_0_3_20161220142906249.jpg,val
5,3,5_0_3_20161220220601498.jpg,val
5,3,5_0_3_20170119212110570.jpg,val
5,3,5_1_3_20161219225746112.jpg,val
5,3,5_1_3_20161220145130080.jpg,val
5,3,5_1_3_20161220221527498.jpg,val
5,3,5_1_3_20161220145842991.jpg,val
5,3,5_1_3_20170119151512160.jpg,val
5,3,5_1_3_20161220221812930.jpg,val
2,3,2_1_3_20161219225623600.jpg,val
2,3,2_1_3_20161219230137680.jpg,val
2,3,2_0_3_20161219225453639.jpg,val
2,3,2_1_3_20161220144853855.jpg,val
2,3,2_0_3_20161219230609241.jpg,val
2,3,2_1_3_20161219225702256.jpg,val
2,3,2_1_3_20161219225311520.jpg,val
2,3,2_1_3_20161220222833195.jpg,val
2,3,2_1_3_20161219230338336.jpg,val
2,3,2_1_3_20161220145026015.jpg,val
46,3,46_0_3_20170119204754151.jpg,val
46,3,46_0_3_20170104210508188.jpg,val
46,3,46_0_3_20170119195336586.jpg,val
46,3,46_0_3_20170119175612659.jpg,val
46,3,46_0_3_20170119202435756.jpg,val
46,3,46_0_3_20170119204802431.jpg,val
46,3,46_0_3_20170112205640068.jpg,val
46,3,46_0_3_20170119172226210.jpg,val
46,3,46_0_3_20170119200749075.jpg,val
46,3,46_0_3_20170119183229046.jpg,val
39,3,39_1_3_20170109141053796.jpg,val
39,3,39_1_3_20170119204014702.jpg,val
39,3,39_0_3_20170117165633172.jpg,val
39,3,39_0_3_20170119184201286.jpg,val
39,3,39_0_3_20170113142218164.jpg,val
39,3,39_0_3_20170119203958183.jpg,val
39,3,39_1_3_20170109140636847.jpg,val
39,3,39_0_3_20170104220730909.jpg,val
39,3,39_0_3_20170119183250588.jpg,val
39,3,39_1_3_20170104232838176.jpg,val
16,3,16_0_3_20170110232812662.jpg,val
16,3,16_1_3_20170104223028462.jpg,val
16,3,16_1_3_20170104221751447.jpg,val
16,3,16_1_3_20170104012449865.jpg,val
44,3,44_0_3_20170119201022260.jpg,val
44,3,44_0_3_20170119195144674.jpg,val
44,3,44_0_3_20170119204704727.jpg,val
44,3,44_0_3_20170119195216221.jpg,val
44,3,44_0_3_20170119171751384.jpg,val
44,3,44_0_3_20170119181020595.jpg,val
44,3,44_1_3_20170119164705141.jpg,val
44,3,44_0_3_20170119184239800.jpg,val
44,3,44_0_3_20170119200511259.jpg,val
44,3,44_0_3_20170119181341765.jpg,val
70,3,70_0_3_20161220221943042.jpg,val
70,3,70_0_3_20170119192013226.jpg,val
70,3,70_0_3_20170119184325439.jpg,val
70,3,70_0_3_20170119203826438.jpg,val
70,3,70_0_3_20170119205748663.jpg,val
70,3,70_1_3_20170109142852824.jpg,val
70,3,70_0_3_20170105175417710.jpg,val
70,3,70_0_3_20170119205849176.jpg,val
70,3,70_0_3_20170119205313583.jpg,val
67,3,67_0_3_20170116193543456.jpg,val
67,3,67_0_3_20170119212012082.jpg,val
67,3,67_0_3_20170119212019810.jpg,val
67,3,67_1_3_20170109150650035.jpg,val
67,3,67_0_3_20161220221736930.jpg,val
75,3,75_0_3_20170119204101959.jpg,val
19,3,19_1_3_20170119145633822.jpg,val
19,3,19_1_3_20170104223253815.jpg,val
19,3,19_1_3_20170104221938894.jpg,val
19,3,19_1_3_20170119192850574.jpg,val
26,2,26_1_2_20170117175135184.jpg,val
26,2,26_0_2_20170104015801932.jpg,val
26,2,26_0_2_20170116180011320.jpg,val
26,2,26_0_2_20170116175947641.jpg,val
26,2,26_1_2_20170104022833734.jpg,val
26,2,26_0_2_20170104022540590.jpg,val
26,2,26_1_2_20170116184450443.jpg,val
26,2,26_1_2_20170116175456595.jpg,val
26,2,26_0_2_20170116175940674.jpg,val
26,2,26_0_2_20170116175934531.jpg,val
24,2,24_0_2_20170112003933482.jpg,val
24,2,24_0_2_20170116165028531.jpg,val
24,2,24_1_2_20170104234618170.jpg,val
24,2,24_1_2_20170104021559044.jpg,val
24,2,24_0_2_20170116170804180.jpg,val
24,2,24_1_2_20170104020818270.jpg,val
24,2,24_1_2_20170116173356200.jpg,val
24,2,24_1_2_20170116164559724.jpg,val
24,2,24_0_2_20161219192221394.jpg,val
24,2,24_1_2_20170116171634283.jpg,val
3,2,3_1_2_20161219204608087.jpg,val
3,2,3_1_2_20161219142312449.jpg,val
3,2,3_1_2_20161219141400280.jpg,val
3,2,3_0_2_20161219141423672.jpg,val
3,2,3_0_2_20161219142553649.jpg,val
3,2,3_1_2_20161219155533269.jpg,val
3,2,3_1_2_20161219151926867.jpg,val
3,2,3_1_2_20161219142118801.jpg,val
3,2,3_1_2_20161219212214190.jpg,val
3,2,3_0_2_20161219153035532.jpg,val
1,2,1_0_2_20161219194543059.jpg,val
1,2,1_0_2_20161219142006881.jpg,val
1,2,1_0_2_20161219161855278.jpg,val
1,2,1_0_2_20161219194811588.jpg,val
1,2,1_1_2_20161219142147841.jpg,val
1,2,1_1_2_20161219141731616.jpg,val
1,2,1_0_2_20161219160955846.jpg,val
1,2,1_1_2_20161219155922221.jpg,val
1,2,1_0_2_20161219200015132.jpg,val
1,2,1_0_2_20161219195334724.jpg,val
5,2,5_0_2_20161219202809316.jpg,val
5,2,5_1_2_20161219151522483.jpg,val
5,2,5_1_2_20161219205338333.jpg,val
5,2,5_1_2_20161219151834275.jpg,val
5,2,5_1_2_20161219192039498.jpg,val
5,2,5_0_2_20161219221839271.jpg,val
5,2,5_1_2_20161219153909236.jpg,val
5,2,5_0_2_20170110215845491.jpg,val
5,2,5_1_2_20161219163010238.jpg,val
5,2,5_0_2_20161219151837283.jpg,val
75,2,75_0_2_20170112220538967.jpg,val
75,2,75_0_2_20170112202930960.jpg,val
75,2,75_0_2_20170112205312755.jpg,val
75,2,75_0_2_20170111204729431.jpg,val
75,2,75_0_2_20170112224221075.jpg,val
75,2,75_1_2_20170112224034603.jpg,val
75,2,75_1_2_20170110182818569.jpg,val
75,2,75_0_2_20170112224347901.jpg,val
75,2,75_0_2_20170112220535400.jpg,val
75,2,75_0_2_20170113174659450.jpg,val
4,2,4_1_2_20161219195400492.jpg,val
4,2,4_1_2_20161219141750993.jpg,val
4,2,4_0_2_20161219160939189.jpg,val
4,2,4_0_2_20161219201254277.jpg,val
4,2,4_1_2_20161219221140063.jpg,val
4,2,4_1_2_20161219204830421.jpg,val
4,2,4_1_2_20161219205238948.jpg,val
4,2,4_1_2_20161219190541762.jpg,val
4,2,4_0_2_20161219194118187.jpg,val
4,2,4_1_2_20161219162913078.jpg,val
25,2,25_1_2_20170116165425465.jpg,val
25,2,25_0_2_20170104021424381.jpg,val
25,2,25_0_2_20170116165108577.jpg,val
25,2,25_1_2_20170104021040316.jpg,val
25,2,25_1_2_20170116174825431.jpg,val
25,2,25_1_2_20170104015640427.jpg,val
25,2,25_1_2_20170116175237465.jpg,val
25,2,25_1_2_20170116175124189.jpg,val
25,2,25_1_2_20170116173206933.jpg,val
25,2,25_0_2_20170116174816852.jpg,val
60,2,60_0_2_20170116190207532.jpg,val
60,2,60_1_2_20170116192433309.jpg,val
60,2,60_0_2_20170116235410721.jpg,val
60,2,60_0_2_20170109010253649.jpg,val
60,2,60_0_2_20170116192628656.jpg,val
60,2,60_0_2_20170116174336830.jpg,val
60,2,60_0_2_20170112222005682.jpg,val
60,2,60_0_2_20170117171420930.jpg,val
60,2,60_1_2_20170110151419801.jpg,val
60,2,60_0_2_20170116182752428.jpg,val
22,2,22_1_2_20170116165351984.jpg,val
22,2,22_0_2_20170116162917882.jpg,val
22,2,22_1_2_20170116162944219.jpg,val
22,2,22_0_2_20170116171724301.jpg,val
22,2,22_1_2_20170116170405273.jpg,val
22,2,22_1_2_20170116162023656.jpg,val
22,2,22_1_2_20170116172611887.jpg,val
22,2,22_1_2_20170116172030701.jpg,val
22,2,22_1_2_20161219192416602.jpg,val
22,2,22_0_2_20170116172604316.jpg,val
27,2,27_1_2_20170116165546386.jpg,val
27,2,27_1_2_20170116172655057.jpg,val
27,2,27_1_2_20170116170959436.jpg,val
27,2,27_1_2_20170116171716287.jpg,val
27,2,27_1_2_20170116163622032.jpg,val
27,2,27_0_2_20170116173713171.jpg,val
27,2,27_1_2_20170116172712326.jpg,val
27,2,27_1_2_20170116163625314.jpg,val
27,2,27_1_2_20170116163658895.jpg,val
27,2,27_1_2_20170116172452183.jpg,val
29,2,29_1_2_20170103181921865.jpg,val
29,2,29_0_2_20170116163105337.jpg,val
29,2,29_1_2_20170116172543850.jpg,val
29,2,29_0_2_20170116163447230.jpg,val
29,2,29_0_2_20170116173703903.jpg,val
29,2,29_1_2_20170116163403273.jpg,val
29,2,29_1_2_20170116165130095.jpg,val
29,2,29_1_2_20170116220847352.jpg,val
29,2,29_0_2_20170116170817714.jpg,val
29,2,29_1_2_20170116191209449.jpg,val
45,2,45_1_2_20170116001025936.jpg,val
45,2,45_0_2_20170116163531048.jpg,val
45,2,45_0_2_20170116232857435.jpg,val
45,2,45_1_2_20170107211934472.jpg,val
45,2,45_0_2_20170104174321891.jpg,val
45,2,45_0_2_20170116182728525.jpg,val
45,2,45_0_2_20170112205737971.jpg,val
45,2,45_0_2_20170109013208873.jpg,val
35,2,35_0_2_20170104201518561.jpg,val
35,2,35_1_2_20170116182258569.jpg,val
35,2,35_1_2_20170116183728469.jpg,val
35,2,35_0_2_20170116174634892.jpg,val
35,2,35_0_2_20170116190045902.jpg,val
35,2,35_0_2_20170116182734834.jpg,val
35,2,35_0_2_20170117182954110.jpg,val
35,2,35_0_2_20170116181240160.jpg,val
35,2,35_0_2_20170117135017903.jpg,val
35,2,35_0_2_20170116182223485.jpg,val
2,2,2_1_2_20161219140706417.jpg,val
2,2,2_0_2_20161219142326480.jpg,val
2,2,2_1_2_20161219151922108.jpg,val
2,2,2_1_2_20161219162237149.jpg,val
2,2,2_0_2_20161219190604355.jpg,val
2,2,2_1_2_20161219212252310.jpg,val
2,2,2_0_2_20161219202530668.jpg,val
2,2,2_1_2_20161219155732445.jpg,val
2,2,2_1_2_20161219151440283.jpg,val
2,2,2_1_2_20161219141208216.jpg,val
80,2,80_0_2_20170112222101890.jpg,val
80,2,80_0_2_20170112220346479.jpg,val
80,2,80_0_2_20170112224207667.jpg,val
80,2,80_1_2_20170120223552933.jpg,val
80,2,80_0_2_20170112224352147.jpg,val
80,2,80_0_2_20170111210646563.jpg,val
23,2,23_0_2_20170116173001224.jpg,val
23,2,23_1_2_20170116172910708.jpg,val
23,2,23_1_2_20170116173036181.jpg,val
23,2,23_1_2_20170116172803446.jpg,val
23,2,23_1_2_20170116173110409.jpg,val
23,2,23_1_2_20170116184229440.jpg,val
23,2,23_1_2_20170116172757270.jpg,val
23,2,23_1_2_20170103180447815.jpg,val
23,2,23_1_2_20170116173244358.jpg,val
23,2,23_1_2_20170116173241444.jpg,val
32,2,32_0_2_20170116193804883.jpg,val
32,2,32_0_2_20170109015216754.jpg,val
32,2,32_1_2_20170116175135519.jpg,val
32,2,32_1_2_20170116190012513.jpg,val
32,2,32_0_2_20170116173434115.jpg,val
32,2,32_1_2_20170116175121187.jpg,val
32,2,32_1_2_20170116191456782.jpg,val
32,2,32_1_2_20170116191616216.jpg,val
32,2,32_0_2_20170116221122729.jpg,val
32,2,32_0_2_20170116180251900.jpg,val
55,2,55_1_2_20161219153926437.jpg,val
55,2,55_0_2_20170109013414020.jpg,val
86,2,86_0_2_20170112224559130.jpg,val
85,2,85_1_2_20170110183010789.jpg,val
85,2,85_0_2_20170112224212748.jpg,val
85,2,85_1_2_20170110175723033.jpg,val
85,2,85_1_2_20170120230102370.jpg,val
85,2,85_1_2_20170110183501116.jpg,val
85,2,85_0_2_20170112224145130.jpg,val
85,2,85_0_2_20170112224655914.jpg,val
85,2,85_1_2_20170110183509553.jpg,val
21,2,21_1_2_20170116164805815.jpg,val
21,2,21_1_2_20170116170710327.jpg,val
21,2,21_0_2_20170103234754659.jpg,val
21,2,21_1_2_20170116171009058.jpg,val
21,2,21_1_2_20170116170727930.jpg,val
21,2,21_1_2_20170116170801014.jpg,val
21,2,21_1_2_20170116170754019.jpg,val
21,2,21_0_2_20170107213417643.jpg,val
21,2,21_1_2_20170116181138337.jpg,val
21,2,21_1_2_20170109213056053.jpg,val
20,2,20_1_2_20170104020820934.jpg,val
20,2,20_1_2_20170117141237688.jpg,val
20,2,20_1_2_20170116165621526.jpg,val
20,2,20_1_2_20170108224309241.jpg,val
20,2,20_1_2_20170103225030704.jpg,val
20,2,20_1_2_20170104020725236.jpg,val
20,2,20_0_2_20170116161442758.jpg,val
20,2,20_1_2_20170108224234471.jpg,val
20,2,20_1_2_20170104020739364.jpg,val
20,2,20_1_2_20170116170358089.jpg,val
8,2,8_1_2_20170109203442372.jpg,val
8,2,8_0_2_20170117192413109.jpg,val
8,2,8_1_2_20170109201847910.jpg,val
8,2,8_1_2_20161219163616367.jpg,val
8,2,8_1_2_20170109204518758.jpg,val
8,2,8_1_2_20161219163614671.jpg,val
8,2,8_1_2_20170109203443934.jpg,val
8,2,8_1_2_20170116194013325.jpg,val
8,2,8_1_2_20161219162207575.jpg,val
8,2,8_0_2_20170103201916943.jpg,val
7,2,7_1_2_20170104023324470.jpg,val
7,2,7_1_2_20161219190151899.jpg,val
7,2,7_1_2_20161219190156114.jpg,val
7,2,7_1_2_20161219204222117.jpg,val
7,2,7_0_2_20161219190327212.jpg,val
7,2,7_1_2_20161219193607875.jpg,val
7,2,7_0_2_20161219193421147.jpg,val
7,2,7_1_2_20161219194239107.jpg,val
7,2,7_1_2_20161219160329535.jpg,val
7,2,7_1_2_20161219160327198.jpg,val
56,2,56_0_2_20170105163513651.jpg,val
56,2,56_0_2_20170120221539141.jpg,val
56,2,56_1_2_20170109010140329.jpg,val
56,2,56_0_2_20170112205301691.jpg,val
56,2,56_1_2_20170104201008890.jpg,val
54,2,54_0_2_20170120223248924.jpg,val
54,2,54_1_2_20170116192942952.jpg,val
54,2,54_0_2_20170109012851763.jpg,val
54,2,54_0_2_20170104192440455.jpg,val
54,2,54_0_2_20170112222125722.jpg,val
54,2,54_0_2_20170116193431300.jpg,val
30,2,30_1_2_20170116162512345.jpg,val
30,2,30_1_2_20170117091935370.jpg,val
30,2,30_0_2_20170116173700119.jpg,val
30,2,30_1_2_20170116162102874.jpg,val
30,2,30_1_2_20170116191317558.jpg,val
30,2,30_1_2_20170116161420356.jpg,val
30,2,30_1_2_20170116164357135.jpg,val
30,2,30_0_2_20170116163507732.jpg,val
30,2,30_1_2_20170116191305000.jpg,val
30,2,30_0_2_20170119151403775.jpg,val
28,2,28_1_2_20170116164204569.jpg,val
28,2,28_0_2_20170113190312841.jpg,val
28,2,28_1_2_20170116161312148.jpg,val
28,2,28_1_2_20170116171538104.jpg,val
28,2,28_1_2_20170116192305668.jpg,val
28,2,28_0_2_20170116162328748.jpg,val
28,2,28_1_2_20170116171525335.jpg,val
28,2,28_1_2_20170104021739676.jpg,val
28,2,28_1_2_20170116161754709.jpg,val
28,2,28_1_2_20170116162424590.jpg,val
40,2,40_0_2_20170116233718823.jpg,val
40,2,40_0_2_20170116191822336.jpg,val
40,2,40_0_2_20170112003844676.jpg,val
40,2,40_0_2_20170116222954442.jpg,val
40,2,40_0_2_20170116181243263.jpg,val
40,2,40_1_2_20170116161954400.jpg,val
40,2,40_1_2_20170116191811650.jpg,val
40,2,40_0_2_20170116181214637.jpg,val
40,2,40_0_2_20170116191940772.jpg,val
40,2,40_0_2_20170116173649775.jpg,val
78,2,78_0_2_20170112205258396.jpg,val
78,2,78_1_2_20170112205322682.jpg,val
18,2,18_1_2_20170104020418380.jpg,val
18,2,18_1_2_20170114030739228.jpg,val
18,2,18_1_2_20170109214034666.jpg,val
18,2,18_1_2_20170109213146944.jpg,val
18,2,18_1_2_20170105183417710.jpg,val
18,2,18_1_2_20170104020428878.jpg,val
18,2,18_1_2_20170104020841204.jpg,val
18,2,18_1_2_20170109212939223.jpg,val
18,2,18_1_2_20170103223049176.jpg,val
90,2,90_1_2_20170111205444634.jpg,val
90,2,90_1_2_20170111221639268.jpg,val
90,2,90_0_2_20170111210212331.jpg,val
90,2,90_1_2_20170110183708997.jpg,val
34,2,34_1_2_20170105172720493.jpg,val
34,2,34_0_2_20170105173641996.jpg,val
34,2,34_1_2_20170104023010725.jpg,val
34,2,34_1_2_20170104172537171.jpg,val
34,2,34_0_2_20170119165408941.jpg,val
34,2,34_1_2_20170104204327523.jpg,val
34,2,34_1_2_20170116191659122.jpg,val
34,2,34_0_2_20170116193324984.jpg,val
34,2,34_0_2_20170116191643236.jpg,val
34,2,34_0_2_20170117182658629.jpg,val
72,2,72_0_2_20170112205543070.jpg,val
72,2,72_0_2_20170112223925555.jpg,val
72,2,72_0_2_20170105174444334.jpg,val
76,2,76_0_2_20170112224008292.jpg,val
76,2,76_0_2_20170112205407108.jpg,val
76,2,76_1_2_20170110180413588.jpg,val
76,2,76_1_2_20170110182935621.jpg,val
50,2,50_0_2_20170117000150652.jpg,val
50,2,50_0_2_20170116191301736.jpg,val
50,2,50_0_2_20170117154145796.jpg,val
50,2,50_0_2_20170117160616344.jpg,val
50,2,50_0_2_20170119205049471.jpg,val
50,2,50_0_2_20170116173533123.jpg,val
50,2,50_0_2_20170116191949008.jpg,val
50,2,50_0_2_20170116192850841.jpg,val
50,2,50_0_2_20170109012238306.jpg,val
50,2,50_0_2_20170116184741921.jpg,val
39,2,39_1_2_20170103183301786.jpg,val
39,2,39_1_2_20170116192459890.jpg,val
39,2,39_0_2_20170104202510657.jpg,val
39,2,39_1_2_20170116164304221.jpg,val
39,2,39_0_2_20170116170832396.jpg,val
39,2,39_0_2_20170117154247371.jpg,val
39,2,39_1_2_20170103182754641.jpg,val
39,2,39_0_2_20170117185137809.jpg,val
39,2,39_1_2_20170103183338179.jpg,val
39,2,39_0_2_20170116192520700.jpg,val
41,2,41_0_2_20170104211935428.jpg,val
31,2,31_1_2_20170116191358099.jpg,val
31,2,31_1_2_20170116191358955.jpg,val
31,2,31_1_2_20170104020444076.jpg,val
31,2,31_0_2_20170104021231011.jpg,val
31,2,31_0_2_20170115205946148.jpg,val
31,2,31_0_2_20170116170837254.jpg,val
31,2,31_0_2_20170116183822859.jpg,val
31,2,31_0_2_20170117120426927.jpg,val
31,2,31_1_2_20170109003538257.jpg,val
31,2,31_0_2_20170109001137996.jpg,val
12,2,12_1_2_20170103201240488.jpg,val
12,2,12_1_2_20170103200922406.jpg,val
12,2,12_1_2_20170117165908225.jpg,val
12,2,12_1_2_20170109203838187.jpg,val
12,2,12_1_2_20170116190115810.jpg,val
46,2,46_0_2_20170104204450309.jpg,val
37,2,37_0_2_20170116192031601.jpg,val
37,2,37_0_2_20170104201121090.jpg,val
37,2,37_1_2_20170105172732733.jpg,val
37,2,37_0_2_20170109013510428.jpg,val
37,2,37_0_2_20170116192050747.jpg,val
37,2,37_0_2_20170104022325581.jpg,val
37,2,37_1_2_20170109013335990.jpg,val
37,2,37_0_2_20170116192053826.jpg,val
37,2,37_0_2_20170117135956305.jpg,val
37,2,37_1_2_20170105172724340.jpg,val
61,2,61_0_2_20170116191832323.jpg,val
61,2,61_0_2_20170112224215755.jpg,val
61,2,61_0_2_20170116183826361.jpg,val
61,2,61_0_2_20170112224217444.jpg,val
61,2,61_0_2_20170112224245939.jpg,val
61,2,61_1_2_20170117123801917.jpg,val
61,2,61_0_2_20170112205734347.jpg,val
38,2,38_1_2_20170116164609841.jpg,val
38,2,38_0_2_20170116172828624.jpg,val
38,2,38_0_2_20170116232740686.jpg,val
38,2,38_1_2_20170109002533677.jpg,val
38,2,38_1_2_20170116222652503.jpg,val
38,2,38_0_2_20170104204240163.jpg,val
38,2,38_0_2_20170119193322618.jpg,val
38,2,38_0_2_20170116192326283.jpg,val
38,2,38_0_2_20170104194407752.jpg,val
38,2,38_1_2_20170116161943473.jpg,val
58,2,58_0_2_20170104185526166.jpg,val
58,2,58_0_2_20170116193608936.jpg,val
58,2,58_0_2_20170112222056864.jpg,val
15,2,15_1_2_20161219190855506.jpg,val
15,2,15_0_2_20161219193832243.jpg,val
15,2,15_0_2_20170114024948220.jpg,val
15,2,15_1_2_20170102234824195.jpg,val
15,2,15_1_2_20170104012441969.jpg,val
14,2,14_0_2_20170104012518441.jpg,val
14,2,14_1_2_20170104012048369.jpg,val
14,2,14_0_2_20170103200642238.jpg,val
14,2,14_1_2_20170104021105972.jpg,val
14,2,14_0_2_20170104012541763.jpg,val
65,2,65_0_2_20170117000746182.jpg,val
65,2,65_0_2_20170112224011835.jpg,val
65,2,65_0_2_20170117191803139.jpg,val
65,2,65_1_2_20170112224125018.jpg,val
65,2,65_0_2_20170112205356788.jpg,val
65,2,65_0_2_20170112220433521.jpg,val
65,2,65_0_2_20170112223941923.jpg,val
65,2,65_0_2_20170116233005621.jpg,val
65,2,65_0_2_20170112205504482.jpg,val
19,2,19_1_2_20170104021632526.jpg,val
36,2,36_1_2_20170104171636882.jpg,val
36,2,36_1_2_20170105172631405.jpg,val
36,2,36_1_2_20170115234956957.jpg,val
36,2,36_0_2_20170104200528385.jpg,val
36,2,36_0_2_20170116191934567.jpg,val
36,2,36_0_2_20170116191943513.jpg,val
36,2,36_1_2_20170119164406148.jpg,val
6,2,6_1_2_20161219205748924.jpg,val
6,2,6_1_2_20161219190053203.jpg,val
6,2,6_1_2_20161219192033227.jpg,val
6,2,6_1_2_20161219151445563.jpg,val
6,2,6_0_2_20170103210440650.jpg,val
6,2,6_1_2_20161219192319650.jpg,val
6,2,6_0_2_20161219192348922.jpg,val
6,2,6_1_2_20161219192421499.jpg,val
42,2,42_0_2_20170104205142164.jpg,val
42,2,42_0_2_20170104204819596.jpg,val
42,2,42_0_2_20170112215350320.jpg,val
42,2,42_1_2_20170104204657182.jpg,val
42,2,42_0_2_20170104184350086.jpg,val
42,2,42_0_2_20170112192934683.jpg,val
42,2,42_1_2_20170107212130951.jpg,val
42,2,42_1_2_20170109135854714.jpg,val
42,2,42_0_2_20170104181453181.jpg,val
42,2,42_0_2_20170104172454139.jpg,val
62,2,62_0_2_20170112191340365.jpg,val
62,2,62_0_2_20170111203953539.jpg,val
9,2,9_1_2_20161219204347420.jpg,val
9,2,9_1_2_20161219192342173.jpg,val
9,2,9_1_2_20170104020210475.jpg,val
9,2,9_0_2_20161219193430531.jpg,val
23,4,23_1_4_20170117194259323.jpg,val
23,4,23_1_4_20170103223600551.jpg,val
23,4,23_0_4_20170117144105491.jpg,val
23,4,23_1_4_20170103223102032.jpg,val
23,4,23_1_4_20170104011031984.jpg,val
23,4,23_0_4_20170117194048925.jpg,val
23,4,23_1_4_20161223214744290.jpg,val
23,4,23_1_4_20170117194306603.jpg,val
23,4,23_1_4_20170103212744381.jpg,val
23,4,23_0_4_20170117194059597.jpg,val
30,4,30_1_4_20170103225917841.jpg,val
30,4,30_0_4_20170117200730006.jpg,val
30,4,30_1_4_20170109135421119.jpg,val
30,4,30_1_4_20170117202935574.jpg,val
30,4,30_1_4_20170117202951902.jpg,val
30,4,30_1_4_20170117202938776.jpg,val
30,4,30_1_4_20170117203008151.jpg,val
30,4,30_0_4_20170117194418932.jpg,val
30,4,30_0_4_20170103230146433.jpg,val
30,4,30_0_4_20170105170010108.jpg,val
21,4,21_1_4_20170103224936983.jpg,val
21,4,21_0_4_20170117141839865.jpg,val
21,4,21_0_4_20161223214830361.jpg,val
21,4,21_0_4_20161223214836609.jpg,val
21,4,21_0_4_20170103230615993.jpg,val
21,4,21_1_4_20161221195948192.jpg,val
21,4,21_0_4_20170103210434754.jpg,val
21,4,21_0_4_20161223214834745.jpg,val
21,4,21_1_4_20170103223253239.jpg,val
21,4,21_1_4_20170103223636607.jpg,val
24,4,24_0_4_20170117145619730.jpg,val
24,4,24_1_4_20170117150458348.jpg,val
24,4,24_1_4_20170103223129750.jpg,val
24,4,24_1_4_20170103234017197.jpg,val
24,4,24_1_4_20170103224843361.jpg,val
24,4,24_1_4_20170117194833796.jpg,val
24,4,24_1_4_20170103223907208.jpg,val
24,4,24_0_4_20170102233500506.jpg,val
24,4,24_0_4_20170103210118506.jpg,val
24,4,24_1_4_20170104005830151.jpg,val
25,4,25_1_4_20170103223138663.jpg,val
25,4,25_0_4_20170117195016421.jpg,val
25,4,25_1_4_20170117150958739.jpg,val
25,4,25_1_4_20170103225922392.jpg,val
25,4,25_0_4_20170113180523812.jpg,val
25,4,25_1_4_20170119164406148.jpg,val
25,4,25_1_4_20170117151122740.jpg,val
25,4,25_1_4_20170103230304689.jpg,val
25,4,25_1_4_20170117193813573.jpg,val
25,4,25_1_4_20170103224747408.jpg,val
26,4,26_1_4_20170117201058830.jpg,val
26,4,26_0_4_20170103235338373.jpg,val
26,4,26_1_4_20170105164223948.jpg,val
26,4,26_1_4_20170117201953681.jpg,val
26,4,26_1_4_20170103225125224.jpg,val
26,4,26_0_4_20170117154446109.jpg,val
26,4,26_1_4_20170117200211019.jpg,val
26,4,26_1_4_20170117153836846.jpg,val
26,4,26_1_4_20170116154322277.jpg,val
26,4,26_1_4_20170103230503161.jpg,val
33,4,33_1_4_20170117201624958.jpg,val
33,4,33_0_4_20170117201021349.jpg,val
27,4,27_0_4_20170103235409988.jpg,val
27,4,27_0_4_20170113134023216.jpg,val
27,4,27_1_4_20170116211825926.jpg,val
27,4,27_0_4_20170103235026964.jpg,val
27,4,27_0_4_20161219194059843.jpg,val
27,4,27_0_4_20170117202219111.jpg,val
27,4,27_0_4_20170103235800445.jpg,val
27,4,27_1_4_20170103230450385.jpg,val
27,4,27_0_4_20170117202119374.jpg,val
27,4,27_1_4_20170103182145377.jpg,val
8,4,8_1_4_20170103200419199.jpg,val
8,4,8_1_4_20161221202611945.jpg,val
8,4,8_1_4_20170103200403187.jpg,val
8,4,8_1_4_20170104005228631.jpg,val
8,4,8_1_4_20161223232240516.jpg,val
8,4,8_1_4_20170103233220163.jpg,val
8,4,8_1_4_20170103212955884.jpg,val
8,4,8_1_4_20170109202746183.jpg,val
8,4,8_0_4_20170103201939191.jpg,val
8,4,8_1_4_20170109202358152.jpg,val
7,4,7_1_4_20161224002213337.jpg,val
7,4,7_0_4_20170103205144794.jpg,val
7,4,7_1_4_20170104010111013.jpg,val
7,4,7_1_4_20161224001014334.jpg,val
7,4,7_1_4_20161221193047189.jpg,val
7,4,7_1_4_20161223225914300.jpg,val
7,4,7_1_4_20161221202624721.jpg,val
7,4,7_1_4_20161221193134222.jpg,val
7,4,7_1_4_20161221193133117.jpg,val
4,4,4_1_4_20161221193328366.jpg,val
4,4,4_0_4_20161221202651241.jpg,val
4,4,4_1_4_20170103230707056.jpg,val
4,4,4_0_4_20161221193322159.jpg,val
4,4,4_1_4_20161221202534346.jpg,val
4,4,4_1_4_20161221193356438.jpg,val
4,4,4_1_4_20161221202443265.jpg,val
4,4,4_1_4_20170109191223274.jpg,val
4,4,4_1_4_20161223225928843.jpg,val
4,4,4_1_4_20170103205256107.jpg,val
31,4,31_0_4_20170104200510431.jpg,val
31,4,31_1_4_20170103182224513.jpg,val
31,4,31_1_4_20170103224732417.jpg,val
31,4,31_0_4_20170116191344848.jpg,val
31,4,31_1_4_20170103230221721.jpg,val
31,4,31_1_4_20161221193717222.jpg,val
31,4,31_1_4_20170103234105597.jpg,val
31,4,31_1_4_20170117203039631.jpg,val
31,4,31_1_4_20170103230411344.jpg,val
31,4,31_1_4_20170103230330201.jpg,val
15,4,15_1_4_20170103201329807.jpg,val
15,4,15_1_4_20170103223416559.jpg,val
15,4,15_1_4_20170103222927064.jpg,val
15,4,15_0_4_20170103201013615.jpg,val
15,4,15_1_4_20170103233304142.jpg,val
15,4,15_1_4_20170103201254359.jpg,val
15,4,15_1_4_20170103201445071.jpg,val
15,4,15_1_4_20170103233356803.jpg,val
15,4,15_0_4_20170110232416743.jpg,val
15,4,15_1_4_20170103201247846.jpg,val
2,4,2_1_4_20170103213208251.jpg,val
2,4,2_1_4_20161221202222280.jpg,val
2,4,2_1_4_20161221201536537.jpg,val
2,4,2_1_4_20170103213401125.jpg,val
2,4,2_1_4_20161221195142095.jpg,val
2,4,2_1_4_20170103202443776.jpg,val
2,4,2_1_4_20161221202325137.jpg,val
2,4,2_1_4_20170103213243276.jpg,val
2,4,2_1_4_20161221202224681.jpg,val
2,4,2_1_4_20170103210830609.jpg,val
42,4,42_0_4_20170104204413955.jpg,val
42,4,42_0_4_20170104202126618.jpg,val
42,4,42_0_4_20170104202505130.jpg,val
42,4,42_0_4_20170117185618130.jpg,val
42,4,42_0_4_20170117142732651.jpg,val
42,4,42_1_4_20170119204514367.jpg,val
1,4,1_1_4_20161221202254377.jpg,val
1,4,1_1_4_20161221201445657.jpg,val
1,4,1_1_4_20161223225921227.jpg,val
1,4,1_0_4_20161221192558436.jpg,val
1,4,1_0_4_20170103210101969.jpg,val
1,4,1_1_4_20161221201512713.jpg,val
1,4,1_0_4_20161221195132783.jpg,val
1,4,1_1_4_20170103213044557.jpg,val
1,4,1_1_4_20170109191515501.jpg,val
1,4,1_1_4_20161221195941912.jpg,val
45,4,45_0_4_20170104194522552.jpg,val
45,4,45_0_4_20170104202016610.jpg,val
45,4,45_0_4_20170117201123717.jpg,val
45,4,45_0_4_20170117203306895.jpg,val
45,4,45_1_4_20170113011721570.jpg,val
45,4,45_0_4_20170117203301774.jpg,val
45,4,45_1_4_20170117203805390.jpg,val
45,4,45_0_4_20170117202958949.jpg,val
45,4,45_0_4_20170117172212027.jpg,val
45,4,45_0_4_20170117130551448.jpg,val
32,4,32_1_4_20170103180839999.jpg,val
32,4,32_1_4_20170105164252747.jpg,val
32,4,32_0_4_20170103235323876.jpg,val
32,4,32_0_4_20170104005921031.jpg,val
32,4,32_1_4_20170104171544210.jpg,val
32,4,32_0_4_20170117203108807.jpg,val
32,4,32_0_4_20170103235510730.jpg,val
32,4,32_0_4_20170104170351168.jpg,val
32,4,32_0_4_20170117203107295.jpg,val
32,4,32_1_4_20170117203133752.jpg,val
35,4,35_1_4_20170117201436958.jpg,val
35,4,35_0_4_20170117195110413.jpg,val
35,4,35_1_4_20170117203751799.jpg,val
35,4,35_0_4_20170117141858070.jpg,val
35,4,35_1_4_20170113182827279.jpg,val
35,4,35_1_4_20170117195230500.jpg,val
35,4,35_0_4_20170117181019980.jpg,val
35,4,35_1_4_20170117121903506.jpg,val
35,4,35_1_4_20170117201724582.jpg,val
35,4,35_0_4_20170117130521027.jpg,val
22,4,22_1_4_20170112233746160.jpg,val
22,4,22_1_4_20170103223002341.jpg,val
22,4,22_1_4_20170103224958800.jpg,val
22,4,22_1_4_20170117193958245.jpg,val
22,4,22_0_4_20170103224652599.jpg,val
22,4,22_1_4_20170103225112465.jpg,val
22,4,22_1_4_20170103180220911.jpg,val
22,4,22_0_4_20170117193912061.jpg,val
22,4,22_0_4_20170103224931632.jpg,val
22,4,22_0_4_20170103235414540.jpg,val
39,4,39_1_4_20170109002712574.jpg,val
39,4,39_0_4_20170104205430619.jpg,val
39,4,39_0_4_20170104183739429.jpg,val
39,4,39_0_4_20170104200827073.jpg,val
39,4,39_0_4_20170104000800885.jpg,val
39,4,39_0_4_20170104200746817.jpg,val
39,4,39_1_4_20170104204507323.jpg,val
18,4,18_1_4_20170103224632313.jpg,val
18,4,18_0_4_20170103205858722.jpg,val
18,4,18_1_4_20170117140224544.jpg,val
18,4,18_1_4_20170103234101020.jpg,val
18,4,18_1_4_20170117193229357.jpg,val
18,4,18_1_4_20170103223026335.jpg,val
18,4,18_1_4_20170103222943622.jpg,val
18,4,18_0_4_20170103201550447.jpg,val
18,4,18_0_4_20170105183328551.jpg,val
18,4,18_0_4_20170104011044048.jpg,val
5,4,5_1_4_20161221193811941.jpg,val
5,4,5_0_4_20170103210509634.jpg,val
5,4,5_1_4_20161223232140509.jpg,val
5,4,5_1_4_20170103210023178.jpg,val
5,4,5_1_4_20161223230128667.jpg,val
5,4,5_0_4_20161221200001464.jpg,val
5,4,5_0_4_20170103212624758.jpg,val
5,4,5_1_4_20161223232211710.jpg,val
6,4,6_1_4_20170103233146667.jpg,val
6,4,6_1_4_20161221193229605.jpg,val
6,4,6_1_4_20170119204208503.jpg,val
6,4,6_1_4_20170103230723185.jpg,val
6,4,6_0_4_20161221200807209.jpg,val
6,4,6_1_4_20161221193230469.jpg,val
6,4,6_1_4_20161223232203348.jpg,val
6,4,6_1_4_20161223232234756.jpg,val
6,4,6_0_4_20161221192637277.jpg,val
6,4,6_1_4_20170103214752366.jpg,val
34,4,34_1_4_20170103182156641.jpg,val
34,4,34_0_4_20170105165000683.jpg,val
34,4,34_0_4_20170117203232496.jpg,val
34,4,34_0_4_20170104000728781.jpg,val
34,4,34_0_4_20170117105033191.jpg,val
34,4,34_0_4_20170117141716057.jpg,val
34,4,34_0_4_20170105161411273.jpg,val
34,4,34_1_4_20170113011428472.jpg,val
28,4,28_0_4_20170103235229669.jpg,val
28,4,28_1_4_20170117202422103.jpg,val
28,4,28_0_4_20170116220531686.jpg,val
28,4,28_0_4_20170117180230348.jpg,val
28,4,28_1_4_20170103235832524.jpg,val
28,4,28_1_4_20170103181212270.jpg,val
28,4,28_0_4_20170103235827230.jpg,val
28,4,28_1_4_20170117202552000.jpg,val
28,4,28_1_4_20170103225940625.jpg,val
28,4,28_1_4_20170117170432153.jpg,val
40,4,40_0_4_20170117203834424.jpg,val
40,4,40_0_4_20170104201550378.jpg,val
40,4,40_0_4_20170117013731866.jpg,val
40,4,40_0_4_20170117175639103.jpg,val
40,4,40_1_4_20170117200930685.jpg,val
40,4,40_1_4_20170117154246036.jpg,val
40,4,40_0_4_20170117145400915.jpg,val
40,4,40_0_4_20170117204008359.jpg,val
40,4,40_0_4_20170113183427182.jpg,val
40,4,40_0_4_20170116213431880.jpg,val
29,4,29_1_4_20170113011257168.jpg,val
29,4,29_0_4_20170103235130284.jpg,val
29,4,29_0_4_20170116210407115.jpg,val
29,4,29_1_4_20170103230141555.jpg,val
29,4,29_0_4_20170117202710430.jpg,val
29,4,29_1_4_20170104165318736.jpg,val
29,4,29_0_4_20170117180903787.jpg,val
29,4,29_0_4_20170103235516820.jpg,val
29,4,29_1_4_20170103235218684.jpg,val
29,4,29_0_4_20170119170835447.jpg,val
3,4,3_1_4_20170104005006111.jpg,val
3,4,3_1_4_20161221192908158.jpg,val
3,4,3_1_4_20161223231741788.jpg,val
3,4,3_1_4_20161221201429017.jpg,val
3,4,3_1_4_20170103210847515.jpg,val
3,4,3_1_4_20170103213251308.jpg,val
3,4,3_1_4_20170103212108940.jpg,val
3,4,3_0_4_20170103202821873.jpg,val
3,4,3_1_4_20161221192709141.jpg,val
3,4,3_1_4_20170103212708915.jpg,val
19,4,19_0_4_20170103201854223.jpg,val
19,4,19_1_4_20170103224609304.jpg,val
47,4,47_0_4_20170104211902412.jpg,val
17,4,17_0_4_20170103201055366.jpg,val
17,4,17_0_4_20170103234633420.jpg,val
17,4,17_1_4_20170103201233799.jpg,val
17,4,17_1_4_20170103222920542.jpg,val
17,4,17_0_4_20170103212532692.jpg,val
17,4,17_1_4_20170103234147843.jpg,val
17,4,17_1_4_20170102234911226.jpg,val
17,4,17_1_4_20170103201513799.jpg,val
17,4,17_1_4_20170104001810179.jpg,val
17,4,17_1_4_20170103222931966.jpg,val
20,4,20_1_4_20170103225040370.jpg,val
20,4,20_1_4_20170105183316775.jpg,val
20,4,20_1_4_20170103224557431.jpg,val
20,4,20_1_4_20170103230215713.jpg,val
20,4,20_0_4_20170117193449429.jpg,val
20,4,20_1_4_20170103201807368.jpg,val
20,4,20_1_4_20170103225149441.jpg,val
20,4,20_1_4_20170117193608005.jpg,val
20,4,20_0_4_20170105161709125.jpg,val
20,4,20_1_4_20161223230050564.jpg,val
38,4,38_1_4_20170105173608614.jpg,val
38,4,38_0_4_20170116215608653.jpg,val
38,4,38_1_4_20170117203741155.jpg,val
38,4,38_0_4_20170104202009825.jpg,val
38,4,38_0_4_20170109013315959.jpg,val
38,4,38_0_4_20170109011128798.jpg,val
38,4,38_0_4_20170117151031427.jpg,val
38,4,38_0_4_20170104202201977.jpg,val
38,4,38_1_4_20170117203733760.jpg,val
38,4,38_1_4_20170117203712774.jpg,val
10,4,10_0_4_20161221192738446.jpg,val
10,4,10_0_4_20170103200409638.jpg,val
10,4,10_1_4_20161223225854867.jpg,val
10,4,10_0_4_20170103200335831.jpg,val
10,4,10_0_4_20170103202338152.jpg,val
36,4,36_1_4_20170117203519312.jpg,val
36,4,36_1_4_20170104172843788.jpg,val
36,4,36_0_4_20170117203502182.jpg,val
36,4,36_1_4_20170104204341444.jpg,val
36,4,36_0_4_20170117183809714.jpg,val
36,4,36_0_4_20170117140440824.jpg,val
36,4,36_1_4_20170112233252616.jpg,val
36,4,36_0_4_20170117183138902.jpg,val
36,4,36_0_4_20170117203459599.jpg,val
36,4,36_0_4_20170104000906228.jpg,val
16,4,16_1_4_20170102234841875.jpg,val
16,4,16_1_4_20170103214347949.jpg,val
16,4,16_1_4_20170103233818803.jpg,val
16,4,16_1_4_20170104011755640.jpg,val
16,4,16_1_4_20170103201025695.jpg,val
16,4,16_0_4_20161221200238647.jpg,val
16,4,16_0_4_20170103205822811.jpg,val
16,4,16_1_4_20170103201700919.jpg,val
16,4,16_1_4_20170104005411807.jpg,val
16,4,16_0_4_20170110232131606.jpg,val
14,4,14_0_4_20170117192737955.jpg,val
14,4,14_1_4_20170103201207132.jpg,val
14,4,14_1_4_20170103200917543.jpg,val
14,4,14_0_4_20170103201105568.jpg,val
14,4,14_1_4_20170109205457235.jpg,val
14,4,14_1_4_20170103233153851.jpg,val
37,4,37_0_4_20170117135943573.jpg,val
37,4,37_1_4_20170116002040232.jpg,val
12,4,12_1_4_20170103200804119.jpg,val
12,4,12_0_4_20170103200626630.jpg,val
12,4,12_1_4_20170103200721583.jpg,val
30,1,30_1_1_20170116233559206.jpg,test
30,1,30_0_1_20170113151342687.jpg,test
30,1,30_1_1_20170116021054972.jpg,test
30,1,30_1_1_20170117123931816.jpg,test
30,1,30_1_1_20170112215105568.jpg,test
30,1,30_0_1_20170113134006616.jpg,test
30,1,30_0_1_20170113141819444.jpg,test
30,1,30_0_1_20170113155013364.jpg,test
30,1,30_0_1_20170120220639355.jpg,test
30,1,30_1_1_20170117131113935.jpg,test
34,1,34_1_1_20170108230211421.jpg,test
34,1,34_1_1_20170117140052288.jpg,test
34,1,34_0_1_20170116030137215.jpg,test
34,1,34_0_1_20170117141132710.jpg,test
34,1,34_1_1_20170103230340961.jpg,test
34,1,34_0_1_20170116202042710.jpg,test
34,1,34_1_1_20170115235526613.jpg,test
34,1,34_1_1_20170116233652892.jpg,test
34,1,34_0_1_20170116164815094.jpg,test
34,1,34_1_1_20170112231510054.jpg,test
36,1,36_1_1_20170113012230792.jpg,test
36,1,36_1_1_20170116153744623.jpg,test
36,1,36_0_1_20170117010044349.jpg,test
36,1,36_0_1_20170117163447723.jpg,test
36,1,36_1_1_20170113002025468.jpg,test
36,1,36_0_1_20170116010728979.jpg,test
36,1,36_0_1_20170116203518157.jpg,test
36,1,36_0_1_20170116200634306.jpg,test
36,1,36_0_1_20170116205444602.jpg,test
36,1,36_0_1_20170120140727849.jpg,test
32,1,32_1_1_20170113012612272.jpg,test
32,1,32_0_1_20170117135741139.jpg,test
32,1,32_1_1_20170113010326142.jpg,test
32,1,32_1_1_20170115235050649.jpg,test
32,1,32_1_1_20170114033451015.jpg,test
32,1,32_1_1_20170116003223296.jpg,test
32,1,32_0_1_20170113152007679.jpg,test
32,1,32_0_1_20170116193730638.jpg,test
32,1,32_1_1_20170116025959945.jpg,test
32,1,32_0_1_20170113183140758.jpg,test
17,1,17_0_1_20170113132545264.jpg,test
17,1,17_1_1_20170114030019967.jpg,test
17,1,17_1_1_20170113003736181.jpg,test
17,1,17_0_1_20170114025858837.jpg,test
17,1,17_1_1_20170114030031959.jpg,test
17,1,17_0_1_20170117103419741.jpg,test
17,1,17_0_1_20170117183520064.jpg,test
17,1,17_1_1_20170112191315076.jpg,test
17,1,17_0_1_20170113145213577.jpg,test
17,1,17_1_1_20170112230710598.jpg,test
26,1,26_1_1_20170113012356872.jpg,test
26,1,26_0_1_20170116182256853.jpg,test
26,1,26_1_1_20170116173239454.jpg,test
26,1,26_0_1_20170117200132563.jpg,test
26,1,26_1_1_20170116160918398.jpg,test
26,1,26_0_1_20170113154905482.jpg,test
26,1,26_1_1_20170113000455266.jpg,test
26,1,26_0_1_20170113135304305.jpg,test
26,1,26_0_1_20170113134400497.jpg,test
26,1,26_0_1_20170113151924968.jpg,test
29,1,29_1_1_20170116012146662.jpg,test
29,1,29_1_1_20170112231815517.jpg,test
29,1,29_0_1_20170117104536614.jpg,test
29,1,29_0_1_20170103235915646.jpg,test
29,1,29_1_1_20170116021626058.jpg,test
29,1,29_1_1_20170117105207326.jpg,test
29,1,29_0_1_20170117015458481.jpg,test
29,1,29_0_1_20170116002932698.jpg,test
29,1,29_1_1_20170112211511508.jpg,test
29,1,29_1_1_20170117022224947.jpg,test
10,1,10_0_1_20170110220507258.jpg,test
10,1,10_1_1_20170116225209209.jpg,test
10,1,10_1_1_20170109203348828.jpg,test
10,1,10_0_1_20170110220523360.jpg,test
10,1,10_1_1_20170109203520178.jpg,test
10,1,10_1_1_20170110225155603.jpg,test
10,1,10_0_1_20170104010841239.jpg,test
10,1,10_0_1_20170110223848885.jpg,test
10,1,10_1_1_20170117134313205.jpg,test
10,1,10_1_1_20170109203522559.jpg,test
28,1,28_1_1_20170116234825295.jpg,test
28,1,28_0_1_20170117022129599.jpg,test
28,1,28_1_1_20170112213628607.jpg,test
28,1,28_0_1_20170116192346678.jpg,test
28,1,28_0_1_20170113175230916.jpg,test
28,1,28_1_1_20170112204434315.jpg,test
28,1,28_0_1_20170117021404561.jpg,test
28,1,28_1_1_20170112211316328.jpg,test
28,1,28_1_1_20170112220225407.jpg,test
28,1,28_0_1_20170113180639429.jpg,test
72,1,72_0_1_20170117193619775.jpg,test
72,1,72_0_1_20170111210712990.jpg,test
72,1,72_0_1_20170117165211936.jpg,test
72,1,72_1_1_20170120225033578.jpg,test
72,1,72_0_1_20170116205624331.jpg,test
72,1,72_0_1_20170113185442656.jpg,test
72,1,72_0_1_20170113142501771.jpg,test
72,1,72_1_1_20170116182041881.jpg,test
72,1,72_1_1_20170120223941518.jpg,test
72,1,72_0_1_20170113185128016.jpg,test
40,1,40_1_1_20170113012546137.jpg,test
40,1,40_0_1_20170117135308283.jpg,test
40,1,40_0_1_20170116203957000.jpg,test
40,1,40_1_1_20170117154203322.jpg,test
40,1,40_1_1_20170113190338056.jpg,test
40,1,40_1_1_20170116231256970.jpg,test
40,1,40_0_1_20170113154944000.jpg,test
40,1,40_1_1_20170112214918832.jpg,test
40,1,40_0_1_20170116204017708.jpg,test
40,1,40_0_1_20170113181910508.jpg,test
65,1,65_0_1_20170113174052843.jpg,test
65,1,65_0_1_20170117172856561.jpg,test
65,1,65_0_1_20170117193649266.jpg,test
65,1,65_0_1_20170117165348576.jpg,test
65,1,65_0_1_20170113184830231.jpg,test
65,1,65_0_1_20170111171747640.jpg,test
65,1,65_1_1_20170117193956961.jpg,test
65,1,65_0_1_20170113174447314.jpg,test
65,1,65_1_1_20170117163545690.jpg,test
65,1,65_0_1_20170120223824820.jpg,test
38,1,38_1_1_20170113012719329.jpg,test
38,1,38_0_1_20170116200930390.jpg,test
38,1,38_1_1_20170116233335593.jpg,test
38,1,38_1_1_20170113012502193.jpg,test
38,1,38_0_1_20170113142215610.jpg,test
38,1,38_0_1_20170113135348090.jpg,test
38,1,38_0_1_20170113151729239.jpg,test
38,1,38_0_1_20170113152121359.jpg,test
38,1,38_0_1_20170113154658138.jpg,test
38,1,38_1_1_20170113005439788.jpg,test
50,1,50_0_1_20170117204159441.jpg,test
50,1,50_0_1_20170113185435080.jpg,test
50,1,50_0_1_20170111203545405.jpg,test
50,1,50_0_1_20170113142149603.jpg,test
50,1,50_1_1_20170120220813715.jpg,test
50,1,50_0_1_20170117003124915.jpg,test
50,1,50_0_1_20170120221415661.jpg,test
50,1,50_0_1_20170117175738076.jpg,test
50,1,50_1_1_20170114030118769.jpg,test
50,1,50_0_1_20170113142324284.jpg,test
58,1,58_0_1_20170109015140121.jpg,test
58,1,58_0_1_20170117182453919.jpg,test
58,1,58_0_1_20170113185038112.jpg,test
58,1,58_0_1_20170113185227312.jpg,test
58,1,58_1_1_20170113000640931.jpg,test
58,1,58_1_1_20170112213645366.jpg,test
58,1,58_1_1_20170117194006047.jpg,test
58,1,58_1_1_20170112224110700.jpg,test
58,1,58_0_1_20170117192005261.jpg,test
58,1,58_1_1_20170117194028702.jpg,test
27,1,27_0_1_20170117013724759.jpg,test
27,1,27_1_1_20170114030211993.jpg,test
27,1,27_0_1_20170117013745353.jpg,test
27,1,27_0_1_20170117012341879.jpg,test
27,1,27_1_1_20170117175920069.jpg,test
27,1,27_0_1_20170105164603540.jpg,test
27,1,27_1_1_20170117013811568.jpg,test
27,1,27_0_1_20170117010459432.jpg,test
27,1,27_0_1_20170117010142496.jpg,test
27,1,27_0_1_20170117172452375.jpg,test
54,1,54_0_1_20170117191450148.jpg,test
54,1,54_1_1_20170117141758139.jpg,test
54,1,54_0_1_20170113185028970.jpg,test
54,1,54_0_1_20170117191348426.jpg,test
54,1,54_1_1_20170117184308137.jpg,test
54,1,54_0_1_20170113185033415.jpg,test
54,1,54_1_1_20170112222302265.jpg,test
54,1,54_0_1_20170113185017352.jpg,test
54,1,54_1_1_20170117171656445.jpg,test
54,1,54_0_1_20170113185030984.jpg,test
15,1,15_0_1_20170113132336584.jpg,test
15,1,15_0_1_20170110231743136.jpg,test
15,1,15_1_1_20170112191212510.jpg,test
15,1,15_0_1_20170113151409719.jpg,test
15,1,15_1_1_20170112210325253.jpg,test
15,1,15_0_1_20170120134502877.jpg,test
15,1,15_0_1_20170113154729554.jpg,test
15,1,15_0_1_20170117135108912.jpg,test
15,1,15_1_1_20170112191208424.jpg,test
15,1,15_0_1_20170117135556256.jpg,test
60,1,60_1_1_20170116153456340.jpg,test
60,1,60_0_1_20170113152726713.jpg,test
60,1,60_1_1_20170110151459404.jpg,test
60,1,60_1_1_20170110122649846.jpg,test
60,1,60_0_1_20170120222729424.jpg,test
60,1,60_1_1_20170110122351600.jpg,test
60,1,60_1_1_20170120222504473.jpg,test
60,1,60_1_1_20170110152910810.jpg,test
60,1,60_1_1_20170117194049565.jpg,test
60,1,60_1_1_20170112211606108.jpg,test
3,1,3_0_1_20161219154939444.jpg,test
3,1,3_1_1_20170109191427473.jpg,test
3,1,3_1_1_20170117192731931.jpg,test
3,1,3_0_1_20170109194623635.jpg,test
3,1,3_1_1_20170109194610208.jpg,test
3,1,3_1_1_20170109194619954.jpg,test
3,1,3_0_1_20170110213755346.jpg,test
3,1,3_0_1_20170113145440942.jpg,test
3,1,3_0_1_20170110213455106.jpg,test
3,1,3_0_1_20170110213659314.jpg,test
61,1,61_0_1_20170116030045810.jpg,test
61,1,61_0_1_20170113174123835.jpg,test
61,1,61_0_1_20170117193718791.jpg,test
61,1,61_0_1_20170113161234148.jpg,test
61,1,61_0_1_20170117172824446.jpg,test
61,1,61_0_1_20170111170127865.jpg,test
61,1,61_1_1_20170117174626414.jpg,test
61,1,61_0_1_20170117194340081.jpg,test
61,1,61_0_1_20170117182431301.jpg,test
61,1,61_1_1_20170117173441980.jpg,test
42,1,42_0_1_20170113141709537.jpg,test
42,1,42_0_1_20170113190550529.jpg,test
42,1,42_0_1_20170116220125979.jpg,test
42,1,42_0_1_20170113174159700.jpg,test
42,1,42_1_1_20170112220102774.jpg,test
42,1,42_0_1_20170117142655442.jpg,test
42,1,42_0_1_20170113183523861.jpg,test
42,1,42_1_1_20170113001932011.jpg,test
42,1,42_0_1_20170113175751788.jpg,test
42,1,42_0_1_20170113181524871.jpg,test
18,1,18_0_1_20170120134900190.jpg,test
18,1,18_0_1_20170114025501676.jpg,test
18,1,18_0_1_20170113175555906.jpg,test
18,1,18_0_1_20170113132627873.jpg,test
18,1,18_1_1_20170116211857195.jpg,test
18,1,18_0_1_20170116205256502.jpg,test
18,1,18_1_1_20170113005132350.jpg,test
18,1,18_0_1_20170114033130286.jpg,test
18,1,18_1_1_20170113002913732.jpg,test
18,1,18_0_1_20170109214734802.jpg,test
24,1,24_0_1_20170117204434040.jpg,test
24,1,24_1_1_20170105183758847.jpg,test
24,1,24_0_1_20170113134107281.jpg,test
24,1,24_1_1_20170115234919997.jpg,test
24,1,24_1_1_20170113011328232.jpg,test
24,1,24_0_1_20170117194403765.jpg,test
24,1,24_0_1_20170117194341276.jpg,test
24,1,24_1_1_20170117194632596.jpg,test
24,1,24_1_1_20170116000700293.jpg,test
24,1,24_0_1_20170113195616175.jpg,test
77,1,77_0_1_20170117173757948.jpg,test
77,1,77_0_1_20170111211640428.jpg,test
77,1,77_0_1_20170116210256280.jpg,test
43,1,43_1_1_20170116233041044.jpg,test
43,1,43_1_1_20170117155119604.jpg,test
43,1,43_1_1_20170117193944155.jpg,test
43,1,43_1_1_20170113013019161.jpg,test
43,1,43_1_1_20170117010132729.jpg,test
43,1,43_0_1_20170104184132454.jpg,test
43,1,43_1_1_20170116003503143.jpg,test
43,1,43_0_1_20170117171820798.jpg,test
43,1,43_1_1_20170110120856819.jpg,test
43,1,43_1_1_20170113013016785.jpg,test
46,1,46_1_1_20170113001257466.jpg,test
46,1,46_1_1_20170112220304903.jpg,test
46,1,46_0_1_20170113151900392.jpg,test
46,1,46_1_1_20170112211415996.jpg,test
46,1,46_0_1_20170117185815162.jpg,test
46,1,46_1_1_20170113012227505.jpg,test
46,1,46_0_1_20170113173056321.jpg,test
46,1,46_1_1_20170113011956753.jpg,test
46,1,46_1_1_20170113001937835.jpg,test
46,1,46_1_1_20170113184212578.jpg,test
23,1,23_1_1_20170112204436531.jpg,test
23,1,23_0_1_20170113150854335.jpg,test
23,1,23_0_1_20170113133832321.jpg,test
23,1,23_1_1_20170103212737732.jpg,test
23,1,23_1_1_20170112203929794.jpg,test
23,1,23_1_1_20170112203943260.jpg,test
23,1,23_1_1_20170117194137453.jpg,test
23,1,23_0_1_20170113150913751.jpg,test
23,1,23_1_1_20170117195235676.jpg,test
23,1,23_0_1_20170117194105675.jpg,test
33,1,33_1_1_20170113012052359.jpg,test
33,1,33_1_1_20170112233308831.jpg,test
33,1,33_1_1_20170113005238142.jpg,test
33,1,33_0_1_20170117173931669.jpg,test
33,1,33_0_1_20170116215201422.jpg,test
33,1,33_1_1_20170116210318759.jpg,test
33,1,33_1_1_20170113001213379.jpg,test
33,1,33_0_1_20170113173629148.jpg,test
33,1,33_1_1_20170116233604958.jpg,test
33,1,33_0_1_20170116192517064.jpg,test
31,1,31_1_1_20170104165300328.jpg,test
31,1,31_0_1_20170116024000066.jpg,test
31,1,31_1_1_20170111204355636.jpg,test
31,1,31_0_1_20170117183828950.jpg,test
31,1,31_0_1_20170117135443579.jpg,test
31,1,31_1_1_20170112235234538.jpg,test
31,1,31_1_1_20170112234727752.jpg,test
31,1,31_0_1_20170116165733463.jpg,test
31,1,31_1_1_20170116234711144.jpg,test
31,1,31_1_1_20170112222202714.jpg,test
22,1,22_1_1_20170112203821018.jpg,test
22,1,22_1_1_20170116162315750.jpg,test
22,1,22_1_1_20170113005450526.jpg,test
22,1,22_1_1_20170112203832467.jpg,test
22,1,22_1_1_20170116220930321.jpg,test
22,1,22_1_1_20170114031133213.jpg,test
22,1,22_0_1_20170113133336209.jpg,test
22,1,22_0_1_20170113195511076.jpg,test
22,1,22_1_1_20170112233644761.jpg,test
22,1,22_1_1_20170113195537459.jpg,test
35,1,35_1_1_20170117194931418.jpg,test
35,1,35_1_1_20170113001619378.jpg,test
35,1,35_0_1_20170113155146201.jpg,test
35,1,35_1_1_20170116165647705.jpg,test
35,1,35_0_1_20170116201805063.jpg,test
35,1,35_0_1_20170117143106996.jpg,test
35,1,35_1_1_20170112215312112.jpg,test
35,1,35_0_1_20170117010039479.jpg,test
35,1,35_1_1_20170112210358868.jpg,test
35,1,35_0_1_20170113134747002.jpg,test
62,1,62_1_1_20170113001915427.jpg,test
62,1,62_0_1_20170112215357608.jpg,test
62,1,62_0_1_20170117191622380.jpg,test
62,1,62_0_1_20170113173405674.jpg,test
62,1,62_0_1_20170117154841208.jpg,test
62,1,62_0_1_20170117175059690.jpg,test
62,1,62_0_1_20170120221526053.jpg,test
62,1,62_0_1_20170117183538747.jpg,test
62,1,62_0_1_20170117183848283.jpg,test
62,1,62_0_1_20170113182556749.jpg,test
85,1,85_1_1_20170110182031363.jpg,test
85,1,85_0_1_20170111210022765.jpg,test
85,1,85_1_1_20170120223737998.jpg,test
85,1,85_0_1_20170111211354288.jpg,test
85,1,85_0_1_20170111210314652.jpg,test
85,1,85_1_1_20170110184037971.jpg,test
85,1,85_1_1_20170110183033556.jpg,test
85,1,85_0_1_20170117194436106.jpg,test
85,1,85_1_1_20170110181748237.jpg,test
21,1,21_1_1_20170117193838829.jpg,test
21,1,21_0_1_20170116215541940.jpg,test
21,1,21_0_1_20170116214205175.jpg,test
21,1,21_1_1_20170114032203540.jpg,test
21,1,21_0_1_20170105002506437.jpg,test
21,1,21_1_1_20170116175832136.jpg,test
21,1,21_1_1_20170117193624604.jpg,test
21,1,21_0_1_20170120133302908.jpg,test
21,1,21_1_1_20170112233401623.jpg,test
21,1,21_1_1_20170117170723269.jpg,test
7,1,7_0_1_20170110223522905.jpg,test
7,1,7_1_1_20170112210604630.jpg,test
7,1,7_1_1_20170112211336710.jpg,test
7,1,7_1_1_20170113000913057.jpg,test
7,1,7_1_1_20170109194708063.jpg,test
7,1,7_0_1_20170110220029050.jpg,test
7,1,7_1_1_20170116225209209.jpg,test
7,1,7_0_1_20170110224345168.jpg,test
7,1,7_0_1_20170114031543966.jpg,test
7,1,7_0_1_20170110224720024.jpg,test
75,1,75_1_1_20170112211657821.jpg,test
75,1,75_0_1_20170111221706652.jpg,test
75,1,75_1_1_20170105003534605.jpg,test
75,1,75_0_1_20170111205412614.jpg,test
75,1,75_0_1_20170111201947825.jpg,test
75,1,75_0_1_20170113135403273.jpg,test
75,1,75_0_1_20170111202743587.jpg,test
75,1,75_0_1_20170111205346848.jpg,test
75,1,75_0_1_20170111200107131.jpg,test
75,1,75_1_1_20170113013039564.jpg,test
70,1,70_0_1_20170120223446317.jpg,test
70,1,70_0_1_20170117194145056.jpg,test
70,1,70_1_1_20170119205140215.jpg,test
70,1,70_0_1_20170109150936134.jpg,test
70,1,70_0_1_20170113184357359.jpg,test
70,1,70_0_1_20170120225116936.jpg,test
70,1,70_1_1_20170120222723433.jpg,test
70,1,70_0_1_20170117175512623.jpg,test
70,1,70_0_1_20170117173252160.jpg,test
70,1,70_1_1_20170117174530078.jpg,test
25,1,25_1_1_20170112192328981.jpg,test
25,1,25_0_1_20170113145615148.jpg,test
25,1,25_1_1_20170116175304948.jpg,test
25,1,25_1_1_20170117171908418.jpg,test
25,1,25_1_1_20170113005424686.jpg,test
25,1,25_1_1_20170117010028966.jpg,test
25,1,25_0_1_20170116002837310.jpg,test
25,1,25_1_1_20170117192036085.jpg,test
25,1,25_1_1_20170112231455093.jpg,test
25,1,25_1_1_20170117170628763.jpg,test
52,1,52_0_1_20170113184703751.jpg,test
52,1,52_0_1_20170117172804606.jpg,test
52,1,52_1_1_20170105003356704.jpg,test
52,1,52_0_1_20170113174958212.jpg,test
52,1,52_1_1_20170113012640929.jpg,test
52,1,52_0_1_20170111204341094.jpg,test
52,1,52_0_1_20170113195507899.jpg,test
52,1,52_0_1_20170113173551387.jpg,test
52,1,52_0_1_20170113173047312.jpg,test
52,1,52_0_1_20170117161018159.jpg,test
16,1,16_1_1_20170116204334206.jpg,test
16,1,16_1_1_20170114025512971.jpg,test
16,1,16_1_1_20170109212835445.jpg,test
16,1,16_0_1_20170113152759697.jpg,test
16,1,16_1_1_20170114025506835.jpg,test
16,1,16_0_1_20170110231925176.jpg,test
16,1,16_0_1_20170116200802213.jpg,test
16,1,16_1_1_20170117194816437.jpg,test
16,1,16_0_1_20170116214205175.jpg,test
16,1,16_1_1_20170112191246585.jpg,test
99,1,99_1_1_20170120134639935.jpg,test
63,1,63_0_1_20170117194927661.jpg,test
63,1,63_0_1_20170111170153874.jpg,test
63,1,63_0_1_20170117194724477.jpg,test
63,1,63_1_1_20170110120101291.jpg,test
63,1,63_0_1_20170120221531693.jpg,test
63,1,63_0_1_20170117182443400.jpg,test
63,1,63_0_1_20170117194942794.jpg,test
63,1,63_0_1_20170120223325931.jpg,test
63,1,63_0_1_20170117155018994.jpg,test
63,1,63_0_1_20170117194925787.jpg,test
37,1,37_0_1_20170116193744974.jpg,test
37,1,37_1_1_20170116180008472.jpg,test
37,1,37_1_1_20170116001322849.jpg,test
37,1,37_0_1_20170117164405007.jpg,test
37,1,37_0_1_20170116030128110.jpg,test
37,1,37_0_1_20170116202035694.jpg,test
37,1,37_1_1_20170116222809020.jpg,test
37,1,37_0_1_20170117192109027.jpg,test
37,1,37_1_1_20170116160528038.jpg,test
37,1,37_0_1_20170116200850990.jpg,test
41,1,41_0_1_20170116143010959.jpg,test
41,1,41_1_1_20170117135029687.jpg,test
41,1,41_1_1_20170117021604893.jpg,test
41,1,41_0_1_20170113151532863.jpg,test
41,1,41_0_1_20170117164137053.jpg,test
41,1,41_0_1_20170113190547009.jpg,test
41,1,41_1_1_20170116160535875.jpg,test
41,1,41_0_1_20170114033620952.jpg,test
41,1,41_0_1_20170113152808025.jpg,test
41,1,41_0_1_20170116003552644.jpg,test
51,1,51_0_1_20170113175544403.jpg,test
51,1,51_0_1_20170113173639578.jpg,test
51,1,51_1_1_20170114030618551.jpg,test
51,1,51_1_1_20170113182150518.jpg,test
51,1,51_0_1_20170117190816460.jpg,test
51,1,51_1_1_20170120133936151.jpg,test
51,1,51_0_1_20170117173642448.jpg,test
51,1,51_1_1_20170112213122309.jpg,test
51,1,51_0_1_20170117194228848.jpg,test
51,1,51_0_1_20170113174152115.jpg,test
39,1,39_0_1_20170113174738683.jpg,test
39,1,39_0_1_20170113190332490.jpg,test
39,1,39_0_1_20170104200618034.jpg,test
39,1,39_1_1_20170116225010927.jpg,test
39,1,39_0_1_20170113135606217.jpg,test
39,1,39_1_1_20170116233647617.jpg,test
39,1,39_0_1_20170117185039604.jpg,test
39,1,39_0_1_20170113135726002.jpg,test
39,1,39_1_1_20170113012244528.jpg,test
39,1,39_1_1_20170112235246130.jpg,test
20,1,20_1_1_20170113005427278.jpg,test
20,1,20_0_1_20170113132622368.jpg,test
20,1,20_1_1_20170112231844733.jpg,test
20,1,20_0_1_20170113133046720.jpg,test
20,1,20_1_1_20170116162433766.jpg,test
20,1,20_0_1_20170113132705262.jpg,test
20,1,20_1_1_20170112231449708.jpg,test
20,1,20_0_1_20170113180909253.jpg,test
20,1,20_1_1_20170114025540321.jpg,test
20,1,20_1_1_20170112231738487.jpg,test
80,1,80_0_1_20170111205504634.jpg,test
80,1,80_1_1_20170119210040345.jpg,test
80,1,80_0_1_20170111205416943.jpg,test
80,1,80_0_1_20170116003703261.jpg,test
80,1,80_1_1_20170120222433936.jpg,test
80,1,80_0_1_20170111205423680.jpg,test
80,1,80_1_1_20170117193146273.jpg,test
80,1,80_0_1_20170111205551658.jpg,test
80,1,80_1_1_20170116153903211.jpg,test
80,1,80_0_1_20170111181750520.jpg,test
12,1,12_1_1_20170109214642524.jpg,test
12,1,12_1_1_20170116225216163.jpg,test
12,1,12_1_1_20170109204024091.jpg,test
12,1,12_1_1_20170109214204794.jpg,test
12,1,12_1_1_20170109204809866.jpg,test
12,1,12_1_1_20170112213303693.jpg,test
12,1,12_0_1_20170110224244673.jpg,test
12,1,12_0_1_20170110225335956.jpg,test
12,1,12_1_1_20170116233629728.jpg,test
67,1,67_0_1_20170120224828928.jpg,test
67,1,67_0_1_20170113175755885.jpg,test
67,1,67_0_1_20170117143355801.jpg,test
67,1,67_0_1_20170117172054412.jpg,test
67,1,67_0_1_20170120223307141.jpg,test
67,1,67_0_1_20170113161329852.jpg,test
67,1,67_1_1_20170113185517320.jpg,test
67,1,67_0_1_20170117190207133.jpg,test
67,1,67_0_1_20170117143308243.jpg,test
67,1,67_1_1_20170110125353438.jpg,test
90,1,90_1_1_20170117195305990.jpg,test
90,1,90_0_1_20170111205407457.jpg,test
90,1,90_1_1_20170120220828835.jpg,test
90,1,90_0_1_20170111223916765.jpg,test
90,1,90_1_1_20170117194843274.jpg,test
90,1,90_0_1_20170117195102223.jpg,test
90,1,90_0_1_20170117194324750.jpg,test
90,1,90_1_1_20170113184500142.jpg,test
90,1,90_0_1_20170111210350530.jpg,test
90,1,90_0_1_20170111210246547.jpg,test
45,1,45_0_1_20170113152931785.jpg,test
45,1,45_0_1_20170111195732003.jpg,test
45,1,45_0_1_20170113142436445.jpg,test
45,1,45_0_1_20170117165650390.jpg,test
45,1,45_1_1_20170116234410850.jpg,test
45,1,45_0_1_20170117182914790.jpg,test
45,1,45_0_1_20170111170148435.jpg,test
45,1,45_0_1_20170117181136802.jpg,test
45,1,45_0_1_20170113181946668.jpg,test
45,1,45_1_1_20170116003204136.jpg,test
2,1,2_0_1_20170113175826133.jpg,test
2,1,2_1_1_20170109194558992.jpg,test
2,1,2_1_1_20170117133919045.jpg,test
2,1,2_1_1_20170109194517710.jpg,test
2,1,2_1_1_20161219154450740.jpg,test
2,1,2_1_1_20170109190720964.jpg,test
2,1,2_1_1_20170109190549164.jpg,test
2,1,2_1_1_20170109194159738.jpg,test
2,1,2_0_1_20170110205407227.jpg,test
2,1,2_1_1_20170109194606626.jpg,test
1,1,1_0_1_20170110213656556.jpg,test
1,1,1_0_1_20170110213700642.jpg,test
1,1,1_1_1_20170109194542680.jpg,test
1,1,1_1_1_20170109194611993.jpg,test
1,1,1_0_1_20170110213647161.jpg,test
1,1,1_0_1_20170110213707879.jpg,test
1,1,1_0_1_20170110213111809.jpg,test
1,1,1_1_1_20170109194548732.jpg,test
1,1,1_0_1_20170110213113882.jpg,test
1,1,1_1_1_20170109194654049.jpg,test
48,1,48_0_1_20170117171859064.jpg,test
48,1,48_0_1_20170111203549741.jpg,test
48,1,48_1_1_20170113012552201.jpg,test
48,1,48_1_1_20170109142322529.jpg,test
48,1,48_0_1_20170113184623503.jpg,test
48,1,48_1_1_20170113013013754.jpg,test
48,1,48_0_1_20170116233413749.jpg,test
48,1,48_1_1_20170109221012363.jpg,test
48,1,48_1_1_20170109220559770.jpg,test
48,1,48_1_1_20170113190404873.jpg,test
14,1,14_1_1_20170112230439326.jpg,test
14,1,14_0_1_20170117133924867.jpg,test
14,1,14_1_1_20170109214208957.jpg,test
14,1,14_1_1_20170109203225054.jpg,test
14,1,14_0_1_20170104012054585.jpg,test
14,1,14_0_1_20170113151234215.jpg,test
14,1,14_0_1_20170116205529704.jpg,test
14,1,14_1_1_20170116235127595.jpg,test
14,1,14_0_1_20170117141604244.jpg,test
14,1,14_1_1_20170116003214404.jpg,test
4,1,4_1_1_20161219160210758.jpg,test
4,1,4_0_1_20170110213631827.jpg,test
4,1,4_1_1_20170109194656449.jpg,test
4,1,4_0_1_20170116153056871.jpg,test
4,1,4_1_1_20170109194523891.jpg,test
4,1,4_1_1_20170110213220193.jpg,test
4,1,4_1_1_20170109194520772.jpg,test
4,1,4_1_1_20161219160501453.jpg,test
4,1,4_1_1_20161219160213517.jpg,test
4,1,4_1_1_20170109194530016.jpg,test
6,1,6_1_1_20170117201200086.jpg,test
6,1,6_1_1_20170117193241163.jpg,test
6,1,6_0_1_20170113135520697.jpg,test
6,1,6_1_1_20170114024747282.jpg,test
6,1,6_1_1_20170109192734062.jpg,test
6,1,6_1_1_20170103223434927.jpg,test
6,1,6_1_1_20161220220432570.jpg,test
6,1,6_1_1_20170112205056443.jpg,test
6,1,6_1_1_20161220220430595.jpg,test
6,1,6_1_1_20170114031419410.jpg,test
71,1,71_1_1_20170117194632791.jpg,test
71,1,71_0_1_20170113175251268.jpg,test
71,1,71_0_1_20170111222525552.jpg,test
71,1,71_1_1_20170120230158538.jpg,test
71,1,71_0_1_20170117135455600.jpg,test
56,1,56_0_1_20170113185159368.jpg,test
56,1,56_0_1_20170117165152523.jpg,test
56,1,56_1_1_20170113012703776.jpg,test
56,1,56_1_1_20170113012653153.jpg,test
56,1,56_0_1_20170117143218188.jpg,test
56,1,56_1_1_20170112231901927.jpg,test
56,1,56_0_1_20170113174604139.jpg,test
56,1,56_1_1_20170110143501684.jpg,test
56,1,56_1_1_20170116230711681.jpg,test
56,1,56_0_1_20170117191856555.jpg,test
44,1,44_1_1_20170113011544238.jpg,test
44,1,44_1_1_20170117142913571.jpg,test
44,1,44_0_1_20170113185004294.jpg,test
44,1,44_0_1_20170117172018631.jpg,test
44,1,44_0_1_20170113142045653.jpg,test
44,1,44_0_1_20170111181750405.jpg,test
44,1,44_1_1_20170112192324382.jpg,test
44,1,44_0_1_20170113184928967.jpg,test
44,1,44_1_1_20170113001952364.jpg,test
44,1,44_0_1_20170117172143700.jpg,test
55,1,55_0_1_20170104185028367.jpg,test
55,1,55_0_1_20170113184228007.jpg,test
55,1,55_0_1_20170113195601362.jpg,test
55,1,55_0_1_20170117165048545.jpg,test
55,1,55_0_1_20170117191613534.jpg,test
55,1,55_0_1_20170117015513943.jpg,test
55,1,55_1_1_20170112220123609.jpg,test
55,1,55_1_1_20170116232600318.jpg,test
55,1,55_1_1_20170112213225871.jpg,test
55,1,55_0_1_20170120134315207.jpg,test
53,1,53_1_1_20170113013025665.jpg,test
53,1,53_1_1_20170113012108752.jpg,test
53,1,53_0_1_20170117181950281.jpg,test
53,1,53_0_1_20170104212358428.jpg,test
53,1,53_0_1_20170116024724425.jpg,test
53,1,53_0_1_20170120222956787.jpg,test
53,1,53_0_1_20170120222553113.jpg,test
53,1,53_1_1_20170117155117307.jpg,test
53,1,53_1_1_20170116175619856.jpg,test
53,1,53_1_1_20170104184527846.jpg,test
68,1,68_1_1_20170110183842657.jpg,test
68,1,68_0_1_20170111195923226.jpg,test
68,1,68_1_1_20170113012709282.jpg,test
68,1,68_0_1_20170111195820243.jpg,test
68,1,68_0_1_20170117193455181.jpg,test
68,1,68_0_1_20170111224026548.jpg,test
68,1,68_0_1_20170113152833080.jpg,test
68,1,68_1_1_20170113002009108.jpg,test
68,1,68_0_1_20170111203305459.jpg,test
68,1,68_0_1_20170117192237032.jpg,test
9,1,9_0_1_20170110220431778.jpg,test
9,1,9_0_1_20170110224349623.jpg,test
9,1,9_0_1_20170110223920908.jpg,test
9,1,9_0_1_20170110220605937.jpg,test
9,1,9_1_1_20170117105556810.jpg,test
9,1,9_0_1_20170110215500987.jpg,test
9,1,9_0_1_20170117195501575.jpg,test
9,1,9_0_1_20170110225612237.jpg,test
9,1,9_0_1_20170110215449668.jpg,test
9,1,9_0_1_20170110225103801.jpg,test
69,1,69_0_1_20170113184924520.jpg,test
69,1,69_0_1_20170117194929098.jpg,test
69,1,69_0_1_20170111200716106.jpg,test
69,1,69_0_1_20170113184901806.jpg,test
69,1,69_0_1_20170111203711198.jpg,test
69,1,69_1_1_20170117195205819.jpg,test
69,1,69_0_1_20170116205546933.jpg,test
49,1,49_0_1_20170113135511444.jpg,test
49,1,49_1_1_20170104005312671.jpg,test
49,1,49_1_1_20170113000544753.jpg,test
49,1,49_0_1_20170113184332336.jpg,test
49,1,49_1_1_20170113012017156.jpg,test
49,1,49_1_1_20170112235151889.jpg,test
49,1,49_0_1_20170113142200613.jpg,test
49,1,49_0_1_20170117022513719.jpg,test
49,1,49_1_1_20170110153320156.jpg,test
49,1,49_1_1_20170113173337426.jpg,test
13,1,13_1_1_20170109203928107.jpg,test
13,1,13_1_1_20170109204443201.jpg,test
13,1,13_0_1_20170110232537879.jpg,test
13,1,13_0_1_20170113150907477.jpg,test
19,1,19_0_1_20170110231850376.jpg,test
19,1,19_0_1_20170116210354987.jpg,test
19,1,19_1_1_20170117124021486.jpg,test
19,1,19_0_1_20170114025936564.jpg,test
19,1,19_1_1_20170113012937783.jpg,test
19,1,19_1_1_20170112231417629.jpg,test
19,1,19_0_1_20170113193315725.jpg,test
19,1,19_0_1_20170113132630232.jpg,test
19,1,19_1_1_20170117195435822.jpg,test
19,1,19_0_1_20170113132639480.jpg,test
88,1,88_1_1_20170110183118502.jpg,test
88,1,88_1_1_20170116233427954.jpg,test
88,1,88_1_1_20170113013105818.jpg,test
88,1,88_0_1_20170116144533236.jpg,test
89,1,89_1_1_20170117014047653.jpg,test
89,1,89_0_1_20170116210156717.jpg,test
89,1,89_0_1_20170117193440263.jpg,test
89,1,89_1_1_20170116160717022.jpg,test
89,1,89_0_1_20170117194109597.jpg,test
89,1,89_0_1_20170116024131102.jpg,test
89,1,89_1_1_20170120230414826.jpg,test
89,1,89_0_1_20170117194330360.jpg,test
89,1,89_0_1_20170117182437361.jpg,test
79,1,79_0_1_20170111223356803.jpg,test
47,1,47_0_1_20170114034328343.jpg,test
47,1,47_0_1_20170113184729088.jpg,test
47,1,47_0_1_20170117141144856.jpg,test
47,1,47_0_1_20170117193737256.jpg,test
47,1,47_0_1_20170117173346286.jpg,test
47,1,47_1_1_20170112231603253.jpg,test
47,1,47_1_1_20170113012448233.jpg,test
47,1,47_1_1_20170116160640036.jpg,test
47,1,47_0_1_20170117172552003.jpg,test
47,1,47_1_1_20170116160632406.jpg,test
59,1,59_0_1_20170111171747518.jpg,test
59,1,59_0_1_20170117190355233.jpg,test
59,1,59_1_1_20170112210446395.jpg,test
59,1,59_1_1_20170113012852120.jpg,test
59,1,59_1_1_20170116203506659.jpg,test
59,1,59_1_1_20170116233345047.jpg,test
59,1,59_0_1_20170117192104465.jpg,test
59,1,59_0_1_20170113152816239.jpg,test
59,1,59_1_1_20170113000626569.jpg,test
59,1,59_1_1_20170113173539306.jpg,test
84,1,84_0_1_20170117192953555.jpg,test
78,1,78_0_1_20170113175613132.jpg,test
78,1,78_0_1_20170117190604291.jpg,test
78,1,78_1_1_20170113011857601.jpg,test
78,1,78_0_1_20170111222446247.jpg,test
78,1,78_0_1_20170111222209093.jpg,test
78,1,78_0_1_20170111210701342.jpg,test
78,1,78_0_1_20170116204857697.jpg,test
78,1,78_0_1_20170117195212700.jpg,test
78,1,78_1_1_20170120225425945.jpg,test
78,1,78_0_1_20170117193425610.jpg,test
73,1,73_0_1_20170117195318257.jpg,test
73,1,73_0_1_20170117195353786.jpg,test
73,1,73_1_1_20170120230417585.jpg,test
73,1,73_0_1_20170117195315175.jpg,test
73,1,73_0_1_20170117195325010.jpg,test
73,1,73_0_1_20170117195312638.jpg,test
73,1,73_0_1_20170117194956074.jpg,test
73,1,73_0_1_20170117194721939.jpg,test
57,1,57_1_1_20170109133029617.jpg,test
57,1,57_0_1_20170113161208579.jpg,test
57,1,57_1_1_20170113013059467.jpg,test
57,1,57_0_1_20170113184855343.jpg,test
57,1,57_0_1_20170117164415527.jpg,test
57,1,57_0_1_20170117141704960.jpg,test
57,1,57_0_1_20170111203322229.jpg,test
57,1,57_0_1_20170117171247961.jpg,test
8,1,8_0_1_20170113132601079.jpg,test
8,1,8_0_1_20170110215915731.jpg,test
8,1,8_1_1_20170112211035045.jpg,test
8,1,8_0_1_20170110220106378.jpg,test
8,1,8_1_1_20170117170013457.jpg,test
8,1,8_1_1_20170113000012514.jpg,test
8,1,8_0_1_20170110215727788.jpg,test
8,1,8_1_1_20170109203648153.jpg,test
8,1,8_1_1_20170116153005352.jpg,test
8,1,8_1_1_20170117135414790.jpg,test
115,1,115_1_1_20170112213257263.jpg,test
5,1,5_0_1_20161219153846453.jpg,test
5,1,5_1_1_20170117192704482.jpg,test
5,1,5_1_1_20170112210544957.jpg,test
5,1,5_1_1_20161219190410076.jpg,test
5,1,5_0_1_20170117193745507.jpg,test
5,1,5_0_1_20170113154912353.jpg,test
5,1,5_0_1_20170110213654372.jpg,test
5,1,5_1_1_20170103180249368.jpg,test
5,1,5_1_1_20170112235010687.jpg,test
5,1,5_0_1_20170103205158426.jpg,test
76,1,76_0_1_20170117165148098.jpg,test
76,1,76_0_1_20170116010457070.jpg,test
76,1,76_0_1_20170116205210541.jpg,test
76,1,76_1_1_20170110182035970.jpg,test
76,1,76_0_1_20170116205556715.jpg,test
76,1,76_0_1_20170116205605555.jpg,test
76,1,76_1_1_20170112205902715.jpg,test
76,1,76_1_1_20170110181603235.jpg,test
76,1,76_0_1_20170116204915499.jpg,test
110,1,110_1_1_20170110155201038.jpg,test
110,1,110_1_1_20170110155117522.jpg,test
87,1,87_0_1_20170116210156717.jpg,test
87,1,87_0_1_20170117194805270.jpg,test
87,1,87_1_1_20170116161703647.jpg,test
66,1,66_0_1_20170113185346153.jpg,test
66,1,66_0_1_20170111171747645.jpg,test
66,1,66_1_1_20170113000154762.jpg,test
66,1,66_0_1_20170111195703017.jpg,test
66,1,66_1_1_20170110153026621.jpg,test
66,1,66_0_1_20170117195116702.jpg,test
81,1,81_1_1_20170116220014045.jpg,test
81,1,81_0_1_20170117193731174.jpg,test
74,1,74_0_1_20170113184556176.jpg,test
74,1,74_0_1_20170113182114430.jpg,test
74,1,74_1_1_20170120223559844.jpg,test
82,1,82_1_1_20170112224554283.jpg,test
82,1,82_0_1_20170111210240036.jpg,test
82,1,82_1_1_20170113012909920.jpg,test
82,1,82_1_1_20170110154342872.jpg,test
91,1,91_0_1_20170117194736477.jpg,test
64,1,64_0_1_20170120224617161.jpg,test
64,1,64_1_1_20170112233355207.jpg,test
64,1,64_0_1_20170117182526238.jpg,test
64,1,64_0_1_20170117174913832.jpg,test
64,1,64_0_1_20170117182413598.jpg,test
86,1,86_0_1_20170120230044602.jpg,test
11,1,11_1_1_20170114033545468.jpg,test
11,1,11_1_1_20170109203712835.jpg,test
11,1,11_0_1_20170103201136230.jpg,test
96,1,96_1_1_20170117183936388.jpg,test
96,1,96_1_1_20170110183853718.jpg,test
105,1,105_1_1_20170112213303693.jpg,test
20,0,20_1_0_20170114031424981.jpg,test
20,0,20_0_0_20170116205352042.jpg,test
20,0,20_0_0_20170117114905086.jpg,test
20,0,20_1_0_20170104005910664.jpg,test
20,0,20_0_0_20170104230054071.jpg,test
20,0,20_1_0_20170117171624989.jpg,test
20,0,20_1_0_20170116000638538.jpg,test
20,0,20_1_0_20170103163040136.jpg,test
20,0,20_0_0_20170117005807799.jpg,test
20,0,20_0_0_20170113132332102.jpg,test
23,0,23_0_0_20170117134919191.jpg,test
23,0,23_0_0_20170112203926171.jpg,test
23,0,23_0_0_20170117144642723.jpg,test
23,0,23_1_0_20170117144822363.jpg,test
23,0,23_0_0_20170117194039724.jpg,test
23,0,23_1_0_20170117144812555.jpg,test
23,0,23_1_0_20170116221829961.jpg,test
23,0,23_1_0_20170116221809969.jpg,test
23,0,23_0_0_20170117144526121.jpg,test
23,0,23_0_0_20170116221018206.jpg,test
67,0,67_0_0_20170120225722729.jpg,test
67,0,67_0_0_20170120230050170.jpg,test
67,0,67_0_0_20170108235729190.jpg,test
67,0,67_0_0_20170117204838537.jpg,test
67,0,67_0_0_20170120225206184.jpg,test
67,0,67_0_0_20170113185521375.jpg,test
67,0,67_0_0_20170105172950852.jpg,test
67,0,67_0_0_20170104213345869.jpg,test
67,0,67_0_0_20170113210319928.jpg,test
67,0,67_0_0_20170120224536320.jpg,test
28,0,28_0_0_20170117180611163.jpg,test
28,0,28_1_0_20170109003005024.jpg,test
28,0,28_0_0_20170117180626585.jpg,test
28,0,28_0_0_20170117142910226.jpg,test
28,0,28_0_0_20170117133953048.jpg,test
28,0,28_0_0_20170103181320400.jpg,test
28,0,28_1_0_20170116223825024.jpg,test
28,0,28_1_0_20170103183935666.jpg,test
28,0,28_0_0_20170120221648261.jpg,test
28,0,28_1_0_20170117180659169.jpg,test
39,0,39_1_0_20170104201025387.jpg,test
39,0,39_0_0_20170111181750371.jpg,test
39,0,39_0_0_20170104204624075.jpg,test
39,0,39_1_0_20170104185638502.jpg,test
39,0,39_1_0_20170117184938337.jpg,test
39,0,39_1_0_20170105164709185.jpg,test
39,0,39_0_0_20170117141453339.jpg,test
39,0,39_0_0_20170116224630532.jpg,test
39,0,39_1_0_20170104002227438.jpg,test
39,0,39_0_0_20170109133418712.jpg,test
36,0,36_0_0_20170117181844189.jpg,test
36,0,36_0_0_20170117135459790.jpg,test
36,0,36_1_0_20170112230658796.jpg,test
36,0,36_0_0_20170113183245622.jpg,test
36,0,36_1_0_20170104201720018.jpg,test
36,0,36_1_0_20170105164513676.jpg,test
36,0,36_1_0_20170117183244102.jpg,test
36,0,36_0_0_20170117090959247.jpg,test
36,0,36_1_0_20170117135859295.jpg,test
36,0,36_0_0_20170119180123410.jpg,test
6,0,6_1_0_20170109201806817.jpg,test
6,0,6_1_0_20170109193911170.jpg,test
6,0,6_1_0_20170109204828030.jpg,test
6,0,6_0_0_20170110215629811.jpg,test
6,0,6_1_0_20170109193722375.jpg,test
6,0,6_1_0_20170109192722064.jpg,test
6,0,6_1_0_20170109204602999.jpg,test
6,0,6_1_0_20170104005929399.jpg,test
6,0,6_0_0_20170110215856827.jpg,test
6,0,6_1_0_20170109201925765.jpg,test
32,0,32_1_0_20170117154910644.jpg,test
32,0,32_0_0_20170117182431853.jpg,test
32,0,32_0_0_20170113142132251.jpg,test
32,0,32_1_0_20170117114915962.jpg,test
32,0,32_0_0_20170117140140183.jpg,test
32,0,32_1_0_20170116220919526.jpg,test
32,0,32_0_0_20170104202215275.jpg,test
32,0,32_0_0_20170117140807934.jpg,test
32,0,32_0_0_20170116235640652.jpg,test
32,0,32_1_0_20170117160432855.jpg,test
30,0,30_1_0_20170117204651319.jpg,test
30,0,30_1_0_20170117000354691.jpg,test
30,0,30_1_0_20170117144452546.jpg,test
30,0,30_1_0_20170117151304315.jpg,test
30,0,30_1_0_20170117141830737.jpg,test
30,0,30_0_0_20170117181104996.jpg,test
30,0,30_1_0_20170117150844330.jpg,test
30,0,30_0_0_20170117131025845.jpg,test
30,0,30_0_0_20170116224623527.jpg,test
30,0,30_1_0_20170117181416245.jpg,test
35,0,35_0_0_20170117135251076.jpg,test
35,0,35_0_0_20170116182739852.jpg,test
35,0,35_1_0_20170105172551789.jpg,test
35,0,35_0_0_20170117171451970.jpg,test
35,0,35_0_0_20170117180527065.jpg,test
35,0,35_0_0_20170105172445389.jpg,test
35,0,35_0_0_20170117172452115.jpg,test
35,0,35_0_0_20170117190009586.jpg,test
35,0,35_1_0_20170117170527907.jpg,test
35,0,35_0_0_20170116180415475.jpg,test
12,0,12_0_0_20170117182308749.jpg,test
12,0,12_0_0_20170110224843637.jpg,test
12,0,12_1_0_20170104012017177.jpg,test
12,0,12_0_0_20170110224833703.jpg,test
12,0,12_1_0_20170109200904988.jpg,test
12,0,12_1_0_20170104005712405.jpg,test
12,0,12_1_0_20170109204507030.jpg,test
12,0,12_0_0_20170117133903517.jpg,test
12,0,12_1_0_20170109205045850.jpg,test
12,0,12_1_0_20170104013410523.jpg,test
24,0,24_1_0_20170116205900085.jpg,test
24,0,24_0_0_20170117150146771.jpg,test
24,0,24_1_0_20170117150858676.jpg,test
24,0,24_1_0_20170109132509565.jpg,test
24,0,24_1_0_20170104021527253.jpg,test
24,0,24_1_0_20170116220232605.jpg,test
24,0,24_1_0_20170116211847315.jpg,test
24,0,24_0_0_20170117150007795.jpg,test
24,0,24_1_0_20170103180625656.jpg,test
24,0,24_1_0_20170116211912644.jpg,test
54,0,54_0_0_20170104212538380.jpg,test
54,0,54_1_0_20170104212735309.jpg,test
54,0,54_0_0_20170120223350413.jpg,test
54,0,54_1_0_20170117171505517.jpg,test
54,0,54_0_0_20170117163742346.jpg,test
54,0,54_0_0_20170111171747448.jpg,test
54,0,54_0_0_20170120223352027.jpg,test
54,0,54_1_0_20170117171555172.jpg,test
54,0,54_0_0_20170117171233580.jpg,test
54,0,54_0_0_20170117155448941.jpg,test
58,0,58_0_0_20170117193308276.jpg,test
58,0,58_0_0_20170111195225616.jpg,test
58,0,58_0_0_20170120224601232.jpg,test
58,0,58_0_0_20170117135834808.jpg,test
58,0,58_0_0_20170120224709007.jpg,test
58,0,58_0_0_20170120224554712.jpg,test
58,0,58_0_0_20170120134510215.jpg,test
58,0,58_0_0_20170111171747508.jpg,test
58,0,58_0_0_20170113185223064.jpg,test
58,0,58_0_0_20170117193906036.jpg,test
55,0,55_0_0_20170117155039029.jpg,test
55,0,55_0_0_20170117204213768.jpg,test
55,0,55_1_0_20170110122115175.jpg,test
55,0,55_1_0_20170117190736258.jpg,test
55,0,55_0_0_20170117182554324.jpg,test
55,0,55_0_0_20170117135534039.jpg,test
55,0,55_1_0_20170117092223899.jpg,test
55,0,55_0_0_20170117135556303.jpg,test
55,0,55_1_0_20170110160643360.jpg,test
55,0,55_1_0_20170103181515432.jpg,test
14,0,14_0_0_20170110232124117.jpg,test
14,0,14_0_0_20170110223437445.jpg,test
14,0,14_0_0_20170110224519294.jpg,test
14,0,14_1_0_20170109203340834.jpg,test
14,0,14_0_0_20170116201237010.jpg,test
14,0,14_0_0_20170110232127519.jpg,test
14,0,14_0_0_20170110232544606.jpg,test
14,0,14_1_0_20170109213541777.jpg,test
14,0,14_1_0_20170109214707410.jpg,test
14,0,14_1_0_20170109203505137.jpg,test
85,0,85_1_0_20170110183536244.jpg,test
85,0,85_1_0_20170110183410318.jpg,test
85,0,85_0_0_20170111205839209.jpg,test
85,0,85_1_0_20170110181049060.jpg,test
85,0,85_1_0_20170110181556802.jpg,test
85,0,85_0_0_20170111211348840.jpg,test
85,0,85_1_0_20170120225757530.jpg,test
85,0,85_0_0_20170110183613267.jpg,test
85,0,85_1_0_20170110184001159.jpg,test
85,0,85_1_0_20170110182337771.jpg,test
16,0,16_1_0_20170109204530608.jpg,test
16,0,16_1_0_20170109212548663.jpg,test
16,0,16_1_0_20170109214138699.jpg,test
16,0,16_1_0_20170102234927276.jpg,test
16,0,16_0_0_20170110231617005.jpg,test
16,0,16_1_0_20170109205435776.jpg,test
16,0,16_1_0_20170103201602647.jpg,test
16,0,16_0_0_20170104230001113.jpg,test
16,0,16_0_0_20170110231904662.jpg,test
16,0,16_1_0_20170109214013596.jpg,test
81,0,81_1_0_20170120224920120.jpg,test
81,0,81_1_0_20170120225836610.jpg,test
81,0,81_0_0_20170111222450939.jpg,test
81,0,81_0_0_20170117091321806.jpg,test
81,0,81_1_0_20170120225516057.jpg,test
81,0,81_1_0_20170120230502538.jpg,test
81,0,81_1_0_20170120230532540.jpg,test
81,0,81_1_0_20170120230530059.jpg,test
81,0,81_0_0_20170111222241614.jpg,test
81,0,81_1_0_20170120230536155.jpg,test
66,0,66_0_0_20170120221744629.jpg,test
66,0,66_1_0_20170110140359075.jpg,test
66,0,66_1_0_20170110160644016.jpg,test
66,0,66_1_0_20170110140422693.jpg,test
66,0,66_0_0_20170111203309589.jpg,test
66,0,66_1_0_20170105174521629.jpg,test
66,0,66_0_0_20170117000141332.jpg,test
66,0,66_1_0_20170110141430168.jpg,test
66,0,66_0_0_20170104213607429.jpg,test
66,0,66_1_0_20170110122200303.jpg,test
25,0,25_1_0_20170116204011908.jpg,test
25,0,25_1_0_20170117143946804.jpg,test
25,0,25_0_0_20170117151643003.jpg,test
25,0,25_0_0_20170117192955499.jpg,test
25,0,25_1_0_20170117134324860.jpg,test
25,0,25_1_0_20170103175619551.jpg,test
25,0,25_0_0_20170117195255340.jpg,test
25,0,25_1_0_20170117142757162.jpg,test
25,0,25_1_0_20170116223812242.jpg,test
25,0,25_1_0_20170116002134414.jpg,test
75,0,75_0_0_20170117163552393.jpg,test
75,0,75_1_0_20170110153015457.jpg,test
75,0,75_0_0_20170111205052872.jpg,test
75,0,75_1_0_20170120225456154.jpg,test
75,0,75_0_0_20170111222532345.jpg,test
75,0,75_1_0_20170110183826875.jpg,test
75,0,75_0_0_20170117174511134.jpg,test
75,0,75_0_0_20170117174632541.jpg,test
75,0,75_0_0_20170111204722982.jpg,test
75,0,75_1_0_20170110181054680.jpg,test
9,0,9_0_0_20170120133313910.jpg,test
9,0,9_0_0_20170110220413289.jpg,test
9,0,9_0_0_20170110224558724.jpg,test
9,0,9_1_0_20170104013159819.jpg,test
9,0,9_1_0_20170105000600802.jpg,test
9,0,9_1_0_20170109202228755.jpg,test
9,0,9_0_0_20170110225137038.jpg,test
9,0,9_0_0_20170110215514548.jpg,test
9,0,9_0_0_20170110220058915.jpg,test
9,0,9_0_0_20170102235122268.jpg,test
74,0,74_0_0_20170120225714392.jpg,test
74,0,74_0_0_20170111222222432.jpg,test
74,0,74_0_0_20170111203046542.jpg,test
74,0,74_1_0_20170120223651118.jpg,test
74,0,74_0_0_20170111221819719.jpg,test
74,0,74_0_0_20170116232642012.jpg,test
74,0,74_0_0_20170111223730444.jpg,test
74,0,74_1_0_20170117171813979.jpg,test
74,0,74_1_0_20170120224932730.jpg,test
74,0,74_1_0_20170120225056705.jpg,test
72,0,72_0_0_20170111204451925.jpg,test
72,0,72_1_0_20170110131657098.jpg,test
72,0,72_1_0_20170110140438240.jpg,test
72,0,72_1_0_20170110125258812.jpg,test
72,0,72_1_0_20170104213629773.jpg,test
72,0,72_1_0_20170110173128700.jpg,test
72,0,72_1_0_20170110183821487.jpg,test
72,0,72_1_0_20170110141531648.jpg,test
72,0,72_1_0_20170110181628038.jpg,test
72,0,72_0_0_20170111221724508.jpg,test
26,0,26_0_0_20170116193305807.jpg,test
26,0,26_0_0_20170120140037464.jpg,test
26,0,26_1_0_20170117174534054.jpg,test
26,0,26_0_0_20170116152556326.jpg,test
26,0,26_0_0_20170117154314150.jpg,test
26,0,26_1_0_20170117152442875.jpg,test
26,0,26_0_0_20170117172810523.jpg,test
26,0,26_1_0_20170116193313554.jpg,test
26,0,26_1_0_20170117091649819.jpg,test
26,0,26_1_0_20170103180546928.jpg,test
8,0,8_1_0_20170109204532695.jpg,test
8,0,8_1_0_20170109205428806.jpg,test
8,0,8_1_0_20170109203907694.jpg,test
8,0,8_0_0_20170104230750674.jpg,test
8,0,8_1_0_20170109203559320.jpg,test
8,0,8_1_0_20170109205416266.jpg,test
8,0,8_1_0_20170109202422175.jpg,test
8,0,8_0_0_20170110220610016.jpg,test
8,0,8_1_0_20170109200833660.jpg,test
8,0,8_1_0_20170109203209685.jpg,test
70,0,70_0_0_20170111200757701.jpg,test
70,0,70_0_0_20170117155935122.jpg,test
70,0,70_0_0_20170111210749134.jpg,test
70,0,70_0_0_20170116213553686.jpg,test
70,0,70_0_0_20170105173727374.jpg,test
70,0,70_0_0_20170117172840833.jpg,test
70,0,70_1_0_20170110122851852.jpg,test
70,0,70_1_0_20170120133535645.jpg,test
70,0,70_0_0_20170117175004342.jpg,test
70,0,70_0_0_20170111171747665.jpg,test
60,0,60_1_0_20170110140900329.jpg,test
60,0,60_1_0_20170110184058156.jpg,test
60,0,60_1_0_20170110141756847.jpg,test
60,0,60_1_0_20170110143523078.jpg,test
60,0,60_1_0_20170104185020782.jpg,test
60,0,60_1_0_20170110125212119.jpg,test
60,0,60_0_0_20170111195408393.jpg,test
60,0,60_1_0_20170110140847057.jpg,test
60,0,60_1_0_20170110141405608.jpg,test
60,0,60_1_0_20170110154619614.jpg,test
69,0,69_1_0_20170110152927513.jpg,test
69,0,69_0_0_20170104213620014.jpg,test
69,0,69_1_0_20170110140940217.jpg,test
69,0,69_1_0_20170110141854535.jpg,test
69,0,69_1_0_20170110151454373.jpg,test
69,0,69_1_0_20170110141527783.jpg,test
69,0,69_1_0_20170110131736764.jpg,test
69,0,69_0_0_20170104185333726.jpg,test
69,0,69_0_0_20170111205027543.jpg,test
69,0,69_0_0_20170109011208585.jpg,test
65,0,65_0_0_20170117171404003.jpg,test
65,0,65_0_0_20170111200004259.jpg,test
65,0,65_0_0_20170104213032541.jpg,test
65,0,65_0_0_20170117162825204.jpg,test
65,0,65_0_0_20170120225216335.jpg,test
65,0,65_0_0_20170120221840421.jpg,test
65,0,65_0_0_20170105174716942.jpg,test
65,0,65_1_0_20170110181703594.jpg,test
65,0,65_0_0_20170117163540466.jpg,test
65,0,65_0_0_20170111211445229.jpg,test
21,0,21_0_0_20170116214410522.jpg,test
21,0,21_1_0_20170105183508735.jpg,test
21,0,21_0_0_20170104230057120.jpg,test
21,0,21_0_0_20170116201127126.jpg,test
21,0,21_1_0_20170116215708125.jpg,test
21,0,21_0_0_20170116215444801.jpg,test
21,0,21_0_0_20170117193733557.jpg,test
21,0,21_0_0_20170116225141614.jpg,test
21,0,21_1_0_20170117142326768.jpg,test
21,0,21_1_0_20170117142648466.jpg,test
27,0,27_0_0_20170116232646294.jpg,test
27,0,27_1_0_20170103230354912.jpg,test
27,0,27_1_0_20170113180930981.jpg,test
27,0,27_1_0_20170105183939496.jpg,test
27,0,27_1_0_20170117120618507.jpg,test
27,0,27_1_0_20170103182159657.jpg,test
27,0,27_0_0_20170116205016692.jpg,test
27,0,27_1_0_20170119163226214.jpg,test
27,0,27_1_0_20170119155531065.jpg,test
27,0,27_0_0_20170113133254871.jpg,test
15,0,15_0_0_20170110232640357.jpg,test
15,0,15_0_0_20170110232730918.jpg,test
15,0,15_1_0_20170109214516641.jpg,test
15,0,15_1_0_20170109212807412.jpg,test
15,0,15_1_0_20170104013418578.jpg,test
15,0,15_0_0_20170116201240276.jpg,test
15,0,15_0_0_20170116201250292.jpg,test
15,0,15_1_0_20170109204210842.jpg,test
15,0,15_1_0_20170109204416506.jpg,test
15,0,15_0_0_20170110232636744.jpg,test
31,0,31_0_0_20170117175719891.jpg,test
31,0,31_0_0_20170116003010656.jpg,test
31,0,31_1_0_20170105162708403.jpg,test
31,0,31_1_0_20170117133435466.jpg,test
31,0,31_0_0_20170117203031305.jpg,test
31,0,31_0_0_20170117190223831.jpg,test
31,0,31_0_0_20170105173759693.jpg,test
31,0,31_0_0_20170117153916924.jpg,test
31,0,31_1_0_20170120134909814.jpg,test
31,0,31_0_0_20170117131124063.jpg,test
10,0,10_0_0_20170110225013755.jpg,test
10,0,10_1_0_20170109203608654.jpg,test
10,0,10_0_0_20170110225402690.jpg,test
10,0,10_0_0_20170110225518663.jpg,test
10,0,10_1_0_20170109205003280.jpg,test
10,0,10_1_0_20170109203924076.jpg,test
10,0,10_1_0_20170109202346880.jpg,test
10,0,10_0_0_20170110225243501.jpg,test
10,0,10_1_0_20170109205134282.jpg,test
10,0,10_0_0_20170110225557604.jpg,test
40,0,40_1_0_20170116222656352.jpg,test
40,0,40_0_0_20170117135935650.jpg,test
40,0,40_0_0_20170117182937462.jpg,test
40,0,40_0_0_20170117135238541.jpg,test
40,0,40_1_0_20170104172936762.jpg,test
40,0,40_0_0_20170120221014042.jpg,test
40,0,40_1_0_20170117144921201.jpg,test
40,0,40_0_0_20170116221901075.jpg,test
40,0,40_1_0_20170109132716930.jpg,test
40,0,40_0_0_20170117154505308.jpg,test
17,0,17_1_0_20170109213621558.jpg,test
17,0,17_1_0_20170109214021426.jpg,test
17,0,17_0_0_20170110231748137.jpg,test
17,0,17_1_0_20170104011923497.jpg,test
17,0,17_1_0_20170104012351409.jpg,test
17,0,17_0_0_20170110231605793.jpg,test
17,0,17_1_0_20170109213518093.jpg,test
17,0,17_1_0_20170117140619087.jpg,test
17,0,17_1_0_20170109205309078.jpg,test
17,0,17_0_0_20170104230556561.jpg,test
49,0,49_1_0_20170109221102358.jpg,test
49,0,49_0_0_20170117190513467.jpg,test
49,0,49_1_0_20170104235655316.jpg,test
49,0,49_0_0_20170104185659750.jpg,test
49,0,49_0_0_20170111181750448.jpg,test
49,0,49_1_0_20170104210205882.jpg,test
49,0,49_1_0_20170109132443455.jpg,test
49,0,49_0_0_20170117153916924.jpg,test
49,0,49_1_0_20170110154336582.jpg,test
49,0,49_0_0_20170119201555940.jpg,test
57,0,57_0_0_20170111171747481.jpg,test
57,0,57_0_0_20170105184101967.jpg,test
57,0,57_1_0_20170108225103840.jpg,test
57,0,57_1_0_20170117160411871.jpg,test
57,0,57_0_0_20170117191706202.jpg,test
57,0,57_0_0_20170112203923347.jpg,test
57,0,57_0_0_20170117140000703.jpg,test
57,0,57_1_0_20170110154547015.jpg,test
57,0,57_1_0_20170110131940730.jpg,test
57,0,57_1_0_20170110180113129.jpg,test
73,0,73_0_0_20170104213653518.jpg,test
73,0,73_0_0_20170120230238642.jpg,test
73,0,73_0_0_20170111211426693.jpg,test
73,0,73_0_0_20170120230235659.jpg,test
73,0,73_0_0_20170120230233019.jpg,test
73,0,73_0_0_20170104213655621.jpg,test
73,0,73_1_0_20170110141055369.jpg,test
73,0,73_1_0_20170120230411820.jpg,test
73,0,73_0_0_20170111221837125.jpg,test
73,0,73_1_0_20170109220906926.jpg,test
1,0,1_1_0_20170109190543118.jpg,test
1,0,1_0_0_20170110211513139.jpg,test
1,0,1_1_0_20170109194146279.jpg,test
1,0,1_0_0_20170109194350047.jpg,test
1,0,1_0_0_20170109192819417.jpg,test
1,0,1_1_0_20170109190846125.jpg,test
1,0,1_0_0_20161219192524675.jpg,test
1,0,1_0_0_20161219140623097.jpg,test
1,0,1_1_0_20170109193408973.jpg,test
1,0,1_1_0_20170109191449860.jpg,test
41,0,41_1_0_20170104183215660.jpg,test
41,0,41_0_0_20170117133145780.jpg,test
41,0,41_0_0_20170104202153954.jpg,test
41,0,41_0_0_20170105172936597.jpg,test
41,0,41_1_0_20170117133203334.jpg,test
41,0,41_0_0_20170105173537165.jpg,test
41,0,41_1_0_20170117135713137.jpg,test
41,0,41_1_0_20170104201435202.jpg,test
41,0,41_0_0_20170113005316069.jpg,test
41,0,41_1_0_20170105172643292.jpg,test
34,0,34_1_0_20170117134931832.jpg,test
34,0,34_0_0_20170104204404531.jpg,test
34,0,34_0_0_20170117134853215.jpg,test
34,0,34_1_0_20170117182637062.jpg,test
34,0,34_0_0_20170104170055225.jpg,test
34,0,34_1_0_20170109004742195.jpg,test
34,0,34_0_0_20170116193345729.jpg,test
34,0,34_1_0_20170116231315257.jpg,test
34,0,34_0_0_20170117134856428.jpg,test
34,0,34_0_0_20170117135545874.jpg,test
53,0,53_0_0_20170117161105279.jpg,test
53,0,53_0_0_20170117163649049.jpg,test
53,0,53_0_0_20170105163552388.jpg,test
53,0,53_1_0_20170109012814840.jpg,test
53,0,53_0_0_20170104200632968.jpg,test
53,0,53_0_0_20170111202320442.jpg,test
53,0,53_1_0_20170109142039096.jpg,test
53,0,53_0_0_20170111171747402.jpg,test
53,0,53_0_0_20170120223001107.jpg,test
53,0,53_1_0_20170117204229856.jpg,test
56,0,56_0_0_20170120222907250.jpg,test
56,0,56_1_0_20170120133251429.jpg,test
56,0,56_0_0_20170117000257766.jpg,test
56,0,56_0_0_20170105161423995.jpg,test
56,0,56_0_0_20170117173922109.jpg,test
56,0,56_1_0_20170117172544019.jpg,test
56,0,56_0_0_20170109012217972.jpg,test
56,0,56_0_0_20170117165731095.jpg,test
56,0,56_1_0_20170119202536518.jpg,test
56,0,56_1_0_20170110122900947.jpg,test
3,0,3_0_0_20170110213445289.jpg,test
3,0,3_0_0_20170110211426831.jpg,test
3,0,3_0_0_20170110213436047.jpg,test
3,0,3_1_0_20170109193021650.jpg,test
3,0,3_1_0_20170109193043837.jpg,test
3,0,3_1_0_20170109193516228.jpg,test
3,0,3_0_0_20170110213641862.jpg,test
3,0,3_0_0_20170110212732926.jpg,test
3,0,3_1_0_20161219205155700.jpg,test
3,0,3_1_0_20170109191815204.jpg,test
96,0,96_1_0_20170110182433943.jpg,test
96,0,96_1_0_20170110161321170.jpg,test
96,0,96_1_0_20170110183855839.jpg,test
96,0,96_1_0_20170110172637082.jpg,test
96,0,96_1_0_20170110173805290.jpg,test
96,0,96_1_0_20170110182026396.jpg,test
96,0,96_1_0_20170110182019881.jpg,test
96,0,96_1_0_20170110182515404.jpg,test
52,0,52_1_0_20170109012706985.jpg,test
52,0,52_1_0_20170110122705423.jpg,test
52,0,52_0_0_20170111181750501.jpg,test
52,0,52_0_0_20170120222910474.jpg,test
52,0,52_1_0_20170109221143312.jpg,test
52,0,52_0_0_20170117161004278.jpg,test
52,0,52_1_0_20170110153002630.jpg,test
52,0,52_0_0_20170117163200514.jpg,test
52,0,52_0_0_20170104212257109.jpg,test
52,0,52_1_0_20170113182810479.jpg,test
4,0,4_1_0_20170109192825550.jpg,test
4,0,4_0_0_20170110205352445.jpg,test
4,0,4_0_0_20170110213544876.jpg,test
4,0,4_0_0_20170110213229910.jpg,test
4,0,4_0_0_20170109191458548.jpg,test
4,0,4_1_0_20170109192110040.jpg,test
4,0,4_1_0_20170109191952579.jpg,test
4,0,4_0_0_20170110205349508.jpg,test
4,0,4_1_0_20170119144520789.jpg,test
4,0,4_0_0_20170110213542396.jpg,test
50,0,50_0_0_20170111171747313.jpg,test
50,0,50_0_0_20170111171747301.jpg,test
50,0,50_0_0_20170117135342519.jpg,test
50,0,50_0_0_20170117160626703.jpg,test
50,0,50_0_0_20170103183532811.jpg,test
50,0,50_0_0_20170117160620399.jpg,test
50,0,50_0_0_20170117135537508.jpg,test
50,0,50_0_0_20170117000757222.jpg,test
50,0,50_0_0_20170117133129130.jpg,test
50,0,50_0_0_20170116192846910.jpg,test
7,0,7_0_0_20170110225021990.jpg,test
7,0,7_0_0_20170110215603860.jpg,test
7,0,7_0_0_20170110215959875.jpg,test
7,0,7_0_0_20170110215645684.jpg,test
7,0,7_1_0_20170104005339735.jpg,test
7,0,7_0_0_20170110215920604.jpg,test
7,0,7_0_0_20170110220627122.jpg,test
7,0,7_1_0_20170109193930338.jpg,test
7,0,7_1_0_20170109205432160.jpg,test
7,0,7_0_0_20170110215944035.jpg,test
33,0,33_1_0_20170117174746798.jpg,test
33,0,33_1_0_20170103181050000.jpg,test
33,0,33_1_0_20170117174817183.jpg,test
33,0,33_1_0_20170117174457343.jpg,test
33,0,33_1_0_20170119145706157.jpg,test
33,0,33_0_0_20170120220056442.jpg,test
33,0,33_1_0_20170119192533970.jpg,test
33,0,33_1_0_20170103175603141.jpg,test
33,0,33_0_0_20170116232429422.jpg,test
33,0,33_0_0_20170109001152301.jpg,test
47,0,47_0_0_20170117171447454.jpg,test
47,0,47_0_0_20170109012806452.jpg,test
47,0,47_1_0_20170117160418681.jpg,test
47,0,47_0_0_20170104211911013.jpg,test
47,0,47_0_0_20170104210532204.jpg,test
47,0,47_0_0_20170104211618372.jpg,test
47,0,47_1_0_20170109012509904.jpg,test
47,0,47_0_0_20170105173110477.jpg,test
47,0,47_0_0_20170120222507721.jpg,test
47,0,47_1_0_20170117140100071.jpg,test
22,0,22_1_0_20170116220644040.jpg,test
22,0,22_0_0_20170117140545960.jpg,test
22,0,22_1_0_20170116220646631.jpg,test
22,0,22_1_0_20170117194001595.jpg,test
22,0,22_1_0_20170117143702099.jpg,test
22,0,22_1_0_20170103163108007.jpg,test
22,0,22_0_0_20170108224621224.jpg,test
22,0,22_1_0_20170117143206386.jpg,test
22,0,22_0_0_20170104230116624.jpg,test
22,0,22_1_0_20170117133125316.jpg,test
80,0,80_0_0_20170111205531200.jpg,test
80,0,80_1_0_20170120223534893.jpg,test
80,0,80_1_0_20170110183817822.jpg,test
80,0,80_1_0_20170110154249092.jpg,test
80,0,80_1_0_20170117175604677.jpg,test
80,0,80_0_0_20170117174434118.jpg,test
80,0,80_0_0_20170117172958840.jpg,test
80,0,80_0_0_20170111205921074.jpg,test
80,0,80_0_0_20170111224036667.jpg,test
80,0,80_0_0_20170117173759783.jpg,test
18,0,18_1_0_20170109214336149.jpg,test
18,0,18_1_0_20170109214106546.jpg,test
18,0,18_1_0_20170109213049651.jpg,test
18,0,18_0_0_20170110231845000.jpg,test
18,0,18_0_0_20170110231228322.jpg,test
18,0,18_1_0_20170109214120554.jpg,test
18,0,18_0_0_20170110223927225.jpg,test
18,0,18_1_0_20170109214254732.jpg,test
18,0,18_0_0_20170110231524976.jpg,test
18,0,18_1_0_20170116215643425.jpg,test
29,0,29_1_0_20170114031410630.jpg,test
29,0,29_0_0_20170117180833219.jpg,test
29,0,29_0_0_20170104201134466.jpg,test
29,0,29_1_0_20170103163303377.jpg,test
29,0,29_0_0_20170117180729137.jpg,test
29,0,29_1_0_20170112235530689.jpg,test
29,0,29_1_0_20170103181510040.jpg,test
29,0,29_1_0_20170117202746975.jpg,test
29,0,29_1_0_20170111182452813.jpg,test
29,0,29_0_0_20170116225141614.jpg,test
48,0,48_0_0_20170117144639785.jpg,test
48,0,48_0_0_20170117164541702.jpg,test
48,0,48_1_0_20170109220544479.jpg,test
48,0,48_1_0_20170119201528627.jpg,test
48,0,48_0_0_20170113181243230.jpg,test
48,0,48_1_0_20170110154607979.jpg,test
48,0,48_0_0_20170104212711795.jpg,test
48,0,48_0_0_20170117003352809.jpg,test
48,0,48_0_0_20170104201250552.jpg,test
48,0,48_1_0_20170119192701682.jpg,test
37,0,37_0_0_20170117140126967.jpg,test
37,0,37_0_0_20170116201223316.jpg,test
37,0,37_0_0_20170105172702509.jpg,test
37,0,37_0_0_20170117140740593.jpg,test
37,0,37_1_0_20170113184302407.jpg,test
37,0,37_0_0_20170104202623003.jpg,test
37,0,37_1_0_20170109142928166.jpg,test
37,0,37_1_0_20170109134008515.jpg,test
37,0,37_0_0_20170104011358104.jpg,test
37,0,37_1_0_20170104165756313.jpg,test
76,0,76_0_0_20170111210148707.jpg,test
76,0,76_1_0_20170110182941342.jpg,test
76,0,76_0_0_20170111171747674.jpg,test
76,0,76_0_0_20170120223813862.jpg,test
76,0,76_0_0_20170111222213998.jpg,test
76,0,76_0_0_20170111222424361.jpg,test
76,0,76_1_0_20170110181320253.jpg,test
76,0,76_0_0_20170113175603924.jpg,test
76,0,76_1_0_20170110175728311.jpg,test
76,0,76_1_0_20170120225951434.jpg,test
42,0,42_0_0_20170117185755243.jpg,test
42,0,42_1_0_20170117154912167.jpg,test
42,0,42_0_0_20170104184018702.jpg,test
42,0,42_1_0_20170117154913871.jpg,test
42,0,42_0_0_20170104204810195.jpg,test
42,0,42_0_0_20170105163508427.jpg,test
42,0,42_0_0_20170117185637738.jpg,test
42,0,42_1_0_20170103182957410.jpg,test
42,0,42_0_0_20170117154836485.jpg,test
42,0,42_1_0_20170103183330514.jpg,test
45,0,45_1_0_20170110154650451.jpg,test
45,0,45_0_0_20170120221308125.jpg,test
45,0,45_0_0_20170117191915121.jpg,test
45,0,45_0_0_20170117181818036.jpg,test
45,0,45_0_0_20170117170144193.jpg,test
45,0,45_1_0_20170115231034803.jpg,test
45,0,45_1_0_20170105173156493.jpg,test
45,0,45_0_0_20170120221555460.jpg,test
45,0,45_0_0_20170104000913421.jpg,test
45,0,45_1_0_20170117190023859.jpg,test
51,0,51_1_0_20170109142258293.jpg,test
51,0,51_1_0_20170117190835331.jpg,test
51,0,51_0_0_20170117130112885.jpg,test
51,0,51_0_0_20170120134243735.jpg,test
51,0,51_0_0_20170117160756480.jpg,test
51,0,51_0_0_20170109141145066.jpg,test
51,0,51_1_0_20170117190830626.jpg,test
51,0,51_0_0_20170120222842138.jpg,test
51,0,51_1_0_20170117160813103.jpg,test
51,0,51_1_0_20170109010116440.jpg,test
84,0,84_1_0_20170110160644158.jpg,test
84,0,84_1_0_20170120230246475.jpg,test
84,0,84_1_0_20170120225434057.jpg,test
84,0,84_1_0_20170120223843966.jpg,test
84,0,84_1_0_20170120225946337.jpg,test
84,0,84_1_0_20170120230452282.jpg,test
84,0,84_1_0_20170120225859818.jpg,test
84,0,84_1_0_20170120230440130.jpg,test
84,0,84_1_0_20170120225014112.jpg,test
84,0,84_1_0_20170109150838156.jpg,test
2,0,2_0_0_20170109190947004.jpg,test
2,0,2_0_0_20170110213227212.jpg,test
2,0,2_1_0_20161219154620268.jpg,test
2,0,2_1_0_20170109191311166.jpg,test
2,0,2_1_0_20170109190758562.jpg,test
2,0,2_1_0_20170103212046708.jpg,test
2,0,2_1_0_20161219154458917.jpg,test
2,0,2_0_0_20161219163848775.jpg,test
2,0,2_1_0_20170109191758501.jpg,test
2,0,2_0_0_20170109194439365.jpg,test
61,0,61_0_0_20170105173647189.jpg,test
61,0,61_0_0_20170117192036844.jpg,test
61,0,61_0_0_20170120225230386.jpg,test
61,0,61_0_0_20170117185746790.jpg,test
61,0,61_0_0_20170113210126560.jpg,test
61,0,61_0_0_20170117174451974.jpg,test
61,0,61_0_0_20170111222237144.jpg,test
61,0,61_0_0_20170117192056602.jpg,test
61,0,61_1_0_20170117001346239.jpg,test
61,0,61_0_0_20170116235403701.jpg,test
59,0,59_0_0_20170104213214717.jpg,test
59,0,59_0_0_20170120223101163.jpg,test
59,0,59_0_0_20170104210317787.jpg,test
59,0,59_0_0_20170111195403793.jpg,test
59,0,59_1_0_20170110141603824.jpg,test
59,0,59_1_0_20170110141623496.jpg,test
59,0,59_0_0_20170111203739692.jpg,test
59,0,59_0_0_20170117185053635.jpg,test
59,0,59_0_0_20170104212718142.jpg,test
59,0,59_0_0_20170111171747533.jpg,test
13,0,13_1_0_20170109205237062.jpg,test
13,0,13_0_0_20170110225428740.jpg,test
13,0,13_1_0_20170109205049477.jpg,test
13,0,13_1_0_20170109204128684.jpg,test
13,0,13_0_0_20170110225447389.jpg,test
13,0,13_0_0_20170110225045970.jpg,test
13,0,13_0_0_20170103201032542.jpg,test
13,0,13_1_0_20170110224453650.jpg,test
13,0,13_1_0_20170109204055232.jpg,test
13,0,13_1_0_20170109205119953.jpg,test
46,0,46_0_0_20170104205749003.jpg,test
46,0,46_1_0_20170104235246210.jpg,test
46,0,46_1_0_20170120133524101.jpg,test
46,0,46_1_0_20170109004644302.jpg,test
46,0,46_0_0_20170113181514861.jpg,test
46,0,46_1_0_20170110160643141.jpg,test
46,0,46_0_0_20170119204818695.jpg,test
46,0,46_0_0_20170104183946093.jpg,test
46,0,46_0_0_20170113185333766.jpg,test
46,0,46_1_0_20170110154306423.jpg,test
43,0,43_0_0_20170112220318448.jpg,test
43,0,43_0_0_20170104205923244.jpg,test
43,0,43_0_0_20170104181239741.jpg,test
43,0,43_0_0_20170117155014385.jpg,test
43,0,43_0_0_20170104205227123.jpg,test
43,0,43_0_0_20170117171851443.jpg,test
43,0,43_0_0_20170117185831058.jpg,test
43,0,43_0_0_20170117153817367.jpg,test
43,0,43_0_0_20170117155057555.jpg,test
43,0,43_0_0_20170113181351741.jpg,test
63,0,63_0_0_20170111201901467.jpg,test
63,0,63_0_0_20170117161116206.jpg,test
63,0,63_0_0_20170104213058630.jpg,test
63,0,63_0_0_20170117194914689.jpg,test
63,0,63_0_0_20170111171747607.jpg,test
63,0,63_0_0_20170113173302611.jpg,test
63,0,63_1_0_20170109221021608.jpg,test
63,0,63_1_0_20170117175354308.jpg,test
63,0,63_1_0_20170110120814684.jpg,test
63,0,63_0_0_20170111193827549.jpg,test
44,0,44_1_0_20170109013358609.jpg,test
44,0,44_0_0_20170120220042234.jpg,test
44,0,44_0_0_20170104205257195.jpg,test
44,0,44_1_0_20170105001250091.jpg,test
44,0,44_1_0_20170116222639625.jpg,test
44,0,44_0_0_20170117135644544.jpg,test
44,0,44_0_0_20170117003404757.jpg,test
44,0,44_0_0_20170116222018302.jpg,test
44,0,44_1_0_20170108225950714.jpg,test
44,0,44_0_0_20170104210247572.jpg,test
90,0,90_0_0_20170117174931541.jpg,test
90,0,90_0_0_20170120222443834.jpg,test
90,0,90_1_0_20170120221911645.jpg,test
90,0,90_1_0_20170110182910242.jpg,test
90,0,90_1_0_20170110180516399.jpg,test
90,0,90_0_0_20170111210403969.jpg,test
90,0,90_1_0_20170120225831522.jpg,test
90,0,90_1_0_20170110182008441.jpg,test
90,0,90_1_0_20170120230312163.jpg,test
90,0,90_0_0_20170111210545876.jpg,test
68,0,68_0_0_20170111171747660.jpg,test
68,0,68_0_0_20170117171408597.jpg,test
68,0,68_0_0_20170119212026025.jpg,test
68,0,68_0_0_20170111200435940.jpg,test
68,0,68_1_0_20170110175311202.jpg,test
68,0,68_1_0_20170110125344328.jpg,test
68,0,68_0_0_20170117184556032.jpg,test
68,0,68_0_0_20170113185525480.jpg,test
68,0,68_0_0_20170111204848471.jpg,test
68,0,68_1_0_20170103184201412.jpg,test
62,0,62_1_0_20170110141021529.jpg,test
62,0,62_0_0_20170111171747595.jpg,test
62,0,62_1_0_20170110133917734.jpg,test
62,0,62_0_0_20170117192210458.jpg,test
62,0,62_1_0_20170110175833643.jpg,test
62,0,62_0_0_20170104213020629.jpg,test
62,0,62_0_0_20170104185409782.jpg,test
62,0,62_0_0_20170120224623104.jpg,test
62,0,62_1_0_20170110183746742.jpg,test
62,0,62_1_0_20170110140404141.jpg,test
11,0,11_0_0_20170110220710576.jpg,test
11,0,11_1_0_20170109203400684.jpg,test
11,0,11_0_0_20170110232511893.jpg,test
11,0,11_1_0_20170109205211093.jpg,test
11,0,11_0_0_20170110224742037.jpg,test
11,0,11_1_0_20170109205247087.jpg,test
11,0,11_1_0_20170109205216790.jpg,test
11,0,11_0_0_20170110220453002.jpg,test
11,0,11_0_0_20170110224408700.jpg,test
11,0,11_1_0_20170117133441179.jpg,test
64,0,64_0_0_20170120223401173.jpg,test
64,0,64_1_0_20170110131701333.jpg,test
64,0,64_1_0_20170110141132057.jpg,test
64,0,64_0_0_20170109015541505.jpg,test
64,0,64_1_0_20170104171502307.jpg,test
64,0,64_1_0_20170110152936764.jpg,test
64,0,64_0_0_20170107214238619.jpg,test
64,0,64_0_0_20170111204901624.jpg,test
64,0,64_0_0_20170111204813415.jpg,test
64,0,64_0_0_20170117155544840.jpg,test
86,0,86_1_0_20170110153717173.jpg,test
86,0,86_1_0_20170110183609068.jpg,test
86,0,86_0_0_20170111222700442.jpg,test
86,0,86_1_0_20170110183800477.jpg,test
86,0,86_1_0_20170109150945088.jpg,test
86,0,86_0_0_20170111205938881.jpg,test
86,0,86_0_0_20170111210655997.jpg,test
86,0,86_1_0_20170110180113129.jpg,test
86,0,86_1_0_20170110183850108.jpg,test
86,0,86_1_0_20170110183616456.jpg,test
78,0,78_0_0_20170120224525249.jpg,test
78,0,78_1_0_20170120230523930.jpg,test
78,0,78_0_0_20170111222249342.jpg,test
78,0,78_0_0_20170111222529376.jpg,test
78,0,78_0_0_20170111221844550.jpg,test
78,0,78_0_0_20170117184536534.jpg,test
78,0,78_0_0_20170120225718369.jpg,test
78,0,78_0_0_20170111221952212.jpg,test
78,0,78_0_0_20170111222400611.jpg,test
78,0,78_0_0_20170111223832508.jpg,test
82,0,82_1_0_20170120225739329.jpg,test
82,0,82_0_0_20170111210217828.jpg,test
82,0,82_0_0_20170111211328431.jpg,test
82,0,82_0_0_20170111210717906.jpg,test
82,0,82_0_0_20170111222354407.jpg,test
82,0,82_1_0_20170110132435984.jpg,test
82,0,82_1_0_20170110141214048.jpg,test
82,0,82_0_0_20170111210449740.jpg,test
82,0,82_1_0_20170120133752406.jpg,test
82,0,82_1_0_20170120134927295.jpg,test
115,0,115_1_0_20170120134725990.jpg,test
115,0,115_1_0_20170120134725991.jpg,test
5,0,5_1_0_20170109194115394.jpg,test
5,0,5_1_0_20170117140150663.jpg,test
5,0,5_1_0_20170109194215705.jpg,test
5,0,5_0_0_20170110212657381.jpg,test
5,0,5_1_0_20170109191938064.jpg,test
5,0,5_1_0_20170109193659649.jpg,test
5,0,5_1_0_20170109192440854.jpg,test
5,0,5_0_0_20170110215925587.jpg,test
5,0,5_1_0_20170109193010080.jpg,test
5,0,5_0_0_20170110213149382.jpg,test
38,0,38_0_0_20170117141721964.jpg,test
38,0,38_1_0_20170104184650846.jpg,test
38,0,38_0_0_20170117175858084.jpg,test
38,0,38_0_0_20170116193939412.jpg,test
38,0,38_0_0_20170117173903278.jpg,test
38,0,38_1_0_20170116021831453.jpg,test
38,0,38_0_0_20170117184826871.jpg,test
38,0,38_1_0_20170104171602219.jpg,test
38,0,38_1_0_20170103184101115.jpg,test
38,0,38_0_0_20170103183142330.jpg,test
88,0,88_0_0_20170113185121024.jpg,test
88,0,88_1_0_20170110183050254.jpg,test
88,0,88_1_0_20170110183140329.jpg,test
88,0,88_1_0_20170105174941006.jpg,test
88,0,88_1_0_20170110183542726.jpg,test
88,0,88_1_0_20170110183704246.jpg,test
88,0,88_0_0_20170111221728805.jpg,test
88,0,88_1_0_20170120230330380.jpg,test
88,0,88_1_0_20170110132552849.jpg,test
88,0,88_0_0_20170111222657241.jpg,test
99,0,99_1_0_20170110182052119.jpg,test
99,0,99_1_0_20170120133837030.jpg,test
99,0,99_0_0_20170117195137161.jpg,test
99,0,99_1_0_20170113013141679.jpg,test
99,0,99_1_0_20170120134718759.jpg,test
99,0,99_1_0_20170120221920654.jpg,test
71,0,71_0_0_20170111222535839.jpg,test
71,0,71_1_0_20170110160644048.jpg,test
71,0,71_1_0_20170110152341109.jpg,test
71,0,71_1_0_20170110131635408.jpg,test
71,0,71_1_0_20170110181725541.jpg,test
71,0,71_1_0_20170117194649889.jpg,test
71,0,71_0_0_20170111201937537.jpg,test
71,0,71_0_0_20170120225652609.jpg,test
71,0,71_0_0_20170111195259809.jpg,test
71,0,71_0_0_20170116232642012.jpg,test
19,0,19_0_0_20170113132641873.jpg,test
19,0,19_1_0_20170103201812887.jpg,test
19,0,19_1_0_20170109213228173.jpg,test
19,0,19_1_0_20170116205908124.jpg,test
19,0,19_0_0_20170119150054894.jpg,test
19,0,19_1_0_20170109213247084.jpg,test
19,0,19_0_0_20170102233250652.jpg,test
19,0,19_0_0_20170102233014401.jpg,test
19,0,19_0_0_20170110232102606.jpg,test
19,0,19_0_0_20170103201556447.jpg,test
79,0,79_1_0_20170111201959926.jpg,test
79,0,79_0_0_20170111200506756.jpg,test
79,0,79_0_0_20170111223823788.jpg,test
79,0,79_1_0_20170120225803298.jpg,test
79,0,79_0_0_20170111210813495.jpg,test
79,0,79_1_0_20170120225812145.jpg,test
79,0,79_1_0_20170110141543912.jpg,test
79,0,79_1_0_20170120225840978.jpg,test
79,0,79_0_0_20170111222349717.jpg,test
79,0,79_1_0_20170110122630590.jpg,test
77,0,77_1_0_20170110140643082.jpg,test
77,0,77_0_0_20170109015126245.jpg,test
77,0,77_1_0_20170110183741484.jpg,test
77,0,77_1_0_20170110180511080.jpg,test
77,0,77_1_0_20170110132442352.jpg,test
77,0,77_1_0_20170113002117891.jpg,test
77,0,77_1_0_20170110160644117.jpg,test
77,0,77_0_0_20170111222408207.jpg,test
77,0,77_0_0_20170111211341479.jpg,test
77,0,77_1_0_20170110122639530.jpg,test
105,0,105_1_0_20170112213021902.jpg,test
105,0,105_1_0_20170112213507183.jpg,test
105,0,105_1_0_20170112213001988.jpg,test
105,0,105_0_0_20170112213001988.jpg,test
87,0,87_1_0_20170110183746742.jpg,test
87,0,87_1_0_20170120230110328.jpg,test
87,0,87_1_0_20170110181045529.jpg,test
87,0,87_0_0_20170110183538244.jpg,test
87,0,87_1_0_20170120225808097.jpg,test
87,0,87_0_0_20170120230518577.jpg,test
87,0,87_1_0_20170120224714735.jpg,test
87,0,87_0_0_20170111222120006.jpg,test
92,0,92_1_0_20170110182402526.jpg,test
92,0,92_1_0_20170110182830022.jpg,test
92,0,92_1_0_20170110183055235.jpg,test
92,0,92_1_0_20170110183501116.jpg,test
92,0,92_1_0_20170110133307879.jpg,test
92,0,92_0_0_20170111223719595.jpg,test
92,0,92_1_0_20170110182333823.jpg,test
92,0,92_1_0_20170110183357210.jpg,test
92,0,92_1_0_20170110175809576.jpg,test
89,0,89_1_0_20170120230445570.jpg,test
89,0,89_1_0_20170120134913783.jpg,test
89,0,89_1_0_20170120225539994.jpg,test
89,0,89_1_0_20170110183446677.jpg,test
89,0,89_1_0_20170120221950480.jpg,test
89,0,89_1_0_20170110184022572.jpg,test
89,0,89_1_0_20170110183810930.jpg,test
89,0,89_1_0_20170120225533673.jpg,test
89,0,89_1_0_20170110182452888.jpg,test
89,0,89_1_0_20170120230308115.jpg,test
95,0,95_1_0_20170120230322267.jpg,test
95,0,95_1_0_20170117174948948.jpg,test
95,0,95_1_0_20170110161313778.jpg,test
95,0,95_1_0_20170120140026048.jpg,test
95,0,95_1_0_20170110175711811.jpg,test
95,0,95_1_0_20170110182409918.jpg,test
95,0,95_1_0_20170120230149594.jpg,test
83,0,83_1_0_20170120230224530.jpg,test
83,0,83_1_0_20170120230355596.jpg,test
83,0,83_0_0_20170120230512130.jpg,test
83,0,83_0_0_20170120225615281.jpg,test
83,0,83_1_0_20170110131402507.jpg,test
83,0,83_1_0_20170120230456826.jpg,test
83,0,83_1_0_20170120224721561.jpg,test
83,0,83_1_0_20170120225627516.jpg,test
83,0,83_0_0_20170111211106903.jpg,test
83,0,83_1_0_20170110181333958.jpg,test
116,0,116_1_0_20170120134921760.jpg,test
116,0,116_1_0_20170112213001988.jpg,test
110,0,110_0_0_20170112213500903.jpg,test
110,0,110_1_0_20170120134701015.jpg,test
100,0,100_1_0_20170117195420803.jpg,test
100,0,100_1_0_20170112215032192.jpg,test
100,0,100_1_0_20170112213303693.jpg,test
100,0,100_0_0_20170112215240346.jpg,test
100,0,100_1_0_20170110183726390.jpg,test
100,0,100_0_0_20170112213500903.jpg,test
100,0,100_1_0_20170119212053665.jpg,test
100,0,100_1_0_20170112213001988.jpg,test
93,0,93_1_0_20170110141221528.jpg,test
93,0,93_1_0_20170120225304313.jpg,test
93,0,93_1_0_20170110182437844.jpg,test
93,0,93_1_0_20170120225257592.jpg,test
101,0,101_0_0_20170112213500903.jpg,test
111,0,111_1_0_20170120134646399.jpg,test
1,3,1_1_3_20161219225259040.jpg,test
1,3,1_0_3_20161220221723490.jpg,test
1,3,1_1_3_20161219230719040.jpg,test
1,3,1_1_3_20161220145435951.jpg,test
1,3,1_0_3_20161219230651432.jpg,test
1,3,1_1_3_20161220143404575.jpg,test
1,3,1_1_3_20161220220521921.jpg,test
1,3,1_0_3_20161219225445327.jpg,test
1,3,1_0_3_20161220220110553.jpg,test
1,3,1_0_3_20161220144835319.jpg,test
61,3,61_0_3_20170119211835296.jpg,test
61,3,61_1_3_20170119211903336.jpg,test
61,3,61_0_3_20170105180813046.jpg,test
61,3,61_1_3_20170112231727406.jpg,test
61,3,61_0_3_20170119211816513.jpg,test
61,3,61_0_3_20170109015533502.jpg,test
61,3,61_0_3_20170119211812241.jpg,test
61,3,61_0_3_20170104210003146.jpg,test
61,3,61_0_3_20170109150814971.jpg,test
61,3,61_1_3_20170105001450436.jpg,test
23,3,23_1_3_20170119164457312.jpg,test
23,3,23_1_3_20170119155754275.jpg,test
23,3,23_1_3_20170104222242439.jpg,test
23,3,23_1_3_20170119164557957.jpg,test
23,3,23_1_3_20170119164555733.jpg,test
23,3,23_1_3_20170119164559398.jpg,test
23,3,23_1_3_20170104231559289.jpg,test
23,3,23_1_3_20170104223556664.jpg,test
23,3,23_0_3_20170119164352326.jpg,test
23,3,23_0_3_20170104230132313.jpg,test
31,3,31_0_3_20170104232701442.jpg,test
31,3,31_0_3_20170104230610969.jpg,test
31,3,31_1_3_20170119200200605.jpg,test
31,3,31_1_3_20170104220156327.jpg,test
31,3,31_0_3_20170119200052268.jpg,test
31,3,31_1_3_20170117164736883.jpg,test
31,3,31_0_3_20170119195937091.jpg,test
31,3,31_1_3_20170104235836460.jpg,test
31,3,31_0_3_20170119195953620.jpg,test
31,3,31_1_3_20170109134554005.jpg,test
52,3,52_0_3_20170119205717649.jpg,test
52,3,52_0_3_20170109140934624.jpg,test
52,3,52_0_3_20170119181010188.jpg,test
52,3,52_0_3_20170119205712208.jpg,test
52,3,52_1_3_20170109133955934.jpg,test
52,3,52_0_3_20170119205647136.jpg,test
52,3,52_0_3_20170104220829094.jpg,test
52,3,52_0_3_20170119205650336.jpg,test
52,3,52_0_3_20170104220727902.jpg,test
52,3,52_0_3_20170119205638160.jpg,test
63,3,63_0_3_20170119212005016.jpg,test
63,3,63_1_3_20170117143046787.jpg,test
63,3,63_0_3_20170119211934680.jpg,test
63,3,63_0_3_20170105180903541.jpg,test
63,3,63_1_3_20170109134308184.jpg,test
63,3,63_0_3_20170117195002527.jpg,test
63,3,63_0_3_20170119211953569.jpg,test
63,3,63_0_3_20170105180931239.jpg,test
63,3,63_0_3_20170119205921327.jpg,test
63,3,63_0_3_20170119211951488.jpg,test
10,3,10_0_3_20161220215952636.jpg,test
10,3,10_1_3_20170104221645430.jpg,test
10,3,10_0_3_20170105175322885.jpg,test
10,3,10_1_3_20170104221711437.jpg,test
10,3,10_1_3_20170109205323078.jpg,test
10,3,10_1_3_20170119150820222.jpg,test
10,3,10_0_3_20170104225233504.jpg,test
10,3,10_1_3_20170109203848078.jpg,test
10,3,10_0_3_20170104225238736.jpg,test
10,3,10_1_3_20170104221633430.jpg,test
65,3,65_0_3_20170119210138599.jpg,test
65,3,65_0_3_20170117143046787.jpg,test
65,3,65_0_3_20170117191735066.jpg,test
65,3,65_0_3_20170109143021566.jpg,test
65,3,65_0_3_20170119205222598.jpg,test
65,3,65_0_3_20170119205841400.jpg,test
65,3,65_0_3_20170117161025414.jpg,test
65,3,65_0_3_20170104215624533.jpg,test
65,3,65_0_3_20170119171819688.jpg,test
65,3,65_0_3_20170119164246893.jpg,test
28,3,28_1_3_20170119195103018.jpg,test
28,3,28_0_3_20170119194504450.jpg,test
28,3,28_0_3_20170104215616229.jpg,test
28,3,28_0_3_20170119162759516.jpg,test
28,3,28_0_3_20170119164321820.jpg,test
28,3,28_1_3_20170104231509930.jpg,test
28,3,28_0_3_20170119194554827.jpg,test
28,3,28_0_3_20170117180210549.jpg,test
28,3,28_1_3_20170104231433217.jpg,test
28,3,28_1_3_20170104231422265.jpg,test
36,3,36_0_3_20170119183315430.jpg,test
36,3,36_0_3_20170119150712949.jpg,test
36,3,36_0_3_20170119194621194.jpg,test
36,3,36_0_3_20170119194325042.jpg,test
36,3,36_0_3_20170116024311670.jpg,test
36,3,36_0_3_20170104235715835.jpg,test
36,3,36_1_3_20170119183119334.jpg,test
36,3,36_0_3_20170117135513053.jpg,test
36,3,36_0_3_20170105180749864.jpg,test
36,3,36_0_3_20170104220656317.jpg,test
48,3,48_1_3_20170109132358247.jpg,test
48,3,48_0_3_20170119205339015.jpg,test
48,3,48_0_3_20170119205336640.jpg,test
48,3,48_0_3_20170119193054233.jpg,test
48,3,48_0_3_20170119205259311.jpg,test
48,3,48_0_3_20170119205407566.jpg,test
48,3,48_0_3_20170119201847821.jpg,test
48,3,48_0_3_20170105180807302.jpg,test
48,3,48_1_3_20170104220351694.jpg,test
48,3,48_0_3_20170119200357284.jpg,test
26,3,26_1_3_20170119192405417.jpg,test
26,3,26_0_3_20170119180249843.jpg,test
26,3,26_1_3_20170104232333226.jpg,test
26,3,26_0_3_20170119183421709.jpg,test
26,3,26_1_3_20170119193123985.jpg,test
26,3,26_1_3_20170104235148954.jpg,test
26,3,26_0_3_20170117153142796.jpg,test
26,3,26_0_3_20170119180458307.jpg,test
26,3,26_1_3_20170119155612442.jpg,test
26,3,26_0_3_20170104230305945.jpg,test
20,3,20_1_3_20170104231536521.jpg,test
20,3,20_0_3_20170119152855024.jpg,test
20,3,20_1_3_20170104222021392.jpg,test
20,3,20_1_3_20170104222022391.jpg,test
20,3,20_1_3_20170119153820321.jpg,test
20,3,20_0_3_20170113133050904.jpg,test
20,3,20_1_3_20170104233643891.jpg,test
20,3,20_1_3_20170117141155272.jpg,test
20,3,20_0_3_20170119151303902.jpg,test
20,3,20_1_3_20170119153422217.jpg,test
50,3,50_0_3_20170119205546104.jpg,test
50,3,50_0_3_20170119204225095.jpg,test
50,3,50_0_3_20170119205421127.jpg,test
50,3,50_1_3_20170109141335415.jpg,test
50,3,50_0_3_20170119183204846.jpg,test
50,3,50_0_3_20170119204324047.jpg,test
50,3,50_0_3_20170119204422855.jpg,test
50,3,50_0_3_20170117121752435.jpg,test
50,3,50_0_3_20170111222312455.jpg,test
50,3,50_0_3_20170119195739498.jpg,test
3,3,3_0_3_20161219230515152.jpg,test
3,3,3_1_3_20161219230121032.jpg,test
3,3,3_1_3_20161220220451762.jpg,test
3,3,3_1_3_20161220220619722.jpg,test
3,3,3_1_3_20161219230106056.jpg,test
3,3,3_1_3_20161219225423312.jpg,test
3,3,3_1_3_20161220220351161.jpg,test
3,3,3_0_3_20161220145012367.jpg,test
3,3,3_0_3_20161220145007862.jpg,test
3,3,3_1_3_20161219230123328.jpg,test
7,3,7_1_3_20161220222848259.jpg,test
7,3,7_0_3_20170119144311624.jpg,test
7,3,7_1_3_20161220222033539.jpg,test
7,3,7_1_3_20170104222541621.jpg,test
7,3,7_1_3_20161220222849971.jpg,test
7,3,7_1_3_20170104223307815.jpg,test
7,3,7_1_3_20161219225222280.jpg,test
7,3,7_1_3_20170104221740399.jpg,test
7,3,7_1_3_20161220221712842.jpg,test
7,3,7_1_3_20161220222847210.jpg,test
30,3,30_1_3_20170119163739022.jpg,test
30,3,30_0_3_20170117181147603.jpg,test
30,3,30_0_3_20170119144749349.jpg,test
30,3,30_0_3_20170119195741363.jpg,test
30,3,30_0_3_20170119151354302.jpg,test
30,3,30_1_3_20170119195851939.jpg,test
30,3,30_0_3_20170119195732475.jpg,test
30,3,30_1_3_20170119195840428.jpg,test
30,3,30_1_3_20170104223316975.jpg,test
30,3,30_1_3_20170104231929137.jpg,test
8,3,8_1_3_20170104222709156.jpg,test
8,3,8_0_3_20170117133146996.jpg,test
8,3,8_1_3_20170104221730663.jpg,test
8,3,8_0_3_20161220222824203.jpg,test
8,3,8_1_3_20161220222819947.jpg,test
8,3,8_1_3_20170104222252734.jpg,test
8,3,8_1_3_20161220220233122.jpg,test
8,3,8_1_3_20161220220229729.jpg,test
8,3,8_0_3_20170104225706490.jpg,test
8,3,8_1_3_20161220222527146.jpg,test
56,3,56_0_3_20170119192008015.jpg,test
56,3,56_0_3_20170119180916188.jpg,test
56,3,56_0_3_20170105180725694.jpg,test
56,3,56_1_3_20170109133800445.jpg,test
56,3,56_0_3_20170119211644664.jpg,test
56,3,56_0_3_20170113182258142.jpg,test
56,3,56_1_3_20170109132927258.jpg,test
56,3,56_0_3_20170104232205049.jpg,test
56,3,56_0_3_20170113190509801.jpg,test
56,3,56_1_3_20170109142228705.jpg,test
4,3,4_0_3_20161220222705570.jpg,test
4,3,4_1_3_20161220220055698.jpg,test
4,3,4_1_3_20161219224833967.jpg,test
4,3,4_0_3_20170119180525502.jpg,test
4,3,4_0_3_20161220145136351.jpg,test
4,3,4_1_3_20161220222145586.jpg,test
4,3,4_0_3_20170119150403983.jpg,test
4,3,4_0_3_20161220145148791.jpg,test
4,3,4_1_3_20161220145749167.jpg,test
4,3,4_0_3_20161219230501650.jpg,test
42,3,42_0_3_20170119204424727.jpg,test
42,3,42_0_3_20170113183757104.jpg,test
42,3,42_0_3_20170117133729763.jpg,test
42,3,42_0_3_20170119160350227.jpg,test
42,3,42_0_3_20170104210357420.jpg,test
42,3,42_0_3_20170117154758183.jpg,test
42,3,42_1_3_20170119163800509.jpg,test
42,3,42_0_3_20170119204239438.jpg,test
42,3,42_0_3_20170105175336870.jpg,test
42,3,42_0_3_20170119204431257.jpg,test
45,3,45_1_3_20170117194826185.jpg,test
45,3,45_0_3_20170119184144631.jpg,test
45,3,45_0_3_20170119184244311.jpg,test
45,3,45_0_3_20170119202002019.jpg,test
45,3,45_0_3_20170119203905073.jpg,test
45,3,45_0_3_20170112215026424.jpg,test
45,3,45_0_3_20170119195659219.jpg,test
45,3,45_0_3_20170119144853174.jpg,test
45,3,45_0_3_20170119204728031.jpg,test
45,3,45_0_3_20170119183704615.jpg,test
21,3,21_1_3_20170117193843284.jpg,test
21,3,21_0_3_20170104225826937.jpg,test
21,3,21_0_3_20170119154046385.jpg,test
21,3,21_1_3_20170104222118687.jpg,test
21,3,21_1_3_20170104222120446.jpg,test
21,3,21_1_3_20170104222758121.jpg,test
21,3,21_1_3_20170104231627770.jpg,test
21,3,21_0_3_20170119154249810.jpg,test
21,3,21_1_3_20170119155651002.jpg,test
21,3,21_1_3_20170119154311378.jpg,test
41,3,41_0_3_20170119181048675.jpg,test
41,3,41_0_3_20170119143544485.jpg,test
41,3,41_0_3_20170119162741678.jpg,test
41,3,41_0_3_20170119204235487.jpg,test
41,3,41_1_3_20170104235812019.jpg,test
41,3,41_0_3_20170119211820393.jpg,test
41,3,41_0_3_20170109140906863.jpg,test
41,3,41_0_3_20170119171546296.jpg,test
41,3,41_0_3_20170119204219798.jpg,test
41,3,41_0_3_20170104201116162.jpg,test
34,3,34_0_3_20170119160235323.jpg,test
34,3,34_1_3_20170119155627753.jpg,test
34,3,34_0_3_20170119200820284.jpg,test
34,3,34_0_3_20170119165802654.jpg,test
34,3,34_1_3_20170104220713478.jpg,test
34,3,34_0_3_20170119171715544.jpg,test
34,3,34_0_3_20170119200600229.jpg,test
34,3,34_0_3_20170119200547004.jpg,test
34,3,34_0_3_20170119162704132.jpg,test
34,3,34_0_3_20170119194724475.jpg,test
55,3,55_0_3_20170117155001317.jpg,test
55,3,55_0_3_20170119183211767.jpg,test
55,3,55_1_3_20170119175053900.jpg,test
55,3,55_0_3_20170119180718883.jpg,test
55,3,55_1_3_20170109142107754.jpg,test
55,3,55_0_3_20170119181138452.jpg,test
55,3,55_0_3_20170119171327855.jpg,test
55,3,55_1_3_20170117153430708.jpg,test
55,3,55_0_3_20170119202724469.jpg,test
55,3,55_1_3_20170119200044963.jpg,test
29,3,29_0_3_20170117180739306.jpg,test
29,3,29_0_3_20170119195310340.jpg,test
29,3,29_0_3_20170119152247249.jpg,test
29,3,29_1_3_20170119195529348.jpg,test
29,3,29_1_3_20170119152650912.jpg,test
29,3,29_1_3_20170104222730103.jpg,test
29,3,29_1_3_20170104232524938.jpg,test
29,3,29_0_3_20170119195259338.jpg,test
29,3,29_1_3_20170104234632266.jpg,test
29,3,29_1_3_20170104232728113.jpg,test
25,3,25_0_3_20170119171303424.jpg,test
25,3,25_1_3_20170119172144676.jpg,test
25,3,25_0_3_20170104214432805.jpg,test
25,3,25_0_3_20170117141539041.jpg,test
25,3,25_0_3_20170117135721856.jpg,test
25,3,25_1_3_20170104232048826.jpg,test
25,3,25_1_3_20170104231514978.jpg,test
25,3,25_1_3_20170117185558985.jpg,test
25,3,25_0_3_20170119153857705.jpg,test
25,3,25_1_3_20170104232101034.jpg,test
24,3,24_1_3_20170119152515392.jpg,test
24,3,24_0_3_20170104214521685.jpg,test
24,3,24_0_3_20170119150342598.jpg,test
24,3,24_0_3_20170104230213449.jpg,test
24,3,24_1_3_20170119165945055.jpg,test
24,3,24_1_3_20170104231931545.jpg,test
24,3,24_1_3_20170119171011143.jpg,test
24,3,24_0_3_20170117150546627.jpg,test
24,3,24_1_3_20170119171022544.jpg,test
24,3,24_1_3_20170104215731414.jpg,test
27,3,27_0_3_20170119193403898.jpg,test
27,3,27_0_3_20170119152415944.jpg,test
27,3,27_1_3_20170119163731380.jpg,test
27,3,27_1_3_20170117191505796.jpg,test
27,3,27_0_3_20170119193400258.jpg,test
27,3,27_0_3_20170119164157678.jpg,test
27,3,27_0_3_20170119193230738.jpg,test
27,3,27_1_3_20170104223505487.jpg,test
27,3,27_0_3_20170119211454145.jpg,test
27,3,27_0_3_20170119193214716.jpg,test
32,3,32_0_3_20170104201821698.jpg,test
32,3,32_1_3_20170104235603636.jpg,test
32,3,32_1_3_20170104232404770.jpg,test
32,3,32_1_3_20170104235736013.jpg,test
32,3,32_0_3_20170119200204548.jpg,test
32,3,32_0_3_20170119200203836.jpg,test
32,3,32_0_3_20170119200253810.jpg,test
32,3,32_1_3_20170109140230761.jpg,test
32,3,32_0_3_20170119160307619.jpg,test
32,3,32_0_3_20170119200231708.jpg,test
13,3,13_1_3_20170109205242338.jpg,test
13,3,13_1_3_20170109213029072.jpg,test
13,3,13_1_3_20170117181350659.jpg,test
13,3,13_0_3_20170119153840721.jpg,test
13,3,13_0_3_20170110232628896.jpg,test
18,3,18_1_3_20170109214031495.jpg,test
18,3,18_1_3_20170109213144758.jpg,test
18,3,18_1_3_20170104214217685.jpg,test
18,3,18_1_3_20170119155644533.jpg,test
18,3,18_1_3_20170117135716054.jpg,test
18,3,18_0_3_20170104225809521.jpg,test
18,3,18_1_3_20170104221918414.jpg,test
18,3,18_0_3_20170119151213151.jpg,test
18,3,18_0_3_20170117135605224.jpg,test
18,3,18_0_3_20170104225820545.jpg,test
54,3,54_0_3_20170104183448533.jpg,test
54,3,54_0_3_20170119210218868.jpg,test
54,3,54_1_3_20170119211352971.jpg,test
54,3,54_0_3_20170119210125311.jpg,test
54,3,54_0_3_20170119210212104.jpg,test
54,3,54_1_3_20170119211355210.jpg,test
54,3,54_0_3_20170119200624157.jpg,test
54,3,54_0_3_20170119201754083.jpg,test
54,3,54_1_3_20170117191109210.jpg,test
54,3,54_0_3_20170119210003773.jpg,test
17,3,17_1_3_20170104221822223.jpg,test
17,3,17_0_3_20170104225543888.jpg,test
17,3,17_0_3_20170117152534037.jpg,test
17,3,17_1_3_20170119153627673.jpg,test
17,3,17_0_3_20161219224759672.jpg,test
17,3,17_1_3_20170104221735351.jpg,test
17,3,17_0_3_20170104225734512.jpg,test
17,3,17_1_3_20170104223349358.jpg,test
17,3,17_1_3_20170104222038870.jpg,test
17,3,17_1_3_20170104222027959.jpg,test
85,3,85_1_3_20170110181547340.jpg,test
85,3,85_1_3_20170110183438488.jpg,test
85,3,85_1_3_20170110183506044.jpg,test
85,3,85_1_3_20170110183946188.jpg,test
85,3,85_1_3_20170110183103000.jpg,test
85,3,85_1_3_20170110181638147.jpg,test
14,3,14_0_3_20170117181642515.jpg,test
14,3,14_1_3_20170104221658783.jpg,test
14,3,14_0_3_20170109131758363.jpg,test
14,3,14_0_3_20170104225721488.jpg,test
14,3,14_1_3_20170104221756497.jpg,test
14,3,14_0_3_20170104225858160.jpg,test
14,3,14_1_3_20170104221807127.jpg,test
14,3,14_1_3_20170104221818294.jpg,test
14,3,14_1_3_20170104222437734.jpg,test
14,3,14_0_3_20170104225245755.jpg,test
57,3,57_0_3_20170119211315720.jpg,test
57,3,57_1_3_20170104234847956.jpg,test
57,3,57_0_3_20170117172459410.jpg,test
57,3,57_0_3_20170119181114683.jpg,test
57,3,57_0_3_20170104212938069.jpg,test
57,3,57_0_3_20170119201739436.jpg,test
57,3,57_0_3_20170119211457489.jpg,test
57,3,57_0_3_20170119181003564.jpg,test
57,3,57_1_3_20170109141941092.jpg,test
57,3,57_0_3_20170119211458431.jpg,test
40,3,40_1_3_20170117185243863.jpg,test
40,3,40_0_3_20170109003040502.jpg,test
40,3,40_0_3_20170117154907806.jpg,test
40,3,40_0_3_20170119151114678.jpg,test
40,3,40_0_3_20170117133735435.jpg,test
40,3,40_0_3_20170119210206582.jpg,test
40,3,40_0_3_20170117135638072.jpg,test
40,3,40_0_3_20170119211711001.jpg,test
40,3,40_0_3_20170119204114783.jpg,test
40,3,40_0_3_20170117170421496.jpg,test
35,3,35_1_3_20170104232853676.jpg,test
35,3,35_0_3_20170119201257884.jpg,test
35,3,35_0_3_20170119201434358.jpg,test
35,3,35_0_3_20170119191930010.jpg,test
35,3,35_0_3_20170119181325084.jpg,test
35,3,35_0_3_20170119201338805.jpg,test
35,3,35_1_3_20170117154203196.jpg,test
35,3,35_1_3_20170117183037421.jpg,test
35,3,35_0_3_20170104230642411.jpg,test
35,3,35_0_3_20170119201337652.jpg,test
6,3,6_0_3_20161220145338758.jpg,test
6,3,6_1_3_20170104222423463.jpg,test
6,3,6_0_3_20170110213739717.jpg,test
6,3,6_1_3_20161220222431162.jpg,test
6,3,6_0_3_20161220145408151.jpg,test
6,3,6_0_3_20161220145409927.jpg,test
6,3,6_1_3_20161220222405139.jpg,test
6,3,6_0_3_20161220145323231.jpg,test
6,3,6_0_3_20161220222811027.jpg,test
6,3,6_1_3_20161220222516643.jpg,test
60,3,60_0_3_20170119204824288.jpg,test
60,3,60_0_3_20170117155910858.jpg,test
60,3,60_0_3_20170119205525232.jpg,test
60,3,60_0_3_20170119203928983.jpg,test
60,3,60_0_3_20170119205757055.jpg,test
60,3,60_0_3_20170119204356982.jpg,test
60,3,60_0_3_20170119201822925.jpg,test
60,3,60_1_3_20170119205944312.jpg,test
60,3,60_0_3_20170119205318975.jpg,test
60,3,60_0_3_20170119205909616.jpg,test
58,3,58_0_3_20170109140942312.jpg,test
58,3,58_0_3_20170119211538977.jpg,test
58,3,58_0_3_20170119211704736.jpg,test
58,3,58_0_3_20170119211700248.jpg,test
58,3,58_0_3_20170119211659305.jpg,test
58,3,58_0_3_20170119211542128.jpg,test
58,3,58_0_3_20170119211559343.jpg,test
58,3,58_1_3_20170109140246682.jpg,test
58,3,58_0_3_20170119211657945.jpg,test
58,3,58_0_3_20170109142236643.jpg,test
47,3,47_0_3_20170116184916978.jpg,test
47,3,47_0_3_20170119205127722.jpg,test
47,3,47_1_3_20170119200858036.jpg,test
47,3,47_1_3_20170119205256352.jpg,test
47,3,47_0_3_20170119205128991.jpg,test
47,3,47_0_3_20170116025923457.jpg,test
47,3,47_0_3_20170119205156254.jpg,test
47,3,47_0_3_20170119202114397.jpg,test
47,3,47_0_3_20170119175043787.jpg,test
47,3,47_1_3_20170119202206348.jpg,test
43,3,43_0_3_20170119180612748.jpg,test
43,3,43_0_3_20170119204002380.jpg,test
43,3,43_0_3_20170119202025045.jpg,test
43,3,43_0_3_20170104204432075.jpg,test
43,3,43_1_3_20170119193027273.jpg,test
43,3,43_0_3_20170117000751907.jpg,test
43,3,43_0_3_20170109015557169.jpg,test
43,3,43_0_3_20170119204551990.jpg,test
43,3,43_0_3_20170119180619699.jpg,test
43,3,43_0_3_20170112220309502.jpg,test
33,3,33_1_3_20170104232111402.jpg,test
33,3,33_1_3_20170104223525079.jpg,test
33,3,33_0_3_20170117152711252.jpg,test
33,3,33_0_3_20170117153916421.jpg,test
33,3,33_1_3_20170119200544140.jpg,test
33,3,33_1_3_20170104235523490.jpg,test
33,3,33_0_3_20170117154355516.jpg,test
33,3,33_0_3_20170119200537548.jpg,test
33,3,33_1_3_20170109132139583.jpg,test
33,3,33_1_3_20170119164429486.jpg,test
22,3,22_0_3_20170119162941062.jpg,test
22,3,22_1_3_20170104222853135.jpg,test
22,3,22_1_3_20170119163326293.jpg,test
22,3,22_1_3_20170105002128188.jpg,test
22,3,22_1_3_20170105002553629.jpg,test
22,3,22_0_3_20170119151253871.jpg,test
22,3,22_1_3_20170104232021658.jpg,test
22,3,22_1_3_20170104232533912.jpg,test
22,3,22_1_3_20170117154551789.jpg,test
22,3,22_0_3_20170119202650701.jpg,test
12,3,12_1_3_20161220222343139.jpg,test
12,3,12_1_3_20170117154644725.jpg,test
12,3,12_0_3_20170104225715968.jpg,test
12,3,12_1_3_20170117174916351.jpg,test
12,3,12_1_3_20170117152932909.jpg,test
12,3,12_1_3_20170104221704334.jpg,test
12,3,12_0_3_20170104225802393.jpg,test
12,3,12_1_3_20170104013517483.jpg,test
12,3,12_1_3_20170104223448631.jpg,test
12,3,12_0_3_20170104230255729.jpg,test
38,3,38_1_3_20170119202610221.jpg,test
38,3,38_0_3_20170119202715190.jpg,test
38,3,38_0_3_20170119202726182.jpg,test
38,3,38_1_3_20170105003415085.jpg,test
38,3,38_0_3_20170119155935681.jpg,test
38,3,38_1_3_20170119202605726.jpg,test
38,3,38_1_3_20170104232742666.jpg,test
38,3,38_1_3_20170119202712862.jpg,test
38,3,38_1_3_20170119163208659.jpg,test
38,3,38_1_3_20170104234724459.jpg,test
62,3,62_0_3_20170109015431667.jpg,test
62,3,62_0_3_20170117154850387.jpg,test
62,3,62_0_3_20170104220837477.jpg,test
62,3,62_1_3_20170119211556000.jpg,test
62,3,62_0_3_20170109142504979.jpg,test
62,3,62_1_3_20170109132000815.jpg,test
62,3,62_0_3_20170112205627841.jpg,test
62,3,62_0_3_20170104212109387.jpg,test
62,3,62_0_3_20170111204125673.jpg,test
62,3,62_1_3_20170105000830708.jpg,test
49,3,49_0_3_20170119201615957.jpg,test
49,3,49_1_3_20170109140923740.jpg,test
49,3,49_1_3_20170109132711133.jpg,test
49,3,49_0_3_20170104214709125.jpg,test
49,3,49_0_3_20170109141453135.jpg,test
49,3,49_0_3_20170104220818198.jpg,test
49,3,49_1_3_20170104235844116.jpg,test
49,3,49_0_3_20170119205456552.jpg,test
49,3,49_1_3_20170109142436892.jpg,test
49,3,49_1_3_20170109132625049.jpg,test
72,3,72_0_3_20170109150847004.jpg,test
72,3,72_0_3_20170105180912247.jpg,test
72,3,72_0_3_20170105180648062.jpg,test
72,3,72_1_3_20170104220952910.jpg,test
72,3,72_1_3_20170109142938059.jpg,test
72,3,72_1_3_20170109151014965.jpg,test
37,3,37_0_3_20170119202410749.jpg,test
37,3,37_1_3_20170119202307060.jpg,test
37,3,37_1_3_20170104235755035.jpg,test
37,3,37_0_3_20170119162833204.jpg,test
37,3,37_0_3_20170119164100806.jpg,test
37,3,37_0_3_20170119194814724.jpg,test
37,3,37_0_3_20170119180031371.jpg,test
37,3,37_1_3_20170109132551978.jpg,test
37,3,37_0_3_20170119202516470.jpg,test
37,3,37_0_3_20170119202504438.jpg,test
53,3,53_0_3_20170119205931304.jpg,test
53,3,53_0_3_20170119164025958.jpg,test
53,3,53_0_3_20170119205912343.jpg,test
53,3,53_0_3_20170119212002295.jpg,test
53,3,53_0_3_20170119205751190.jpg,test
53,3,53_0_3_20170119205857264.jpg,test
53,3,53_0_3_20170119205830896.jpg,test
53,3,53_0_3_20170119181123292.jpg,test
53,3,53_0_3_20170112220530017.jpg,test
53,3,53_1_3_20170109141903857.jpg,test
15,3,15_1_3_20170104222618503.jpg,test
15,3,15_0_3_20170104225254497.jpg,test
15,3,15_1_3_20170104221725742.jpg,test
15,3,15_0_3_20170104225525049.jpg,test
15,3,15_0_3_20170104225906465.jpg,test
15,3,15_0_3_20170105183235993.jpg,test
15,3,15_0_3_20170110225627090.jpg,test
15,3,15_0_3_20170104225537649.jpg,test
15,3,15_1_3_20170104222007428.jpg,test
15,3,15_1_3_20170104221933959.jpg,test
51,3,51_0_3_20170119205629231.jpg,test
51,3,51_1_3_20170109132350438.jpg,test
51,3,51_0_3_20170119205626592.jpg,test
51,3,51_1_3_20170104232315523.jpg,test
51,3,51_0_3_20170104220403390.jpg,test
51,3,51_0_3_20170104220749396.jpg,test
51,3,51_1_3_20170105001344652.jpg,test
51,3,51_1_3_20170109142147935.jpg,test
51,3,51_0_3_20170119205630063.jpg,test
51,3,51_1_3_20170109142417013.jpg,test
5,3,5_0_3_20161220222937859.jpg,test
5,3,5_0_3_20170117154544317.jpg,test
5,3,5_0_3_20161220223303987.jpg,test
5,3,5_1_3_20161220145018152.jpg,test
5,3,5_0_3_20161220220613177.jpg,test
5,3,5_1_3_20161219225937112.jpg,test
5,3,5_0_3_20170104225758624.jpg,test
5,3,5_0_3_20161220220614792.jpg,test
5,3,5_1_3_20161220145858719.jpg,test
5,3,5_0_3_20161220223210595.jpg,test
2,3,2_1_3_20161219225825224.jpg,test
2,3,2_1_3_20161219224731392.jpg,test
2,3,2_0_3_20161220145331495.jpg,test
2,3,2_0_3_20161220144721023.jpg,test
2,3,2_1_3_20161219204319508.jpg,test
2,3,2_1_3_20161220143102967.jpg,test
2,3,2_0_3_20161219225554448.jpg,test
2,3,2_0_3_20161220221558178.jpg,test
2,3,2_1_3_20161219224442584.jpg,test
2,3,2_0_3_20161219225137296.jpg,test
82,3,82_0_3_20170105180948808.jpg,test
46,3,46_1_3_20170104183801700.jpg,test
46,3,46_0_3_20170119204808215.jpg,test
46,3,46_0_3_20170119201157876.jpg,test
46,3,46_1_3_20170119202150389.jpg,test
46,3,46_1_3_20170117155929032.jpg,test
46,3,46_0_3_20170108235809786.jpg,test
46,3,46_0_3_20170119183135878.jpg,test
46,3,46_0_3_20170119204816695.jpg,test
46,3,46_0_3_20170119181358549.jpg,test
46,3,46_0_3_20170119195012113.jpg,test
39,3,39_0_3_20170119194600707.jpg,test
39,3,39_1_3_20170104233629347.jpg,test
39,3,39_0_3_20170119194650194.jpg,test
39,3,39_1_3_20170104235351986.jpg,test
39,3,39_0_3_20170119203940533.jpg,test
39,3,39_0_3_20170119175458883.jpg,test
39,3,39_0_3_20170119183908421.jpg,test
39,3,39_1_3_20170117141047098.jpg,test
39,3,39_1_3_20170117184917703.jpg,test
39,3,39_0_3_20170117184958153.jpg,test
16,3,16_1_3_20170104223545496.jpg,test
16,3,16_1_3_20170109213433239.jpg,test
16,3,16_0_3_20170110232150874.jpg,test
16,3,16_0_3_20170110231223673.jpg,test
16,3,16_1_3_20170104223040239.jpg,test
16,3,16_1_3_20170104222158160.jpg,test
16,3,16_1_3_20170104214252949.jpg,test
16,3,16_1_3_20170104221802006.jpg,test
16,3,16_0_3_20170116030352295.jpg,test
16,3,16_1_3_20170104222208647.jpg,test
44,3,44_0_3_20170113001948987.jpg,test
44,3,44_0_3_20170119165648839.jpg,test
44,3,44_0_3_20170119165814423.jpg,test
44,3,44_1_3_20170119192838387.jpg,test
44,3,44_0_3_20170119181415173.jpg,test
44,3,44_0_3_20170119165428991.jpg,test
44,3,44_0_3_20170119200334516.jpg,test
44,3,44_0_3_20170119200835996.jpg,test
44,3,44_0_3_20170119162912596.jpg,test
44,3,44_0_3_20170119195247387.jpg,test
70,3,70_0_3_20170119210228526.jpg,test
70,3,70_1_3_20170109134219121.jpg,test
70,3,70_0_3_20170119205403079.jpg,test
70,3,70_0_3_20170117173325952.jpg,test
70,3,70_0_3_20170119210107813.jpg,test
70,3,70_1_3_20170116224931319.jpg,test
70,3,70_1_3_20170119150943854.jpg,test
70,3,70_0_3_20170119181040603.jpg,test
70,3,70_0_3_20170117191256001.jpg,test
70,3,70_0_3_20170119205722199.jpg,test
67,3,67_0_3_20170105175613302.jpg,test
67,3,67_0_3_20170119212008184.jpg,test
67,3,67_1_3_20170109151006621.jpg,test
67,3,67_1_3_20170109132529672.jpg,test
67,3,67_0_3_20170119212009145.jpg,test
67,3,67_0_3_20170119212011081.jpg,test
67,3,67_0_3_20170119212010042.jpg,test
67,3,67_0_3_20170119212020850.jpg,test
67,3,67_0_3_20170105181005916.jpg,test
67,3,67_0_3_20170117134845691.jpg,test
59,3,59_0_3_20170119200426948.jpg,test
59,3,59_0_3_20170109132518583.jpg,test
59,3,59_1_3_20170109142030313.jpg,test
59,3,59_1_3_20170109134346011.jpg,test
59,3,59_0_3_20170104212824964.jpg,test
86,3,86_1_3_20170105175650126.jpg,test
86,3,86_0_3_20170111223908826.jpg,test
90,3,90_0_3_20170111210252274.jpg,test
9,3,9_1_3_20161219225144784.jpg,test
9,3,9_0_3_20170104225726769.jpg,test
9,3,9_1_3_20170104222949455.jpg,test
9,3,9_1_3_20161220220026219.jpg,test
9,3,9_1_3_20161220222856346.jpg,test
64,3,64_0_3_20170113182054044.jpg,test
64,3,64_0_3_20170119164145677.jpg,test
75,3,75_0_3_20170112224225939.jpg,test
75,3,75_0_3_20170117173638390.jpg,test
75,3,75_1_3_20170110175327928.jpg,test
75,3,75_0_3_20170112205612628.jpg,test
75,3,75_0_3_20170105180706438.jpg,test
75,3,75_0_3_20170105175429670.jpg,test
75,3,75_0_3_20170112224003785.jpg,test
75,3,75_0_3_20170111210912724.jpg,test
75,3,75_0_3_20170105180253006.jpg,test
75,3,75_0_3_20170111202756116.jpg,test
73,3,73_0_3_20170119212057504.jpg,test
73,3,73_1_3_20170109142947277.jpg,test
73,3,73_1_3_20170104221010950.jpg,test
73,3,73_0_3_20170119212043986.jpg,test
73,3,73_0_3_20170119212042841.jpg,test
73,3,73_0_3_20170119212056296.jpg,test
73,3,73_0_3_20170105180955031.jpg,test
89,3,89_1_3_20170105175701046.jpg,test
89,3,89_0_3_20170105180114246.jpg,test
89,3,89_0_3_20170105180305886.jpg,test
89,3,89_1_3_20170110183718790.jpg,test
89,3,89_1_3_20170109150838156.jpg,test
89,3,89_0_3_20170105175600694.jpg,test
89,3,89_1_3_20170110182042731.jpg,test
92,3,92_0_3_20170105180848734.jpg,test
19,3,19_0_3_20170104225836561.jpg,test
19,3,19_1_3_20170104222642335.jpg,test
19,3,19_1_3_20170104231315881.jpg,test
19,3,19_1_3_20170119152816720.jpg,test
19,3,19_1_3_20170104221847479.jpg,test
19,3,19_1_3_20170104221744823.jpg,test
19,3,19_0_3_20170119165517358.jpg,test
19,3,19_1_3_20170104231453195.jpg,test
19,3,19_0_3_20170104214230141.jpg,test
19,3,19_0_3_20170119152737588.jpg,test
11,3,11_1_3_20170104223632543.jpg,test
11,3,11_1_3_20170104222911112.jpg,test
11,3,11_0_3_20170104013250186.jpg,test
11,3,11_0_3_20170104230222352.jpg,test
68,3,68_0_3_20170113185529025.jpg,test
68,3,68_0_3_20170119152352911.jpg,test
68,3,68_0_3_20170119184302094.jpg,test
68,3,68_0_3_20170117172823785.jpg,test
68,3,68_1_3_20170119212028089.jpg,test
68,3,68_0_3_20170117172636569.jpg,test
66,3,66_0_3_20170119153511665.jpg,test
66,3,66_0_3_20170119180856366.jpg,test
66,3,66_0_3_20170119180756808.jpg,test
66,3,66_0_3_20170113185512785.jpg,test
66,3,66_0_3_20170119212006015.jpg,test
66,3,66_0_3_20170117195129091.jpg,test
66,3,66_0_3_20170119160336443.jpg,test
66,3,66_0_3_20170104213153549.jpg,test
66,3,66_0_3_20170119212007271.jpg,test
66,3,66_1_3_20170119183938127.jpg,test
69,3,69_1_3_20170109150308256.jpg,test
69,3,69_0_3_20170112224615052.jpg,test
88,3,88_1_3_20170110182318688.jpg,test
88,3,88_1_3_20170110182157752.jpg,test
80,3,80_0_3_20170117174541085.jpg,test
80,3,80_1_3_20170119212033985.jpg,test
80,3,80_1_3_20170109151103678.jpg,test
76,3,76_1_3_20170109150736001.jpg,test
76,3,76_1_3_20170110181654947.jpg,test
96,3,96_1_3_20170110180250210.jpg,test
71,3,71_1_3_20170109132543649.jpg,test
116,3,116_1_3_20170120134744096.jpg,test
78,3,78_0_3_20170105175706078.jpg,test
110,3,110_1_3_20170110155139762.jpg,test
51,2,51_0_2_20170116192859594.jpg,test
51,2,51_1_2_20170109131917693.jpg,test
51,2,51_1_2_20170104212216588.jpg,test
51,2,51_0_2_20170112202949866.jpg,test
51,2,51_0_2_20170104212459757.jpg,test
26,2,26_0_2_20170116175441103.jpg,test
26,2,26_1_2_20170116175958704.jpg,test
26,2,26_1_2_20170116184624186.jpg,test
26,2,26_0_2_20161219191301043.jpg,test
26,2,26_1_2_20170116184657842.jpg,test
26,2,26_1_2_20170116184232333.jpg,test
26,2,26_1_2_20170116184243456.jpg,test
26,2,26_1_2_20170116184133814.jpg,test
26,2,26_1_2_20170115235521886.jpg,test
26,2,26_1_2_20170104022148861.jpg,test
24,2,24_0_2_20170116170633399.jpg,test
24,2,24_0_2_20170116170619319.jpg,test
24,2,24_0_2_20170116170600895.jpg,test
24,2,24_1_2_20170104021837189.jpg,test
24,2,24_1_2_20170116174418910.jpg,test
24,2,24_1_2_20170116174432626.jpg,test
24,2,24_1_2_20170116170556211.jpg,test
24,2,24_1_2_20170116171642861.jpg,test
24,2,24_1_2_20170116174521873.jpg,test
24,2,24_0_2_20170116165047009.jpg,test
3,2,3_0_2_20161219204727005.jpg,test
3,2,3_0_2_20161219221758967.jpg,test
3,2,3_1_2_20161219211533669.jpg,test
3,2,3_1_2_20161219204943868.jpg,test
3,2,3_1_2_20161219191000844.jpg,test
3,2,3_0_2_20161219221714703.jpg,test
3,2,3_1_2_20161219160308941.jpg,test
3,2,3_0_2_20161219142551561.jpg,test
3,2,3_0_2_20161219154525565.jpg,test
3,2,3_0_2_20170110212616630.jpg,test
1,2,1_0_2_20161219201523620.jpg,test
1,2,1_0_2_20161219141927321.jpg,test
1,2,1_0_2_20161219195258747.jpg,test
1,2,1_1_2_20161219155926197.jpg,test
1,2,1_0_2_20161219203439924.jpg,test
1,2,1_1_2_20170109191531965.jpg,test
1,2,1_1_2_20161219162621830.jpg,test
1,2,1_0_2_20161219203156557.jpg,test
1,2,1_1_2_20161219194531091.jpg,test
1,2,1_0_2_20161219155802845.jpg,test
5,2,5_1_2_20161219163341974.jpg,test
5,2,5_1_2_20161219192202650.jpg,test
5,2,5_1_2_20161219153445412.jpg,test
5,2,5_1_2_20161219195118916.jpg,test
5,2,5_1_2_20170104010050039.jpg,test
5,2,5_1_2_20161219163340223.jpg,test
5,2,5_0_2_20170109193500519.jpg,test
5,2,5_1_2_20161219194328354.jpg,test
5,2,5_0_2_20161219192249187.jpg,test
5,2,5_0_2_20161219222440743.jpg,test
75,2,75_0_2_20170112205221689.jpg,test
75,2,75_0_2_20170111210029130.jpg,test
75,2,75_0_2_20170112205449036.jpg,test
75,2,75_0_2_20170110131323894.jpg,test
75,2,75_0_2_20170112205315834.jpg,test
75,2,75_0_2_20170112222028563.jpg,test
75,2,75_0_2_20170111200448875.jpg,test
75,2,75_0_2_20170112211826867.jpg,test
75,2,75_0_2_20170112220429241.jpg,test
75,2,75_0_2_20170112223856420.jpg,test
4,2,4_1_2_20161219154829876.jpg,test
4,2,4_1_2_20161219160740335.jpg,test
4,2,4_0_2_20161219221851247.jpg,test
4,2,4_0_2_20170110213551318.jpg,test
4,2,4_0_2_20161219195053667.jpg,test
4,2,4_0_2_20170110211530774.jpg,test
4,2,4_1_2_20161219142249665.jpg,test
4,2,4_1_2_20161219142227369.jpg,test
4,2,4_0_2_20170110212945664.jpg,test
4,2,4_0_2_20170110213515094.jpg,test
25,2,25_0_2_20170119163949502.jpg,test
25,2,25_1_2_20170116174823428.jpg,test
25,2,25_1_2_20170116165453584.jpg,test
25,2,25_1_2_20170104022723237.jpg,test
25,2,25_1_2_20170120133606995.jpg,test
25,2,25_0_2_20170116174828896.jpg,test
25,2,25_1_2_20170104022753590.jpg,test
25,2,25_1_2_20170116175243754.jpg,test
25,2,25_1_2_20170116174845535.jpg,test
25,2,25_1_2_20170104021933189.jpg,test
60,2,60_0_2_20170117160025977.jpg,test
60,2,60_0_2_20170120223504413.jpg,test
60,2,60_0_2_20170112205517100.jpg,test
60,2,60_0_2_20170116164453106.jpg,test
60,2,60_0_2_20170116192718318.jpg,test
60,2,60_0_2_20170116191403867.jpg,test
60,2,60_1_2_20170105174330388.jpg,test
60,2,60_0_2_20170116182704682.jpg,test
60,2,60_0_2_20170120221617188.jpg,test
60,2,60_0_2_20170116192532074.jpg,test
22,2,22_1_2_20170116162903793.jpg,test
22,2,22_1_2_20170116172704437.jpg,test
22,2,22_1_2_20170105183412088.jpg,test
22,2,22_1_2_20170116172741591.jpg,test
22,2,22_0_2_20170104021111388.jpg,test
22,2,22_0_2_20170116161434440.jpg,test
22,2,22_1_2_20170116162938834.jpg,test
22,2,22_0_2_20170116175910195.jpg,test
22,2,22_0_2_20170116161333666.jpg,test
22,2,22_1_2_20170116172707989.jpg,test
27,2,27_1_2_20170116170714855.jpg,test
27,2,27_1_2_20170116170004947.jpg,test
27,2,27_1_2_20170116163607756.jpg,test
27,2,27_0_2_20170116171028124.jpg,test
27,2,27_0_2_20170116185014529.jpg,test
27,2,27_1_2_20170116163705155.jpg,test
27,2,27_1_2_20170104021735596.jpg,test
27,2,27_1_2_20170116165450739.jpg,test
27,2,27_0_2_20170116165157609.jpg,test
27,2,27_0_2_20170116170914365.jpg,test
29,2,29_0_2_20170116193337129.jpg,test
29,2,29_1_2_20170116171619907.jpg,test
29,2,29_1_2_20170116162548806.jpg,test
29,2,29_1_2_20170105161656203.jpg,test
29,2,29_1_2_20170105164315483.jpg,test
29,2,29_1_2_20170116163921292.jpg,test
29,2,29_1_2_20170116173225104.jpg,test
29,2,29_0_2_20170117130038591.jpg,test
29,2,29_1_2_20170116162615509.jpg,test
29,2,29_1_2_20170104023153742.jpg,test
45,2,45_0_2_20170119184048431.jpg,test
45,2,45_0_2_20170105173303117.jpg,test
45,2,45_0_2_20170117183529862.jpg,test
45,2,45_0_2_20170120222541001.jpg,test
45,2,45_0_2_20170117153932735.jpg,test
45,2,45_0_2_20170112214906872.jpg,test
45,2,45_0_2_20170116183829254.jpg,test
45,2,45_0_2_20170112215145176.jpg,test
45,2,45_0_2_20170116164410975.jpg,test
45,2,45_1_2_20170109220409055.jpg,test
35,2,35_0_2_20170117154550028.jpg,test
35,2,35_1_2_20170116164727094.jpg,test
35,2,35_1_2_20170117183042510.jpg,test
35,2,35_1_2_20170119200923012.jpg,test
35,2,35_0_2_20170116182958820.jpg,test
35,2,35_0_2_20170116182457063.jpg,test
35,2,35_1_2_20170116180021408.jpg,test
35,2,35_1_2_20170116191844463.jpg,test
35,2,35_0_2_20170116181159415.jpg,test
35,2,35_1_2_20170116175203095.jpg,test
2,2,2_0_2_20161219203358108.jpg,test
2,2,2_0_2_20161219222111287.jpg,test
2,2,2_1_2_20161219203922372.jpg,test
2,2,2_1_2_20161219211617551.jpg,test
2,2,2_0_2_20161219205739724.jpg,test
2,2,2_1_2_20161219142234096.jpg,test
2,2,2_1_2_20161219140833880.jpg,test
2,2,2_0_2_20161219212235749.jpg,test
2,2,2_0_2_20161219162504886.jpg,test
2,2,2_1_2_20161219154406725.jpg,test
80,2,80_0_2_20170111205702505.jpg,test
80,2,80_0_2_20170112205309435.jpg,test
80,2,80_0_2_20170111201008732.jpg,test
80,2,80_0_2_20170116233216420.jpg,test
80,2,80_0_2_20170112224623307.jpg,test
80,2,80_0_2_20170112224311842.jpg,test
80,2,80_0_2_20170112224358076.jpg,test
80,2,80_0_2_20170112215149951.jpg,test
80,2,80_1_2_20170119211723865.jpg,test
80,2,80_0_2_20170112205254236.jpg,test
23,2,23_1_2_20170116172955453.jpg,test
23,2,23_1_2_20170116173018704.jpg,test
23,2,23_1_2_20170116172830806.jpg,test
23,2,23_1_2_20170116173127575.jpg,test
23,2,23_1_2_20170107213827250.jpg,test
23,2,23_1_2_20170116173210232.jpg,test
23,2,23_1_2_20170105162514564.jpg,test
23,2,23_1_2_20170116173101069.jpg,test
23,2,23_0_2_20170117144607348.jpg,test
23,2,23_1_2_20170116173155636.jpg,test
32,2,32_1_2_20170116191621268.jpg,test
32,2,32_1_2_20170116163345446.jpg,test
32,2,32_0_2_20170116162124916.jpg,test
32,2,32_1_2_20170116164214489.jpg,test
32,2,32_1_2_20170116190151626.jpg,test
32,2,32_1_2_20170116180734484.jpg,test
32,2,32_0_2_20170116191452915.jpg,test
32,2,32_1_2_20170116205754287.jpg,test
32,2,32_1_2_20170104202227882.jpg,test
32,2,32_0_2_20170116164447916.jpg,test
55,2,55_0_2_20170112205229451.jpg,test
55,2,55_0_2_20170112222311322.jpg,test
55,2,55_0_2_20170112222313915.jpg,test
55,2,55_1_2_20170116193523524.jpg,test
55,2,55_0_2_20170117181154412.jpg,test
55,2,55_0_2_20170116172931526.jpg,test
55,2,55_0_2_20170112223845572.jpg,test
55,2,55_0_2_20170104023159589.jpg,test
55,2,55_0_2_20170104023125269.jpg,test
55,2,55_0_2_20170117172114356.jpg,test
11,2,11_0_2_20170103200847287.jpg,test
11,2,11_1_2_20170104005111615.jpg,test
86,2,86_1_2_20170112224133563.jpg,test
86,2,86_1_2_20170105174813405.jpg,test
86,2,86_0_2_20170105174932870.jpg,test
86,2,86_0_2_20170112220210391.jpg,test
86,2,86_0_2_20170111210346308.jpg,test
86,2,86_1_2_20170112215418656.jpg,test
86,2,86_1_2_20170110132518353.jpg,test
86,2,86_1_2_20170105174652949.jpg,test
86,2,86_0_2_20170112191332213.jpg,test
86,2,86_1_2_20170120230217673.jpg,test
85,2,85_0_2_20170111211021687.jpg,test
85,2,85_1_2_20170105174405109.jpg,test
85,2,85_1_2_20170110183021416.jpg,test
85,2,85_0_2_20170111210729606.jpg,test
85,2,85_1_2_20170110181640900.jpg,test
85,2,85_1_2_20170110182903507.jpg,test
85,2,85_1_2_20170110182342530.jpg,test
85,2,85_1_2_20170112204748587.jpg,test
85,2,85_1_2_20170110183530796.jpg,test
85,2,85_0_2_20170111221734101.jpg,test
21,2,21_1_2_20170104020048292.jpg,test
21,2,21_1_2_20170116171144567.jpg,test
21,2,21_1_2_20170103201741359.jpg,test
21,2,21_1_2_20170116171146065.jpg,test
21,2,21_1_2_20170116170750376.jpg,test
21,2,21_0_2_20170116170638620.jpg,test
21,2,21_1_2_20170104021056028.jpg,test
21,2,21_1_2_20170116171659893.jpg,test
21,2,21_1_2_20170116220123101.jpg,test
21,2,21_1_2_20170109132112364.jpg,test
20,2,20_1_2_20170116194052786.jpg,test
20,2,20_1_2_20170104020257804.jpg,test
20,2,20_1_2_20170104021544485.jpg,test
20,2,20_1_2_20170104015722028.jpg,test
20,2,20_1_2_20170104020440101.jpg,test
20,2,20_1_2_20170112003857668.jpg,test
20,2,20_1_2_20170116182714846.jpg,test
20,2,20_1_2_20170116170350603.jpg,test
20,2,20_1_2_20170116163800040.jpg,test
20,2,20_1_2_20170116170359820.jpg,test
8,2,8_1_2_20161219153017828.jpg,test
8,2,8_1_2_20161219203038308.jpg,test
8,2,8_1_2_20170104005626607.jpg,test
8,2,8_0_2_20170103175549207.jpg,test
8,2,8_0_2_20161219193545195.jpg,test
8,2,8_0_2_20161219193349427.jpg,test
8,2,8_1_2_20170109205424712.jpg,test
8,2,8_0_2_20161219162204262.jpg,test
8,2,8_0_2_20170110220614569.jpg,test
8,2,8_1_2_20170109205348937.jpg,test
7,2,7_1_2_20161219190036147.jpg,test
7,2,7_1_2_20161219160322149.jpg,test
7,2,7_0_2_20161219191327451.jpg,test
7,2,7_0_2_20161219204335837.jpg,test
7,2,7_1_2_20170104005105015.jpg,test
7,2,7_1_2_20161219141129768.jpg,test
7,2,7_0_2_20170110224711687.jpg,test
7,2,7_1_2_20161219193454051.jpg,test
7,2,7_0_2_20161219190141683.jpg,test
7,2,7_0_2_20161219193457075.jpg,test
56,2,56_1_2_20170107213838566.jpg,test
56,2,56_0_2_20170112215424904.jpg,test
56,2,56_0_2_20170119180737540.jpg,test
56,2,56_1_2_20170105000902100.jpg,test
56,2,56_0_2_20170105164626292.jpg,test
56,2,56_0_2_20170112221925748.jpg,test
56,2,56_0_2_20170111202058310.jpg,test
56,2,56_1_2_20170116235343595.jpg,test
56,2,56_0_2_20170116183749477.jpg,test
56,2,56_0_2_20170112224648906.jpg,test
54,2,54_0_2_20170116193514951.jpg,test
54,2,54_0_2_20170111171747443.jpg,test
54,2,54_0_2_20170109010628431.jpg,test
54,2,54_0_2_20170119210027776.jpg,test
54,2,54_0_2_20170116193435159.jpg,test
54,2,54_0_2_20170112221955514.jpg,test
54,2,54_0_2_20170116193316730.jpg,test
54,2,54_0_2_20170117171429994.jpg,test
54,2,54_1_2_20170116193506567.jpg,test
54,2,54_1_2_20170116193018666.jpg,test
30,2,30_1_2_20170116164729972.jpg,test
30,2,30_0_2_20170119183959989.jpg,test
30,2,30_1_2_20170116161745991.jpg,test
30,2,30_1_2_20170116191922002.jpg,test
30,2,30_0_2_20170116163631134.jpg,test
30,2,30_1_2_20170117142525729.jpg,test
30,2,30_1_2_20170116191207397.jpg,test
30,2,30_1_2_20170116162039101.jpg,test
30,2,30_0_2_20170112205508972.jpg,test
30,2,30_0_2_20170116174750148.jpg,test
47,2,47_0_2_20170116184935713.jpg,test
47,2,47_0_2_20170112220340617.jpg,test
47,2,47_0_2_20170116184928912.jpg,test
47,2,47_0_2_20170116183829254.jpg,test
47,2,47_1_2_20170105173513573.jpg,test
47,2,47_0_2_20170104211734268.jpg,test
28,2,28_1_2_20170116172552663.jpg,test
28,2,28_1_2_20170117142716618.jpg,test
28,2,28_1_2_20170116190119282.jpg,test
28,2,28_1_2_20170116162739672.jpg,test
28,2,28_0_2_20170116170649686.jpg,test
28,2,28_1_2_20170116175907657.jpg,test
28,2,28_1_2_20170116170809755.jpg,test
28,2,28_1_2_20170116164602956.jpg,test
28,2,28_0_2_20170117135248701.jpg,test
28,2,28_1_2_201701161846515488.jpg,test
40,2,40_0_2_20170116181341336.jpg,test
40,2,40_1_2_20170109133222841.jpg,test
40,2,40_0_2_20170116191436037.jpg,test
40,2,40_0_2_20170116174744815.jpg,test
40,2,40_0_2_20170116173629300.jpg,test
40,2,40_1_2_20170116164254791.jpg,test
40,2,40_0_2_20170116191354067.jpg,test
40,2,40_0_2_20170104192758426.jpg,test
40,2,40_0_2_20170117133430387.jpg,test
40,2,40_1_2_20170116164250912.jpg,test
78,2,78_0_2_20170112220542632.jpg,test
78,2,78_0_2_20170112224456107.jpg,test
78,2,78_0_2_20170112205619428.jpg,test
78,2,78_0_2_20170112224416258.jpg,test
78,2,78_0_2_20170112224428293.jpg,test
78,2,78_0_2_20170112222034500.jpg,test
78,2,78_0_2_20170112224637483.jpg,test
78,2,78_0_2_20170112222045626.jpg,test
78,2,78_0_2_20170112215118168.jpg,test
78,2,78_0_2_20170112205320579.jpg,test
64,2,64_0_2_20170112224203683.jpg,test
64,2,64_0_2_20170116193321184.jpg,test
64,2,64_0_2_20170116193425715.jpg,test
64,2,64_0_2_20170116193332398.jpg,test
18,2,18_1_2_20170109213403551.jpg,test
18,2,18_1_2_20170109213157620.jpg,test
18,2,18_0_2_20161219205328564.jpg,test
18,2,18_0_2_20170116163826980.jpg,test
18,2,18_0_2_20170110231202841.jpg,test
18,2,18_1_2_20170104020424141.jpg,test
18,2,18_1_2_20170105183420463.jpg,test
18,2,18_1_2_20170102234846172.jpg,test
18,2,18_1_2_20170102234919571.jpg,test
18,2,18_0_2_20170116165401987.jpg,test
90,2,90_0_2_20170111211411216.jpg,test
90,2,90_0_2_20170112224517852.jpg,test
90,2,90_0_2_20170111210740854.jpg,test
90,2,90_0_2_20170111210435708.jpg,test
90,2,90_0_2_20170110183643228.jpg,test
90,2,90_0_2_20170111210301275.jpg,test
90,2,90_0_2_20170111223901221.jpg,test
90,2,90_0_2_20170111210008312.jpg,test
90,2,90_0_2_20170112224606516.jpg,test
90,2,90_1_2_20170110183630709.jpg,test
34,2,34_0_2_20170116193420245.jpg,test
34,2,34_0_2_20170116193015006.jpg,test
34,2,34_1_2_20170105164106036.jpg,test
34,2,34_1_2_20170116193448303.jpg,test
34,2,34_1_2_20170109140259136.jpg,test
34,2,34_1_2_20170108224608753.jpg,test
34,2,34_0_2_20170116191649461.jpg,test
34,2,34_1_2_20170104201443273.jpg,test
34,2,34_0_2_20170105173426253.jpg,test
34,2,34_0_2_20170104202320617.jpg,test
52,2,52_0_2_20170112220444687.jpg,test
52,2,52_1_2_20170116183832074.jpg,test
52,2,52_0_2_20170117161035782.jpg,test
52,2,52_0_2_20170104184032470.jpg,test
52,2,52_0_2_20170104184356222.jpg,test
52,2,52_0_2_20170116183811379.jpg,test
52,2,52_1_2_20170112205146963.jpg,test
52,2,52_0_2_20170116191323693.jpg,test
52,2,52_0_2_20170112220324599.jpg,test
52,2,52_0_2_20170116192904934.jpg,test
96,2,96_1_2_20170110183043609.jpg,test
96,2,96_1_2_20170110182526540.jpg,test
96,2,96_1_2_20170105174624519.jpg,test
96,2,96_1_2_20170110175716420.jpg,test
96,2,96_1_2_20170110182504813.jpg,test
96,2,96_1_2_20170110183528193.jpg,test
99,2,99_1_2_20170110182418864.jpg,test
99,2,99_1_2_20170117195405372.jpg,test
72,2,72_0_2_20170112224343210.jpg,test
72,2,72_0_2_20170111200724572.jpg,test
72,2,72_0_2_20170112003907566.jpg,test
72,2,72_0_2_20170112205400276.jpg,test
72,2,72_0_2_20170112223945402.jpg,test
72,2,72_0_2_20170112205233684.jpg,test
72,2,72_0_2_20170112223906858.jpg,test
72,2,72_0_2_20170112205305186.jpg,test
72,2,72_1_2_20170110181718497.jpg,test
72,2,72_0_2_20170112224532491.jpg,test
76,2,76_1_2_20170110143551965.jpg,test
76,2,76_0_2_20170112205622556.jpg,test
76,2,76_0_2_20170105174825693.jpg,test
76,2,76_0_2_20170105174610325.jpg,test
76,2,76_1_2_20170112205409556.jpg,test
76,2,76_0_2_20170112204914106.jpg,test
76,2,76_0_2_20170105174433781.jpg,test
76,2,76_0_2_20170112224304323.jpg,test
76,2,76_0_2_20170112224634252.jpg,test
76,2,76_0_2_20170117194539514.jpg,test
50,2,50_1_2_20170107212204715.jpg,test
50,2,50_0_2_20170116172953191.jpg,test
50,2,50_1_2_20170104210635740.jpg,test
50,2,50_0_2_20170112220425641.jpg,test
50,2,50_0_2_20170116191148275.jpg,test
50,2,50_0_2_20170112220437210.jpg,test
50,2,50_0_2_20170109012247365.jpg,test
50,2,50_0_2_20170104212145355.jpg,test
50,2,50_0_2_20170104181606318.jpg,test
50,2,50_0_2_20170116175209803.jpg,test
48,2,48_0_2_20170104212013870.jpg,test
48,2,48_0_2_20170104204459299.jpg,test
48,2,48_0_2_20170117160518496.jpg,test
48,2,48_1_2_20170109002813437.jpg,test
48,2,48_0_2_20170117160456200.jpg,test
57,2,57_1_2_20170109002542575.jpg,test
57,2,57_1_2_20170116192548730.jpg,test
57,2,57_0_2_20170105173521150.jpg,test
57,2,57_0_2_20170104202448266.jpg,test
83,2,83_0_2_20170112224652531.jpg,test
83,2,83_0_2_20170112223921515.jpg,test
39,2,39_1_2_20170108225357064.jpg,test
39,2,39_0_2_20170117172557625.jpg,test
39,2,39_0_2_20170104204728132.jpg,test
39,2,39_0_2_20170105161404090.jpg,test
39,2,39_0_2_20170104201921434.jpg,test
39,2,39_0_2_20170104210153244.jpg,test
39,2,39_0_2_20170107211043190.jpg,test
39,2,39_0_2_20170104204400674.jpg,test
39,2,39_0_2_20170117154429963.jpg,test
39,2,39_1_2_20170105001325620.jpg,test
41,2,41_0_2_20170104204700955.jpg,test
41,2,41_0_2_20170105164126307.jpg,test
41,2,41_0_2_20170108231441401.jpg,test
41,2,41_0_2_20170116192329504.jpg,test
41,2,41_0_2_20170116192512743.jpg,test
41,2,41_0_2_20170117154704827.jpg,test
41,2,41_0_2_20170104212909860.jpg,test
41,2,41_0_2_20170104200819057.jpg,test
41,2,41_0_2_20170104184907998.jpg,test
41,2,41_1_2_20170116193738910.jpg,test
31,2,31_0_2_20161219192759515.jpg,test
31,2,31_0_2_20170116170844078.jpg,test
31,2,31_1_2_20170116191331056.jpg,test
31,2,31_1_2_20170116191228244.jpg,test
31,2,31_0_2_20170116191350922.jpg,test
31,2,31_0_2_20170116170946512.jpg,test
31,2,31_1_2_20170104020811717.jpg,test
31,2,31_1_2_20170104020928085.jpg,test
31,2,31_0_2_20170116191334762.jpg,test
31,2,31_0_2_20170116191346864.jpg,test
12,2,12_1_2_20170104012405785.jpg,test
12,2,12_1_2_20170117194013371.jpg,test
12,2,12_0_2_20170105000510274.jpg,test
12,2,12_1_2_20170103200649030.jpg,test
12,2,12_0_2_20170104013228314.jpg,test
12,2,12_1_2_20170117145333545.jpg,test
12,2,12_1_2_20170116194059753.jpg,test
12,2,12_0_2_20170104012525810.jpg,test
12,2,12_0_2_20161219212833549.jpg,test
12,2,12_1_2_20170109214246240.jpg,test
46,2,46_1_2_20170109011159798.jpg,test
46,2,46_0_2_20170116192700927.jpg,test
46,2,46_1_2_20170109002726038.jpg,test
46,2,46_0_2_20170112211842731.jpg,test
46,2,46_0_2_20170112220255503.jpg,test
46,2,46_0_2_20170116173625939.jpg,test
46,2,46_1_2_20170109002550554.jpg,test
46,2,46_0_2_20170105171822557.jpg,test
46,2,46_0_2_20170116224908862.jpg,test
46,2,46_0_2_20170104205205795.jpg,test
37,2,37_0_2_20170116184939699.jpg,test
37,2,37_0_2_20170116184952701.jpg,test
37,2,37_0_2_20170119193347850.jpg,test
37,2,37_1_2_20170104005945096.jpg,test
37,2,37_1_2_20170116184911351.jpg,test
37,2,37_0_2_20170119193336730.jpg,test
37,2,37_0_2_20170116184924251.jpg,test
37,2,37_0_2_20170104023143430.jpg,test
37,2,37_1_2_20170116192038085.jpg,test
37,2,37_0_2_20170116192009515.jpg,test
71,2,71_0_2_20170112224258484.jpg,test
71,2,71_1_2_20170105174339014.jpg,test
71,2,71_0_2_20170112205728557.jpg,test
71,2,71_0_2_20170112224020396.jpg,test
61,2,61_0_2_20170112205237140.jpg,test
61,2,61_0_2_20170111203805430.jpg,test
61,2,61_0_2_20170105180829158.jpg,test
61,2,61_0_2_20170116193742399.jpg,test
61,2,61_0_2_20170116193733096.jpg,test
61,2,61_1_2_20170105174916768.jpg,test
61,2,61_0_2_20170112224233965.jpg,test
61,2,61_0_2_20170112224332508.jpg,test
61,2,61_0_2_20170112205453108.jpg,test
61,2,61_0_2_20170104210058436.jpg,test
38,2,38_1_2_20170109132801338.jpg,test
38,2,38_0_2_20170104205949499.jpg,test
38,2,38_0_2_20170116192308542.jpg,test
38,2,38_0_2_20170109013216517.jpg,test
38,2,38_1_2_20170109002952813.jpg,test
38,2,38_1_2_20170109140654630.jpg,test
38,2,38_1_2_20170116190015995.jpg,test
38,2,38_0_2_20170116165202051.jpg,test
38,2,38_0_2_20170105170207172.jpg,test
38,2,38_0_2_20170104201018401.jpg,test
58,2,58_0_2_20170116193604774.jpg,test
58,2,58_0_2_20170116193712612.jpg,test
58,2,58_0_2_20170116193724888.jpg,test
58,2,58_0_2_20170104213251605.jpg,test
58,2,58_0_2_20170112205513042.jpg,test
58,2,58_0_2_20170117153650893.jpg,test
58,2,58_0_2_20170116193704928.jpg,test
58,2,58_0_2_20170104212958196.jpg,test
58,2,58_0_2_20170116193610463.jpg,test
58,2,58_0_2_20170112205242580.jpg,test
103,2,103_0_2_20170112213001988.jpg,test
15,2,15_1_2_20170116175234078.jpg,test
15,2,15_0_2_20170116181405111.jpg,test
15,2,15_1_2_20170104013425867.jpg,test
15,2,15_1_2_20170104012031136.jpg,test
15,2,15_0_2_20170102235056163.jpg,test
15,2,15_0_2_20170104013327250.jpg,test
15,2,15_1_2_20170104012024121.jpg,test
15,2,15_1_2_20170104015856031.jpg,test
15,2,15_1_2_20161219193333691.jpg,test
15,2,15_0_2_20170104011938218.jpg,test
14,2,14_0_2_20170104013318514.jpg,test
14,2,14_0_2_20170103201038791.jpg,test
14,2,14_0_2_20170110232701995.jpg,test
14,2,14_0_2_20170104012412945.jpg,test
14,2,14_1_2_20170104012506017.jpg,test
14,2,14_1_2_20170104013310115.jpg,test
14,2,14_1_2_20170103200931103.jpg,test
14,2,14_1_2_20170109204853921.jpg,test
14,2,14_1_2_20170102234329485.jpg,test
14,2,14_0_2_20170103201051263.jpg,test
33,2,33_1_2_20170104022342934.jpg,test
33,2,33_0_2_20170117182613892.jpg,test
33,2,33_0_2_20170116191248459.jpg,test
33,2,33_1_2_20170104022951446.jpg,test
33,2,33_1_2_20170116191634811.jpg,test
33,2,33_0_2_20170109002851300.jpg,test
33,2,33_0_2_20170119163942412.jpg,test
65,2,65_0_2_20170112223951171.jpg,test
65,2,65_0_2_20170112223820339.jpg,test
65,2,65_0_2_20170111205651706.jpg,test
65,2,65_1_2_20170105174503015.jpg,test
65,2,65_0_2_20161219193311243.jpg,test
65,2,65_0_2_20170112222023530.jpg,test
65,2,65_0_2_20170119205814303.jpg,test
65,2,65_1_2_20161219160537365.jpg,test
65,2,65_0_2_20170120223049075.jpg,test
65,2,65_0_2_20170112224014771.jpg,test
63,2,63_0_2_20170112223914372.jpg,test
63,2,63_0_2_20170112224418403.jpg,test
63,2,63_0_2_20170112224412180.jpg,test
19,2,19_0_2_20170104020121132.jpg,test
19,2,19_1_2_20170104015921814.jpg,test
19,2,19_1_2_20170116163806963.jpg,test
19,2,19_0_2_20170116212031170.jpg,test
19,2,19_1_2_20170116212110227.jpg,test
19,2,19_0_2_20170112003923755.jpg,test
19,2,19_1_2_20170104005053831.jpg,test
19,2,19_0_2_20170102234958195.jpg,test
19,2,19_0_2_20170105183427303.jpg,test
19,2,19_0_2_20170110225634087.jpg,test
36,2,36_0_2_20170104203108125.jpg,test
36,2,36_0_2_20170104202606050.jpg,test
36,2,36_0_2_20170104165035320.jpg,test
36,2,36_0_2_20170105163358596.jpg,test
36,2,36_1_2_20170105000458833.jpg,test
36,2,36_0_2_20170116191926914.jpg,test
36,2,36_0_2_20170116191916920.jpg,test
36,2,36_1_2_20170109132405452.jpg,test
36,2,36_1_2_20170109134229652.jpg,test
36,2,36_0_2_20170103235656733.jpg,test
6,2,6_1_2_20161219140554092.jpg,test
6,2,6_0_2_20161219190713643.jpg,test
6,2,6_1_2_20161219153411316.jpg,test
6,2,6_1_2_20161219190216289.jpg,test
6,2,6_1_2_20161219200113379.jpg,test
6,2,6_1_2_20161219141114464.jpg,test
6,2,6_1_2_20161219153247548.jpg,test
6,2,6_1_2_20161219162040862.jpg,test
6,2,6_1_2_20161219201340515.jpg,test
6,2,6_0_2_20161219195226635.jpg,test
17,2,17_1_2_20161219190706307.jpg,test
17,2,17_0_2_20170105183335071.jpg,test
17,2,17_0_2_20170105183230223.jpg,test
17,2,17_1_2_20170104020251980.jpg,test
53,2,53_0_2_20170112215433623.jpg,test
53,2,53_0_2_20170112221930338.jpg,test
53,2,53_0_2_20170104210010763.jpg,test
53,2,53_0_2_20170119205816456.jpg,test
53,2,53_0_2_20170116192934154.jpg,test
53,2,53_1_2_20170105174705949.jpg,test
53,2,53_0_2_20170116192925824.jpg,test
42,2,42_0_2_20170109012231207.jpg,test
42,2,42_1_2_20170116184651548.jpg,test
42,2,42_0_2_20170119204318272.jpg,test
42,2,42_1_2_20170107213350336.jpg,test
42,2,42_0_2_20170117130543345.jpg,test
42,2,42_0_2_20170104192610039.jpg,test
42,2,42_1_2_20170104201224233.jpg,test
42,2,42_1_2_20170116161958086.jpg,test
42,2,42_0_2_20170104165448593.jpg,test
42,2,42_0_2_20170112215341080.jpg,test
88,2,88_1_2_20170112003903252.jpg,test
88,2,88_0_2_20170112224251748.jpg,test
88,2,88_1_2_20170110182404089.jpg,test
88,2,88_0_2_20170112222049576.jpg,test
88,2,88_0_2_20170112223932900.jpg,test
93,2,93_1_2_20170110173119858.jpg,test
62,2,62_0_2_20170104213224957.jpg,test
62,2,62_0_2_20170116183749477.jpg,test
62,2,62_0_2_20170112221952114.jpg,test
62,2,62_0_2_20170112223958141.jpg,test
62,2,62_0_2_20170112220232040.jpg,test
62,2,62_1_2_20170116191832323.jpg,test
62,2,62_0_2_20170104212649180.jpg,test
62,2,62_1_2_20170105174732894.jpg,test
62,2,62_0_2_20170112205718780.jpg,test
62,2,62_0_2_20170112220447152.jpg,test
43,2,43_0_2_20170117134842975.jpg,test
43,2,43_0_2_20170116234843299.jpg,test
43,2,43_1_2_20170116192615655.jpg,test
43,2,43_0_2_20170117140033069.jpg,test
43,2,43_0_2_20170116192612780.jpg,test
43,2,43_0_2_20170104210607932.jpg,test
43,2,43_0_2_20170112220312529.jpg,test
43,2,43_1_2_20170116162034067.jpg,test
43,2,43_0_2_20170109005254030.jpg,test
77,2,77_0_2_20170112224733518.jpg,test
77,2,77_0_2_20170112220236152.jpg,test
77,2,77_0_2_20170112224640564.jpg,test
77,2,77_1_2_20170110175320274.jpg,test
77,2,77_0_2_20170112205445618.jpg,test
67,2,67_0_2_20170112224619492.jpg,test
67,2,67_0_2_20170116193956693.jpg,test
67,2,67_1_2_20161219194437956.jpg,test
67,2,67_0_2_20170112224629884.jpg,test
68,2,68_0_2_20170116193600328.jpg,test
68,2,68_0_2_20170111205006920.jpg,test
68,2,68_0_2_20170112224243075.jpg,test
68,2,68_0_2_20170116193554465.jpg,test
68,2,68_0_2_20170116193548368.jpg,test
68,2,68_0_2_20170116193700812.jpg,test
82,2,82_0_2_20170112224024582.jpg,test
82,2,82_0_2_20170112224626730.jpg,test
82,2,82_0_2_20170111210612356.jpg,test
82,2,82_0_2_20170112222041385.jpg,test
82,2,82_1_2_20170110183005747.jpg,test
82,2,82_0_2_20170111210508477.jpg,test
82,2,82_0_2_20170111210110290.jpg,test
82,2,82_0_2_20170112205224683.jpg,test
73,2,73_0_2_20170112224711435.jpg,test
73,2,73_1_2_20170110131323894.jpg,test
9,2,9_0_2_20170110220429818.jpg,test
9,2,9_1_2_20161219190524395.jpg,test
9,2,9_0_2_20170110224555634.jpg,test
9,2,9_0_2_20161219192701323.jpg,test
9,2,9_0_2_20170110215518068.jpg,test
9,2,9_1_2_20170102235115156.jpg,test
9,2,9_0_2_20170110225353988.jpg,test
9,2,9_0_2_20170110215503716.jpg,test
9,2,9_0_2_20161219192439379.jpg,test
9,2,9_0_2_20170110224822473.jpg,test
16,2,16_1_2_20170116162343874.jpg,test
16,2,16_0_2_20170110232739283.jpg,test
16,2,16_1_2_20170109214153823.jpg,test
16,2,16_0_2_20170116161447624.jpg,test
16,2,16_1_2_20170109214552372.jpg,test
16,2,16_1_2_20170109214001209.jpg,test
89,2,89_1_2_20170110182930160.jpg,test
89,2,89_0_2_20170112220351776.jpg,test
89,2,89_0_2_20170112224513149.jpg,test
89,2,89_1_2_20170112224524948.jpg,test
95,2,95_1_2_20170120225327083.jpg,test
95,2,95_1_2_20170112224548347.jpg,test
95,2,95_1_2_20170110182531150.jpg,test
100,2,100_1_2_20170105174847679.jpg,test
100,2,100_1_2_20170110182836729.jpg,test
100,2,100_1_2_20170112213615815.jpg,test
100,2,100_1_2_20170112222336458.jpg,test
70,2,70_0_2_20170112215112703.jpg,test
70,2,70_0_2_20170116192621613.jpg,test
70,2,70_1_2_20170110181645374.jpg,test
70,2,70_0_2_20170116173622688.jpg,test
70,2,70_0_2_20161219160529735.jpg,test
70,2,70_0_2_20161219193557323.jpg,test
69,2,69_1_2_20170105174748782.jpg,test
69,2,69_1_2_20170111210824053.jpg,test
69,2,69_1_2_20170112222253554.jpg,test
69,2,69_1_2_20170110141905175.jpg,test
44,2,44_0_2_20170107213715065.jpg,test
44,2,44_1_2_20170104185236854.jpg,test
44,2,44_0_2_20170119184036351.jpg,test
44,2,44_0_2_20170116193010589.jpg,test
74,2,74_1_2_20170105174904109.jpg,test
74,2,74_0_2_20170105174346668.jpg,test
74,2,74_0_2_20170105174417462.jpg,test
91,2,91_1_2_20170105174644734.jpg,test
81,2,81_1_2_20170105174804349.jpg,test
59,2,59_0_2_20170104022521749.jpg,test
59,2,59_0_2_20170109012736672.jpg,test
59,2,59_0_2_20170113190433215.jpg,test
59,2,59_1_2_20170109134248584.jpg,test
59,2,59_1_2_20170104212726717.jpg,test
116,2,116_1_2_20170112220255503.jpg,test
49,2,49_0_2_20170105164916620.jpg,test
49,2,49_0_2_20170104021434588.jpg,test
79,2,79_0_2_20170112224730972.jpg,test
79,2,79_1_2_20170110175752735.jpg,test
79,2,79_0_2_20170105174927254.jpg,test
79,2,79_0_2_20170116194001100.jpg,test
79,2,79_0_2_20170112223937939.jpg,test
92,2,92_1_2_20170110175823500.jpg,test
92,2,92_1_2_20170110182855209.jpg,test
92,2,92_0_2_20170105174832245.jpg,test
10,2,10_1_2_20170116175840105.jpg,test
10,2,10_0_2_20170110224230094.jpg,test
10,2,10_0_2_20161219190639572.jpg,test
10,2,10_1_2_20170104005417671.jpg,test
10,2,10_1_2_20170104022216669.jpg,test
10,2,10_1_2_20170109201545634.jpg,test
10,2,10_1_2_20170109205037024.jpg,test
10,2,10_0_2_20170116162109013.jpg,test
10,2,10_1_2_20170103201007646.jpg,test
101,2,101_1_2_20170105174739309.jpg,test
13,2,13_1_2_20170104013444322.jpg,test
13,2,13_0_2_20170103201417686.jpg,test
13,2,13_0_2_20170117152653604.jpg,test
13,2,13_0_2_20170103201143159.jpg,test
110,2,110_0_2_20170112223734562.jpg,test
84,2,84_1_2_20170120225608458.jpg,test
84,2,84_1_2_20170105174912326.jpg,test
66,2,66_0_2_20170111205753656.jpg,test
23,4,23_1_4_20161223214747066.jpg,test
23,4,23_0_4_20170116221049556.jpg,test
23,4,23_1_4_20170117194303197.jpg,test
23,4,23_1_4_20170117194143181.jpg,test
23,4,23_1_4_20170103233615355.jpg,test
23,4,23_1_4_20170117194240867.jpg,test
23,4,23_1_4_20170103225807185.jpg,test
23,4,23_0_4_20170117194033772.jpg,test
23,4,23_1_4_20170103223443239.jpg,test
23,4,23_0_4_20170103234919628.jpg,test
30,4,30_1_4_20170103230515409.jpg,test
30,4,30_0_4_20170117202840206.jpg,test
30,4,30_0_4_20170117153249558.jpg,test
30,4,30_1_4_20170117193820102.jpg,test
30,4,30_0_4_20170117125946865.jpg,test
30,4,30_1_4_20170117203006317.jpg,test
30,4,30_1_4_20170103181233632.jpg,test
30,4,30_0_4_20170117202832830.jpg,test
30,4,30_0_4_20170120133906735.jpg,test
30,4,30_0_4_20170104201527594.jpg,test
21,4,21_1_4_20170103180619480.jpg,test
21,4,21_1_4_20170103223150726.jpg,test
21,4,21_0_4_20161223214813672.jpg,test
21,4,21_1_4_20170103223234959.jpg,test
21,4,21_1_4_20170103223237335.jpg,test
21,4,21_0_4_20161223214833090.jpg,test
21,4,21_1_4_20170117193725542.jpg,test
21,4,21_1_4_20170103233532676.jpg,test
21,4,21_1_4_20170104005731615.jpg,test
21,4,21_0_4_20161223214827816.jpg,test
24,4,24_0_4_20170117145214993.jpg,test
24,4,24_1_4_20170103224550520.jpg,test
24,4,24_0_4_20170103234950908.jpg,test
24,4,24_1_4_20170103223935080.jpg,test
24,4,24_1_4_20170103224804680.jpg,test
24,4,24_0_4_20170117145917765.jpg,test
24,4,24_1_4_20170103225201704.jpg,test
24,4,24_1_4_20170115235433094.jpg,test
24,4,24_1_4_20170103235745076.jpg,test
24,4,24_1_4_20170117194337597.jpg,test
25,4,25_0_4_20170103235109805.jpg,test
25,4,25_1_4_20170117195158652.jpg,test
25,4,25_1_4_20170117152015997.jpg,test
25,4,25_0_4_20170117195023516.jpg,test
25,4,25_1_4_20170117150546627.jpg,test
25,4,25_0_4_20170117151414412.jpg,test
25,4,25_1_4_20170103224600280.jpg,test
25,4,25_1_4_20170103223722679.jpg,test
25,4,25_1_4_20170103182320042.jpg,test
25,4,25_0_4_20170113133140464.jpg,test
26,4,26_0_4_20170117195722036.jpg,test
26,4,26_1_4_20170117201509118.jpg,test
26,4,26_1_4_20170117201650134.jpg,test
26,4,26_0_4_20170116192438997.jpg,test
26,4,26_0_4_20170117200025445.jpg,test
26,4,26_0_4_20170103235645596.jpg,test
26,4,26_1_4_20170117201457622.jpg,test
26,4,26_0_4_20170117200533197.jpg,test
26,4,26_1_4_20170103235605244.jpg,test
26,4,26_0_4_20170117195502469.jpg,test
33,4,33_1_4_20170117174234414.jpg,test
33,4,33_0_4_20170117203909214.jpg,test
33,4,33_0_4_20170103235213148.jpg,test
33,4,33_0_4_20170117202448894.jpg,test
33,4,33_0_4_20170117105033191.jpg,test
33,4,33_0_4_20170104172723834.jpg,test
33,4,33_0_4_20170104172529099.jpg,test
33,4,33_1_4_20170117200817413.jpg,test
33,4,33_1_4_20170103181754609.jpg,test
33,4,33_0_4_20170116220014045.jpg,test
27,4,27_0_4_20170117202055676.jpg,test
27,4,27_1_4_20170103230157624.jpg,test
27,4,27_1_4_20170103210539730.jpg,test
27,4,27_0_4_20170117191142869.jpg,test
27,4,27_1_4_20170103181806561.jpg,test
27,4,27_1_4_20170103230557794.jpg,test
27,4,27_0_4_20170117120137595.jpg,test
27,4,27_0_4_20170117010754780.jpg,test
27,4,27_1_4_20170116180404068.jpg,test
27,4,27_0_4_20170117120226377.jpg,test
8,4,8_1_4_20170109202753127.jpg,test
8,4,8_0_4_20170117133054476.jpg,test
8,4,8_0_4_20170103200427437.jpg,test
8,4,8_1_4_20170103210016155.jpg,test
8,4,8_1_4_20170104010936352.jpg,test
8,4,8_1_4_20161223230045701.jpg,test
8,4,8_1_4_20170109202334991.jpg,test
8,4,8_1_4_20170117192945532.jpg,test
8,4,8_1_4_20170103214220325.jpg,test
8,4,8_1_4_20170104005525759.jpg,test
7,4,7_1_4_20161223225843468.jpg,test
7,4,7_1_4_20170103230718288.jpg,test
7,4,7_0_4_20161221201748793.jpg,test
7,4,7_1_4_20161223232252196.jpg,test
7,4,7_1_4_20170103230254954.jpg,test
7,4,7_1_4_20170103201832231.jpg,test
7,4,7_1_4_20170103233309314.jpg,test
7,4,7_1_4_20170103212641884.jpg,test
7,4,7_1_4_20161221193136085.jpg,test
7,4,7_1_4_20161221193125000.jpg,test
4,4,4_0_4_20161221192742413.jpg,test
4,4,4_1_4_20161221193349166.jpg,test
4,4,4_1_4_20161221195434215.jpg,test
4,4,4_1_4_20161223232228388.jpg,test
4,4,4_1_4_20161221201935361.jpg,test
4,4,4_1_4_20170103210349522.jpg,test
4,4,4_0_4_20161221202233593.jpg,test
4,4,4_1_4_20161223230058516.jpg,test
4,4,4_1_4_20161220223001930.jpg,test
4,4,4_1_4_20170109191636106.jpg,test
43,4,43_0_4_20170104000923085.jpg,test
43,4,43_0_4_20170104205649403.jpg,test
43,4,43_0_4_20170117204014422.jpg,test
43,4,43_1_4_20170117174415686.jpg,test
43,4,43_1_4_20170117204025030.jpg,test
43,4,43_1_4_20170117204021688.jpg,test
43,4,43_1_4_20170117185935802.jpg,test
43,4,43_1_4_20170117204026648.jpg,test
43,4,43_0_4_20170104174223892.jpg,test
43,4,43_0_4_20170117135938595.jpg,test
31,4,31_1_4_20170117203051199.jpg,test
31,4,31_1_4_20170117203041312.jpg,test
31,4,31_1_4_20170112235504601.jpg,test
31,4,31_0_4_20170103235207122.jpg,test
31,4,31_0_4_20170117020719427.jpg,test
31,4,31_0_4_20170120133240958.jpg,test
31,4,31_1_4_20161221193256437.jpg,test
31,4,31_1_4_20170103230257785.jpg,test
31,4,31_0_4_20170117123923204.jpg,test
31,4,31_1_4_20170117203017127.jpg,test
11,4,11_0_4_20170103200621488.jpg,test
11,4,11_1_4_20170104005813063.jpg,test
11,4,11_1_4_20170103233340363.jpg,test
11,4,11_1_4_20170109201611941.jpg,test
11,4,11_1_4_20161223225953124.jpg,test
11,4,11_1_4_20170103212554964.jpg,test
11,4,11_1_4_20170103201747167.jpg,test
15,4,15_1_4_20170103234910356.jpg,test
15,4,15_1_4_20170103201201509.jpg,test
15,4,15_1_4_20170104005847968.jpg,test
15,4,15_1_4_20170103233208315.jpg,test
15,4,15_1_4_20170103214742821.jpg,test
15,4,15_0_4_20170104011201568.jpg,test
15,4,15_0_4_20170103201002253.jpg,test
15,4,15_1_4_20170103233348795.jpg,test
15,4,15_1_4_20170103200935782.jpg,test
15,4,15_1_4_20170103233441003.jpg,test
2,4,2_1_4_20170103210839634.jpg,test
2,4,2_1_4_20161221202310977.jpg,test
2,4,2_0_4_20170103202456584.jpg,test
2,4,2_1_4_20161221195137728.jpg,test
2,4,2_0_4_20161221202918296.jpg,test
2,4,2_0_4_20170103210928251.jpg,test
2,4,2_0_4_20161221202954025.jpg,test
2,4,2_1_4_20161221202408818.jpg,test
2,4,2_0_4_20161221202237961.jpg,test
2,4,2_0_4_20161221192651909.jpg,test
42,4,42_0_4_20170113174904299.jpg,test
42,4,42_0_4_20170117185614642.jpg,test
42,4,42_0_4_20170104174008963.jpg,test
42,4,42_1_4_20170117203934434.jpg,test
42,4,42_0_4_20170104185534278.jpg,test
42,4,42_1_4_20170109002558079.jpg,test
42,4,42_1_4_20170103225757192.jpg,test
42,4,42_0_4_20170104202440690.jpg,test
42,4,42_1_4_20170103230535913.jpg,test
42,4,42_1_4_20170117171425948.jpg,test
1,4,1_1_4_20161221192837420.jpg,test
1,4,1_0_4_20161221202458409.jpg,test
1,4,1_1_4_20161221193234997.jpg,test
1,4,1_1_4_20161221201827921.jpg,test
1,4,1_1_4_20161221202053505.jpg,test
1,4,1_1_4_20170103205129266.jpg,test
1,4,1_0_4_20170103202417352.jpg,test
1,4,1_0_4_20161221194937848.jpg,test
1,4,1_0_4_20161221202132305.jpg,test
1,4,1_1_4_20161221201446945.jpg,test
46,4,46_0_4_20170105162327242.jpg,test
46,4,46_1_4_20170104172709843.jpg,test
46,4,46_0_4_20170117171327063.jpg,test
46,4,46_1_4_20170105170029053.jpg,test
46,4,46_0_4_20170104183938014.jpg,test
46,4,46_0_4_20170104202042473.jpg,test
46,4,46_0_4_20170117190308338.jpg,test
46,4,46_0_4_20170120134419847.jpg,test
46,4,46_0_4_20170103235306699.jpg,test
45,4,45_0_4_20170104200726522.jpg,test
45,4,45_0_4_20170117204242833.jpg,test
45,4,45_1_4_20170117145210923.jpg,test
45,4,45_1_4_20170117150756260.jpg,test
45,4,45_0_4_20170120134936535.jpg,test
45,4,45_0_4_20170117202920775.jpg,test
45,4,45_0_4_20170117204342880.jpg,test
45,4,45_0_4_20170108230309811.jpg,test
45,4,45_0_4_20170117200837845.jpg,test
45,4,45_0_4_20170104210403467.jpg,test
32,4,32_1_4_20170117203121712.jpg,test
32,4,32_0_4_20170116220621484.jpg,test
32,4,32_0_4_20170104170633305.jpg,test
32,4,32_0_4_20170104181254053.jpg,test
32,4,32_1_4_20170103225047472.jpg,test
32,4,32_1_4_20170103230317985.jpg,test
32,4,32_0_4_20170117203105065.jpg,test
32,4,32_1_4_20170103225837104.jpg,test
32,4,32_0_4_20170104000716333.jpg,test
32,4,32_0_4_20170105163336092.jpg,test
35,4,35_0_4_20170116214549746.jpg,test
35,4,35_0_4_20170104000753052.jpg,test
35,4,35_0_4_20170117121605150.jpg,test
35,4,35_0_4_20170117153255579.jpg,test
35,4,35_0_4_20170117204336319.jpg,test
35,4,35_1_4_20170117203419569.jpg,test
35,4,35_1_4_20170117194818924.jpg,test
35,4,35_1_4_20170117203924087.jpg,test
35,4,35_1_4_20170117203423144.jpg,test
35,4,35_1_4_20170117203828719.jpg,test
22,4,22_0_4_20170103234615652.jpg,test
22,4,22_0_4_20170103234043547.jpg,test
22,4,22_1_4_20170103223356448.jpg,test
22,4,22_1_4_20170103223649399.jpg,test
22,4,22_1_4_20170117143710577.jpg,test
22,4,22_1_4_20170103233642227.jpg,test
22,4,22_1_4_20170112233752904.jpg,test
22,4,22_1_4_20170104005431327.jpg,test
22,4,22_1_4_20170103223042983.jpg,test
22,4,22_1_4_20170117193956629.jpg,test
39,4,39_0_4_20170105172836893.jpg,test
39,4,39_0_4_20170104202054058.jpg,test
39,4,39_1_4_20170105001146812.jpg,test
39,4,39_1_4_20170117203758344.jpg,test
39,4,39_1_4_20170105173036253.jpg,test
39,4,39_1_4_20170104172929139.jpg,test
39,4,39_0_4_20170104205601141.jpg,test
39,4,39_0_4_20170103235633060.jpg,test
39,4,39_1_4_20170103163548640.jpg,test
39,4,39_1_4_20170104201147354.jpg,test
18,4,18_1_4_20170117185609466.jpg,test
18,4,18_1_4_20161223232148173.jpg,test
18,4,18_1_4_20170109212430115.jpg,test
18,4,18_1_4_20170103223037503.jpg,test
18,4,18_1_4_20170103223304623.jpg,test
18,4,18_0_4_20170103201305015.jpg,test
18,4,18_1_4_20170116211941006.jpg,test
18,4,18_1_4_20161223230852802.jpg,test
18,4,18_1_4_20170103222949566.jpg,test
18,4,18_0_4_20170103234736836.jpg,test
5,4,5_0_4_20170103224719055.jpg,test
5,4,5_1_4_20170116232419298.jpg,test
5,4,5_1_4_20161221193338973.jpg,test
5,4,5_1_4_20161221201952681.jpg,test
5,4,5_1_4_20170103212921764.jpg,test
5,4,5_1_4_20161221201710702.jpg,test
5,4,5_1_4_20161221193033413.jpg,test
5,4,5_1_4_20161219185942044.jpg,test
5,4,5_1_4_20170103212918548.jpg,test
5,4,5_1_4_20161223230106795.jpg,test
64,4,64_0_4_20170103184049701.jpg,test
6,4,6_0_4_20161221202547897.jpg,test
6,4,6_1_4_20170103230542025.jpg,test
6,4,6_1_4_20161221193543388.jpg,test
6,4,6_1_4_20170103213155772.jpg,test
6,4,6_1_4_20161221200321777.jpg,test
6,4,6_1_4_20170104010006062.jpg,test
6,4,6_1_4_20170117193419676.jpg,test
6,4,6_1_4_20170104005453175.jpg,test
6,4,6_1_4_20170103212222820.jpg,test
6,4,6_1_4_20161221195807162.jpg,test
85,4,85_1_4_20170110184012572.jpg,test
34,4,34_0_4_20170113161453036.jpg,test
34,4,34_0_4_20170117130526488.jpg,test
34,4,34_1_4_20170103230336761.jpg,test
34,4,34_0_4_20170117163546730.jpg,test
34,4,34_1_4_20170104165941169.jpg,test
34,4,34_0_4_20170105172324413.jpg,test
34,4,34_0_4_20170117141335902.jpg,test
34,4,34_0_4_20170104201954962.jpg,test
34,4,34_1_4_20170103230444089.jpg,test
34,4,34_0_4_20170105172322132.jpg,test
28,4,28_0_4_20170103235814852.jpg,test
28,4,28_1_4_20170109003009492.jpg,test
28,4,28_0_4_20170109002937845.jpg,test
28,4,28_0_4_20170109140345949.jpg,test
28,4,28_1_4_20170117202601469.jpg,test
28,4,28_0_4_20170117202324814.jpg,test
28,4,28_1_4_20170117143635625.jpg,test
28,4,28_1_4_20170103230506947.jpg,test
28,4,28_0_4_20170109002923202.jpg,test
28,4,28_0_4_20170116183505479.jpg,test
40,4,40_0_4_20170104204553772.jpg,test
40,4,40_1_4_20170103230416025.jpg,test
40,4,40_1_4_20170109003506229.jpg,test
40,4,40_0_4_20170108231125827.jpg,test
40,4,40_0_4_20170104202246139.jpg,test
40,4,40_0_4_20170117194620611.jpg,test
40,4,40_0_4_20170104001839285.jpg,test
40,4,40_0_4_20170103235124292.jpg,test
40,4,40_0_4_20170117203403479.jpg,test
40,4,40_0_4_20170104210123901.jpg,test
29,4,29_1_4_20170103181529824.jpg,test
29,4,29_1_4_20170117202750455.jpg,test
29,4,29_1_4_20170103224739152.jpg,test
29,4,29_0_4_20170103235840396.jpg,test
29,4,29_1_4_20170104165735505.jpg,test
29,4,29_0_4_20170114033029580.jpg,test
29,4,29_0_4_20170103234728788.jpg,test
29,4,29_0_4_20170103235032708.jpg,test
29,4,29_1_4_20170103180829632.jpg,test
29,4,29_0_4_20170117100325932.jpg,test
3,4,3_1_4_20161221202450265.jpg,test
3,4,3_0_4_20161221200453808.jpg,test
3,4,3_1_4_20161221193144389.jpg,test
3,4,3_1_4_20170103205816397.jpg,test
3,4,3_0_4_20161221193406126.jpg,test
3,4,3_1_4_20161221201441793.jpg,test
3,4,3_0_4_20170103205122074.jpg,test
3,4,3_0_4_20161221193723542.jpg,test
3,4,3_1_4_20170103234200795.jpg,test
3,4,3_1_4_20161221202539569.jpg,test
19,4,19_0_4_20170102233259362.jpg,test
19,4,19_1_4_20170103233712235.jpg,test
19,4,19_0_4_20170117193404789.jpg,test
19,4,19_1_4_20170103234123155.jpg,test
19,4,19_1_4_20170103201653879.jpg,test
19,4,19_1_4_20170102235050099.jpg,test
19,4,19_1_4_20170109192214298.jpg,test
19,4,19_1_4_20170103201818104.jpg,test
19,4,19_1_4_20170103223231399.jpg,test
19,4,19_0_4_20170103234723267.jpg,test
47,4,47_0_4_20170104002129509.jpg,test
47,4,47_0_4_20170104210453028.jpg,test
47,4,47_0_4_20170103234841372.jpg,test
47,4,47_1_4_20170104181336102.jpg,test
47,4,47_0_4_20170104002132109.jpg,test
47,4,47_0_4_20170103230236105.jpg,test
47,4,47_1_4_20170103234719420.jpg,test
47,4,47_0_4_20170104210443652.jpg,test
47,4,47_0_4_20170116030339319.jpg,test
47,4,47_0_4_20170105172754348.jpg,test
17,4,17_1_4_20170103234135204.jpg,test
17,4,17_1_4_20170103212235036.jpg,test
17,4,17_1_4_20170103233523157.jpg,test
17,4,17_0_4_20170103210008641.jpg,test
17,4,17_1_4_20170103233548115.jpg,test
17,4,17_0_4_20170103234631508.jpg,test
17,4,17_1_4_20170104011834409.jpg,test
17,4,17_1_4_20170117193142374.jpg,test
17,4,17_1_4_20161223214728028.jpg,test
17,4,17_0_4_20170102234904707.jpg,test
20,4,20_1_4_20170103223123528.jpg,test
20,4,20_1_4_20161223230110540.jpg,test
20,4,20_1_4_20170117192614487.jpg,test
20,4,20_1_4_20170103230550945.jpg,test
20,4,20_0_4_20170103234738979.jpg,test
20,4,20_1_4_20170103233719339.jpg,test
20,4,20_1_4_20170117193602482.jpg,test
20,4,20_1_4_20170103233322026.jpg,test
20,4,20_1_4_20170103224540624.jpg,test
20,4,20_0_4_20170102233239947.jpg,test
38,4,38_0_4_20170103230436562.jpg,test
38,4,38_0_4_20170117021834297.jpg,test
38,4,38_1_4_20170103230647441.jpg,test
38,4,38_1_4_20170117203658976.jpg,test
38,4,38_1_4_20170104183653741.jpg,test
38,4,38_1_4_20170116233353646.jpg,test
38,4,38_1_4_20170117203646323.jpg,test
38,4,38_1_4_20170109002426534.jpg,test
38,4,38_0_4_20170104174520099.jpg,test
38,4,38_0_4_20170104000126452.jpg,test
10,4,10_0_4_20170104010810728.jpg,test
10,4,10_1_4_20161223225900460.jpg,test
10,4,10_1_4_20170103200950879.jpg,test
10,4,10_0_4_20170103212521420.jpg,test
10,4,10_0_4_20170103200443015.jpg,test
10,4,10_1_4_20170104005649671.jpg,test
10,4,10_0_4_20170103223451479.jpg,test
10,4,10_1_4_20170117195152197.jpg,test
10,4,10_0_4_20170103201924664.jpg,test
10,4,10_0_4_20170103200501766.jpg,test
36,4,36_0_4_20170103230431017.jpg,test
36,4,36_1_4_20170105001244316.jpg,test
36,4,36_0_4_20170117163456359.jpg,test
36,4,36_1_4_20170105001239982.jpg,test
36,4,36_1_4_20170113001003592.jpg,test
36,4,36_0_4_20170117203436206.jpg,test
36,4,36_1_4_20170112234015846.jpg,test
36,4,36_1_4_20170117135904020.jpg,test
36,4,36_0_4_20170117012819035.jpg,test
36,4,36_1_4_20170105164808838.jpg,test
54,4,54_0_4_20170104212703396.jpg,test
54,4,54_0_4_20170117204308977.jpg,test
54,4,54_0_4_20170117171439011.jpg,test
54,4,54_0_4_20170103210718779.jpg,test
54,4,54_0_4_20170104212531845.jpg,test
54,4,54_0_4_20170117204537409.jpg,test
54,4,54_0_4_20170117204427774.jpg,test
48,4,48_1_4_20170104181540549.jpg,test
48,4,48_0_4_20170104211950852.jpg,test
48,4,48_0_4_20170117163407198.jpg,test
48,4,48_0_4_20170104211610652.jpg,test
48,4,48_0_4_20170117204131728.jpg,test
48,4,48_0_4_20170104213328405.jpg,test
63,4,63_0_4_20170104213550381.jpg,test
63,4,63_0_4_20170117175627092.jpg,test
63,4,63_1_4_20170110180156105.jpg,test
59,4,59_0_4_20170117172237604.jpg,test
59,4,59_0_4_20170105173702564.jpg,test
59,4,59_0_4_20170109012655318.jpg,test
16,4,16_1_4_20170103223310543.jpg,test
16,4,16_1_4_20170103201023166.jpg,test
16,4,16_1_4_20170103201021199.jpg,test
16,4,16_1_4_20170103233406635.jpg,test
16,4,16_1_4_20170103233333235.jpg,test
16,4,16_0_4_20170110231631592.jpg,test
16,4,16_1_4_20170103234142187.jpg,test
16,4,16_1_4_20170103224851136.jpg,test
16,4,16_0_4_20170104011805376.jpg,test
16,4,16_0_4_20170103201427977.jpg,test
50,4,50_1_4_20170105173053477.jpg,test
50,4,50_1_4_20170117203355296.jpg,test
50,4,50_0_4_20170117204155370.jpg,test
50,4,50_0_4_20170117203237079.jpg,test
50,4,50_0_4_20170105173144813.jpg,test
50,4,50_0_4_20170116224718413.jpg,test
50,4,50_0_4_20170117203102320.jpg,test
50,4,50_0_4_20170117204204793.jpg,test
50,4,50_0_4_20170104210650526.jpg,test
50,4,50_1_4_20170117204033496.jpg,test
76,4,76_0_4_20170111222611809.jpg,test
55,4,55_0_4_20170120134239783.jpg,test
55,4,55_0_4_20170117204624770.jpg,test
55,4,55_1_4_20170117203853447.jpg,test
55,4,55_0_4_20170117203246215.jpg,test
55,4,55_0_4_20170117193528283.jpg,test
14,4,14_0_4_20170113145202254.jpg,test
14,4,14_1_4_20170103201225838.jpg,test
14,4,14_0_4_20170117204503401.jpg,test
14,4,14_0_4_20170103200608359.jpg,test
14,4,14_0_4_20170117193432868.jpg,test
14,4,14_0_4_20170103205138666.jpg,test
14,4,14_0_4_20170103200837103.jpg,test
14,4,14_0_4_20170103201644927.jpg,test
14,4,14_0_4_20170103200528094.jpg,test
14,4,14_1_4_20170103200753206.jpg,test
53,4,53_1_4_20170117204257206.jpg,test
53,4,53_0_4_20170109012743281.jpg,test
53,4,53_1_4_20170117204301062.jpg,test
53,4,53_0_4_20170104184621374.jpg,test
53,4,53_0_4_20170104212427149.jpg,test
53,4,53_0_4_20170117204252600.jpg,test
53,4,53_1_4_20170117204305136.jpg,test
65,4,65_1_4_20170117185548913.jpg,test
65,4,65_0_4_20170109005604594.jpg,test
65,4,65_1_4_20170117203945447.jpg,test
37,4,37_0_4_20170116233142186.jpg,test
37,4,37_1_4_20170104170314561.jpg,test
37,4,37_0_4_20170104205837940.jpg,test
37,4,37_0_4_20170104000748917.jpg,test
37,4,37_1_4_20170117203604479.jpg,test
37,4,37_0_4_20170104201910626.jpg,test
37,4,37_0_4_20170117140108503.jpg,test
37,4,37_0_4_20170104000927484.jpg,test
37,4,37_1_4_20170117203627007.jpg,test
37,4,37_0_4_20170116204829478.jpg,test
52,4,52_0_4_20170111201929576.jpg,test
52,4,52_0_4_20170103183610052.jpg,test
52,4,52_0_4_20170111171747383.jpg,test
52,4,52_0_4_20170104184746311.jpg,test
52,4,52_1_4_20170104185604990.jpg,test
52,4,52_0_4_20170104212316604.jpg,test
52,4,52_0_4_20170103235931765.jpg,test
52,4,52_0_4_20170104212325060.jpg,test
12,4,12_1_4_20170117201252893.jpg,test
12,4,12_0_4_20170103201607807.jpg,test
12,4,12_0_4_20170103200908168.jpg,test
12,4,12_1_4_20170109214232071.jpg,test
12,4,12_0_4_20170103205745050.jpg,test
12,4,12_0_4_20170103200538198.jpg,test
12,4,12_1_4_20161223230033380.jpg,test
12,4,12_1_4_20170104011715593.jpg,test
12,4,12_0_4_20170103200555927.jpg,test
12,4,12_0_4_20170103201824880.jpg,test
13,4,13_1_4_20170104005210478.jpg,test
13,4,13_1_4_20170117200640357.jpg,test
13,4,13_1_4_20170103200733438.jpg,test
13,4,13_1_4_20170104005323135.jpg,test
13,4,13_1_4_20170103200913055.jpg,test
13,4,13_1_4_20170103212548662.jpg,test
13,4,13_0_4_20170103201708406.jpg,test
13,4,13_1_4_20170103201542217.jpg,test
44,4,44_1_4_20170104170219257.jpg,test
44,4,44_0_4_20170117204035832.jpg,test
44,4,44_0_4_20170104001913293.jpg,test
44,4,44_0_4_20170103235250676.jpg,test
44,4,44_1_4_20170116235150272.jpg,test
41,4,41_0_4_20170111181750392.jpg,test
41,4,41_0_4_20170104205137196.jpg,test
41,4,41_0_4_20170104202035282.jpg,test
41,4,41_1_4_20170117203902928.jpg,test
41,4,41_1_4_20170116001848468.jpg,test
41,4,41_0_4_20170117022116049.jpg,test
41,4,41_0_4_20170104205417148.jpg,test
41,4,41_1_4_20170104204946628.jpg,test
41,4,41_0_4_20170104173222571.jpg,test
41,4,41_0_4_20170104185252334.jpg,test
66,4,66_0_4_20170104185439302.jpg,test
66,4,66_1_4_20170117091830720.jpg,test
51,4,51_0_4_20170104210348196.jpg,test
51,4,51_1_4_20170103234622539.jpg,test
51,4,51_0_4_20170104193634471.jpg,test
51,4,51_0_4_20170104211801364.jpg,test
51,4,51_0_4_20170104210502395.jpg,test
51,4,51_1_4_20170117123956403.jpg,test
84,4,84_1_4_20170105001517613.jpg,test
56,4,56_0_4_20170105173517933.jpg,test
56,4,56_0_4_20170117094733987.jpg,test
60,4,60_1_4_20170103230632265.jpg,test
60,4,60_0_4_20170104185434246.jpg,test
9,4,9_0_4_20170110215354740.jpg,test
9,4,9_1_4_20170103213057382.jpg,test
9,4,9_1_4_20170103200814791.jpg,test
9,4,9_0_4_20170110225238472.jpg,test
9,4,9_1_4_20170103200637399.jpg,test
49,4,49_0_4_20170104210601356.jpg,test
49,4,49_1_4_20170104235649484.jpg,test
49,4,49_0_4_20170117190551451.jpg,test
49,4,49_0_4_20170104000903445.jpg,test
49,4,49_0_4_20170104210433927.jpg,test
49,4,49_0_4_20170104205507484.jpg,test
49,4,49_0_4_20170104205251139.jpg,test
58,4,58_0_4_20170104212055205.jpg,test
58,4,58_0_4_20170104213132981.jpg,test
58,4,58_0_4_20170104212345751.jpg,test
58,4,58_0_4_20170117204733657.jpg,test
58,4,58_0_4_20170120224545639.jpg,test
58,4,58_0_4_20170104212755933.jpg,test
58,4,58_0_4_20170104002248350.jpg,test
58,4,58_0_4_20170117204717713.jpg,test
82,4,82_0_4_20170117190644623.jpg,test
69,4,69_1_4_20170110141201824.jpg,test
75,4,75_0_4_20170111205047952.jpg,test
80,4,80_1_4_20170110184132973.jpg,test
57,4,57_0_4_20170105171850037.jpg,test
